S.No,Product Name,Catalog No,CAS Number,Chemical / Systematic Name,Molecular Formula,Molecular Weight,Purity,Stock Status,Sub Category,Main Category,Product Slug,Live Product URL,Image URL,Created Date,Updated Date,MongoDB ID
1,"(2R,4S)-Sacubitril",PV-S001008,761373-05-1,"[R-(R*,S*)]-γ-[(3-Carboxy-1-oxopropyl)amino]-α-methyl-[1,1’-biphenyl]-4-pentanoic Acid α-Ethyl Ester ; (αS,γR)-γ-[(3-Carboxy-1-oxopropyl)amino]-α-methyl-[1,1’-biphenyl]-4-pentanoic Acid 4-Ethyl Ester ; Sacubitril Enantiomer",C24H29NO5,411.5,,In Stock,Sacubitril,API Impurity Standards,2r4s-sacubitril,https://pharmavive.com/products/browse/sacubitril/2r4s-sacubitril,https://res.cloudinary.com/dlkh6unr5/image/upload/v1753712893/products/twowiuoerueun4oylcz1.png,2025-07-28 14:25:21,2025-07-28 14:28:13,6887885163998afe534155a4
2,"(2R,5S)-Emtricitabine Carboxylic Acid",PV-E002006,1238210-10-0,"(2R,5S)-5-(4-Amino-5-fluoro-2-oxo-1(2H)-pyrimidinyl)-1,3-oxathiolane-2-carboxylic Acid",C8H8FN3O4S,261.2,,In Stock,Emtricitabine,API Impurity Standards,2r5s-emtricitabine-carboxylic-acid,https://pharmavive.com/products/browse/emtricitabine/2r5s-emtricitabine-carboxylic-acid,https://res.cloudinary.com/dlkh6unr5/image/upload/v1753367513/products/ztkxksbbeyzhhwcsnj1w.png,2025-07-24 14:29:35,2025-07-24 14:31:54,6882434f63998afe534139c0
3,"(2S,2R’,trans)-Saxagliptin",PV-S002008,N/A,"(1R,3S,5R)-2-[(2R)-2-Amino-2-(3-hydroxytricyclo[3.3.1.13,7]dec-1-yl)acetyl]-2-azabicyclo[3.1.0]hexane-3-carbonitrile hydrochloride",C18H25N3O2 : HCl,315.4 : 36.5,,In Stock,Saxagliptin,API Impurity Standards,2s2rtrans-saxagliptin,https://pharmavive.com/products/browse/saxagliptin/2s2rtrans-saxagliptin,https://res.cloudinary.com/dlkh6unr5/image/upload/v1753713204/products/rdzhzmdwgnih7vwlhqcl.png,2025-07-28 14:30:20,2025-07-28 14:33:25,6887897c63998afe5341565d
4,"(2’R,2R,cis)-Saxagliptin",PV-S002007,N/A,"(1R,3R,5R)-2-[(2R)-2-Amino-2-(3-hydroxytricyclo[3.3.1.13,7]dec-1-yl)acetyl]-2-azabicyclo[3.1.0]hexane-3-carbonitrile hydrochloride",C18H25N3O2 : HCl,315.4 : 36.5,,In Stock,Saxagliptin,API Impurity Standards,2r2rcis-saxagliptin,https://pharmavive.com/products/browse/saxagliptin/2r2rcis-saxagliptin,https://res.cloudinary.com/dlkh6unr5/image/upload/v1753713191/products/shwej4hfqhmojlps5afe.png,2025-07-28 14:30:19,2025-07-28 14:33:12,6887897b63998afe53415659
5,(R)-Citalopram oxalate,PV-C006010,219861-53-7,"(R)-(-)-1-(3-Dimethylaminopropyl)-1-(4-fluoro-phenyl)-1,3-dihydro-isobenzofuran-5-carbonitrile oxalate ;",C20H21FN2O : C2H2O4,324.4 : 90.03,,In Stock,Citalopram,API Impurity Standards,r-citalopram-oxalate,https://pharmavive.com/products/browse/citalopram/r-citalopram-oxalate,https://res.cloudinary.com/dlkh6unr5/image/upload/v1751041422/products/bjrgwdyatzalfaceoso4.png,2025-06-27 16:20:37,2025-06-27 16:23:42,685ec4d53fbc37d9db1d7b6c
6,(R)-Vildagliptin,PV-V005006,1036959-27-9,"(R)-1-(((1r,3S,5R,7S)-3-Hydroxyadamantan-1-yl)glycyl)pyrrolidine-2-carbonitrile",C17H25N3O2,303.4,,In Stock,Vildagliptin,API Impurity Standards,r-vildagliptin,https://pharmavive.com/products/browse/vildagliptin/r-vildagliptin,https://res.cloudinary.com/dlkh6unr5/image/upload/v1753721880/products/zafjlzbsxl8rlmn6xyhv.png,2025-07-28 16:55:33,2025-07-28 16:58:01,6887ab8563998afe53416249
7,(S)-Boc-adamantylglycine,PV-S002010,361441-97-6,"(αS)​-α-​[[(1,​1-​Dimethylethoxy)​carbonyl]​amino]​-​tricyclo[3.3.1.13,​7]​decane-​1-​acetic Acid; (S)-2-((3S,5S,7S)-adamantan-1-yl)-2-((tert-butoxycarbonyl)amino)acetic acid",C17H27NO4,309.4,,In Stock,Saxagliptin,API Impurity Standards,s-boc-adamantylglycine,https://pharmavive.com/products/browse/saxagliptin/s-boc-adamantylglycine,https://res.cloudinary.com/dlkh6unr5/image/upload/v1753713230/products/x27izjsxmafot7aak3oi.png,2025-07-28 14:30:21,2025-07-28 14:33:51,6887897d63998afe53415665
8,(S)-Cetirizine,PV-C004026,130018-76-7,[2-[4-[(S)-(4-Chlorophenyl)(phenyl)methyl]piperazin-1-yl]ethoxy]acetic Acid,C21H25ClN2O3,388.89,,In Stock,Cetirizine,API Impurity Standards,s-cetirizine,https://pharmavive.com/products/browse/cetirizine/s-cetirizine,https://res.cloudinary.com/dlkh6unr5/image/upload/v1751041017/products/klz1jhqkfdaqbuldimaj.png,2025-06-27 15:47:02,2025-06-27 16:16:58,685ebcf63fbc37d9db1d79fd
9,(S)-Ruxolitinib Phosphate,PV-R006007,2703484-89-1,"(S)-3-(4-(7H-pyrrolo[2,3-d]pyrimidin-4-yl)-1H-pyrazol-1-yl)-3-cyclopentylpropanenitrilephosphate",C17H18N6 : H3O4P,306.4 : 98.0,,In Stock,Ruxolitinib,API Impurity Standards,s-ruxolitinib-phosphate,https://pharmavive.com/products/browse/ruxolitinib/s-ruxolitinib-phosphate,https://res.cloudinary.com/dlkh6unr5/image/upload/v1753712678/products/elmuacyt2aav9dkdkn7z.png,2025-07-28 14:22:22,2025-07-28 14:24:38,6887879e63998afe53415538
10,(S)-Sitagliptin N-Boc-Acid Impurity,PV-S006016,922178-94-7,"(S)-3-((tert-butoxycarbonyl)amino)-4-(2,4,5-trifluorophenyl)butanoic acid",C15H18F3NO4,333.3,,In Stock,Sitagliptin,API Impurity Standards,s-sitagliptin-n-boc-acid-impurity,https://pharmavive.com/products/browse/sitagliptin/s-sitagliptin-n-boc-acid-impurity,https://res.cloudinary.com/dlkh6unr5/image/upload/v1753714744/products/pmvdhjzn6ln5spxlikci.png,2025-07-28 14:52:27,2025-07-28 14:59:05,68878eab63998afe534158d8
11,"1,3-Adamantanediol",PV-V005015,5001-18-3,"1,3-Dihydroxyadamantane ; (1s,3s,5s,7s)-adamantane-1,3-diol",C10H16O2,168.2,,In Stock,Vildagliptin,API Impurity Standards,13-adamantanediol,https://pharmavive.com/products/browse/vildagliptin/13-adamantanediol,https://res.cloudinary.com/dlkh6unr5/image/upload/v1753722001/products/r7hsksphrcc9kukke97r.png,2025-07-28 16:55:39,2025-07-28 17:00:01,6887ab8b63998afe5341626d
12,"1,3-Disubstituted Acetyl Uridine",PV-U004002,261618-94-4,"(2R,2'R,3R,3'R,4R,4'R,5R,5'R)-(2,4-dioxopyrimidine-1,3(2H,4H)-diyl)bis(5-(acetoxymethyl)tetrahydrofuran-2,3,4-triyl) tetraacetate",C26H32N2O16,628.5,,In Stock,Uridine,API Impurity Standards,13-disubstituted-acetyl-uridine,https://pharmavive.com/products/browse/uridine/13-disubstituted-acetyl-uridine,https://res.cloudinary.com/dlkh6unr5/image/upload/v1753718437/products/vfgrbtxjxhezoltspetn.png,2025-07-28 15:59:38,2025-07-28 16:00:38,68879e6a63998afe53415f40
13,"1,3-disubstituted Uridine",PV-U004004,7561-36-6,"1,3-di-β-D-ribofuranosyl-1H-pyrimidine-2,4-dione",C14H20N2O10,376.3,,In Stock,Uridine,API Impurity Standards,13-disubstituted-uridine,https://pharmavive.com/products/browse/uridine/13-disubstituted-uridine,https://res.cloudinary.com/dlkh6unr5/image/upload/v1753718463/products/fvrvapwmfqxl0azhcvan.png,2025-07-28 15:59:39,2025-07-28 16:01:03,68879e6b63998afe53415f48
14,1-Adamantylcarboxaldehyde,PV-S002009,2094-74-8,"Tricyclo[3.3.1.13,7]decane-1-carboxaldehyde;  1-Adamantanecarboxaldehyde;  1-Formyladamantane",C11H16O,164.2,,In Stock,Saxagliptin,API Impurity Standards,1-adamantylcarboxaldehyde,https://pharmavive.com/products/browse/saxagliptin/1-adamantylcarboxaldehyde,https://res.cloudinary.com/dlkh6unr5/image/upload/v1753713216/products/p6jicushzo5bst931gpn.png,2025-07-28 14:30:20,2025-07-28 14:33:37,6887897c63998afe53415661
15,"2,2-Bis Nalbuphine",PV-N003001,214542-42-4,"(4R,4'R,5S,5'S,8S,8'S,9R,9'R,17S,17'S)-3,3'-Bis(cyclobutylmethyl)-1,1',2,2',3,3',4,4',5,5',6,6',7,7',8,8',9,9',18,18'-icosahydro-[13,13'-bi(4,12-methanobenzofuro[3,2-e]isoquinoline)]-5,5',8,8',12,12'-hexaol",C42H52N2O8,712.9,,In Stock,Nalbuphine,API Impurity Standards,22-bis-nalbuphine,https://pharmavive.com/products/browse/nalbuphine/22-bis-nalbuphine,https://res.cloudinary.com/dlkh6unr5/image/upload/v1753454751/products/gqigvdahxctejqoknvem.png,2025-07-25 14:45:02,2025-07-25 14:45:52,6883986e63998afe53414b79
16,"2,3-Difluoro Ticagrelor",PV-T004008,1643378-48-6,"(1S,2S,3R,5S)-3-(7-(((1R,2S)-2-(2,3-difluorophenyl)cyclopropyl)amino)-5-(propylthio)-3H-[1,2,3]triazolo[4,5-d]pyrimidin-3-yl)-5-(2-hydroxyethoxy)cyclopentane-1,2-diol",C23H28F2N6O4S,522.6,,In Stock,Ticagrelor,API Impurity Standards,23-difluoro-ticagrelor,https://pharmavive.com/products/browse/ticagrelor/23-difluoro-ticagrelor,https://res.cloudinary.com/dlkh6unr5/image/upload/v1753716264/products/xn54b1f84qn56ngt9twp.png,2025-07-28 15:22:12,2025-07-28 15:24:25,688795a463998afe53415c29
17,"2-(2,5-difluorophenyl)acetic acid",PV-S006018,85068-27-5,"2-(2,5-difluorophenyl)acetic acid",C8H6F2O2,172.1,,In Stock,Sitagliptin,API Impurity Standards,2-25-difluorophenylacetic-acid,https://pharmavive.com/products/browse/sitagliptin/2-25-difluorophenylacetic-acid,https://res.cloudinary.com/dlkh6unr5/image/upload/v1753714783/products/mmvfnf003q5wtwumcbcd.png,2025-07-28 14:52:28,2025-07-28 14:59:44,68878eac63998afe534158e0
18,2-Butyl 6-Methoxynaphthalene,PV-N001007,701270-26-0,6-Methoxy-2-butyl-naphthalene,C15H18O,214.3,,In Stock,Nabumetone,API Impurity Standards,2-butyl-6-methoxynaphthalene,https://pharmavive.com/products/browse/nabumetone/2-butyl-6-methoxynaphthalene,https://res.cloudinary.com/dlkh6unr5/image/upload/v1753454424/products/hm0odlx32neru6mdh9gr.png,2025-07-25 14:38:04,2025-07-25 14:40:25,688396cc63998afe53414aa9
19,2-Chloro Zafirlukast,PV-Z001004,N/A,(2-Chloro-3-(2-methoxy-4-((o-tolylsulfonyl)carbamoyl)benzyl)-1-methyl-1H-indol-5-yl)carbamic acid cyclopentyl ester,C31H32ClN3O6S,610.1,,In Stock,Zafirlukast,API Impurity Standards,2-chloro-zafirlukast,https://pharmavive.com/products/browse/zafirlukast/2-chloro-zafirlukast,https://res.cloudinary.com/dlkh6unr5/image/upload/v1753722789/products/jhf6ifhtcbxxvxnsg5ie.png,2025-07-28 17:11:27,2025-07-28 17:13:10,6887af3f63998afe534164da
20,2-epi-Emtricitabine,PV-E002005,145416-34-8,"4-Amino-5-fluoro-1-[(2S,5S)-2-hydroxymethyl)-1,3-oxathiolan-5-yl]-2-(1H-pyrimidinone;  (2S-trans)-4-Amino-5-fluoro-1-[2-(hydroxymethyl)-1,3-oxathiolan-5-yl]-2(1H)-pyrimidinone",C8H10FN3O3S,247.3,,In Stock,Emtricitabine,API Impurity Standards,2-epi-emtricitabine,https://pharmavive.com/products/browse/emtricitabine/2-epi-emtricitabine,https://res.cloudinary.com/dlkh6unr5/image/upload/v1753367502/products/cdbrucrohiakcz9ded9q.png,2025-07-24 14:29:34,2025-07-24 14:31:42,6882434e63998afe534139bc
21,3-(4-chlorophenyl)propyl methanesulfonate (PTL2 GTI impurity),PV-P004005,61440-60-6,3-(4-chlorophenyl)propyl methanesulfonate,C10H13ClO3S,248.73,,In Stock,Pitolisant,API Impurity Standards,3-4-chlorophenylpropyl-methanesulfonate-ptl2-gti-impurity,https://pharmavive.com/products/browse/pitolisant/3-4-chlorophenylpropyl-methanesulfonate-ptl2-gti-impurity,https://res.cloudinary.com/dlkh6unr5/image/upload/v1753457724/products/awljol9hjtguzueod57r.png,2025-07-25 15:33:31,2025-07-25 15:35:25,6883a3cb63998afe53414ff4
22,3-Deoxy Saxagliptin,PV-S002005,361441-98-7,"(1S,3S,5S)-2-[(2S)-2-Amino-2-tricyclo[3.3.1.13,7]dec-1-ylacetyl]-2-azabicyclo[3.1.0]hexane-3-carbonitrilel; (1S,3S,5S)-2-((S)-2-((3S,5S,7S)-adamantan-1-yl)-2-aminoacetyl)-2-azabicyclo[3.1.0]hexane-3-carbonitrile",C18H25N3O,299.4,,In Stock,Saxagliptin,API Impurity Standards,3-deoxy-saxagliptin,https://pharmavive.com/products/browse/saxagliptin/3-deoxy-saxagliptin,https://res.cloudinary.com/dlkh6unr5/image/upload/v1753713166/products/rqzcgijdasfgz1nh1cx1.png,2025-07-28 14:30:18,2025-07-28 14:32:46,6887897a63998afe53415651
23,3-Hydroxy Abacavir Impurity,PV-A001008,NA,"(1R,2R,4S)-2-(2-Amino-6-(cyclopropylamino)-9H-purin-9-yl)-4-(hydroxymethyl)cyclopentanol",C14H20N6O2,304.35,,In Stock,Abacavir,API Impurity Standards,3-hydroxy-abacavir-impurity,https://pharmavive.com/products/browse/abacavir/3-hydroxy-abacavir-impurity,https://res.cloudinary.com/dlkh6unr5/image/upload/v1750859495/products/ykrdj7n4j5ablkjgtsgv.png,2025-06-25 09:25:47,2025-09-09 08:03:59,685bc09b1a35a401d608c482
24,3-Substituted Acetyl Uridine,PV-U004001,29031-50-3,"3-(tri-O-acetyl-β-D-ribofuranosyl)-1H-pyrimidine-2,4-dione",C15H18N2O9,370.3,,In Stock,Uridine,API Impurity Standards,3-substituted-acetyl-uridine,https://pharmavive.com/products/browse/uridine/3-substituted-acetyl-uridine,https://res.cloudinary.com/dlkh6unr5/image/upload/v1753718424/products/jxylfgccl7s0bqqdz8qs.png,2025-07-28 15:59:37,2025-07-28 16:00:24,68879e6963998afe53415f3c
25,4'-O-Demethyl Pantoprazole Sulfide,PV-P002012,141854-21-9,2-(((5-(difluoromethoxy)-1H-benzo[d]imidazol-2-yl)thio)methyl)-3-methoxypyridin-4-ol,C15H13F2N3O3S,353.35,,In Stock,Pantoprazole,API Impurity Standards,4-o-demethyl-pantoprazole-sulfide,https://pharmavive.com/products/browse/pantoprazole/4-o-demethyl-pantoprazole-sulfide,https://res.cloudinary.com/dlkh6unr5/image/upload/v1753457445/products/gesajoq1ifmjn3erldby.png,2025-07-25 15:25:49,2025-07-25 15:30:46,6883a1fd63998afe53414f09
26,4-Chlorobenzhydrol,PV-C004013,119-56-2,4-Chlorobenzhydrol ;,C13H11ClO,218.68,,In Stock,Cetirizine,API Impurity Standards,4-chlorobenzhydrol,https://pharmavive.com/products/browse/cetirizine/4-chlorobenzhydrol,https://res.cloudinary.com/dlkh6unr5/image/upload/v1751040785/products/n17xgqsuxlemfxta5ghd.png,2025-06-27 15:46:54,2025-06-27 16:13:06,685ebcee3fbc37d9db1d79c9
27,4-Chlorobenzophenone,PV-C004014,134-85-0,(4-Chlorophenyl)phenylmethanone ;,C13H9ClO,216.66,,In Stock,Cetirizine,API Impurity Standards,4-chlorobenzophenone,https://pharmavive.com/products/browse/cetirizine/4-chlorobenzophenone,https://res.cloudinary.com/dlkh6unr5/image/upload/v1751040805/products/dcyhlumo2d5s4k2cnufn.png,2025-06-27 15:46:54,2025-06-27 16:13:26,685ebcee3fbc37d9db1d79cd
28,4-Defluoro Dolutegravir,PV-D004003,1863916-87-3,"(4R,12aS)-N-(2-Fluorobenzyl)-7-hydroxy-4-methyl-6,8-dioxo-3,4,6,8,12,12a-hexahydro-2H-pyrido[1’,2’:4,5]pyrazino[2,1-b][1,3]oxazine-9-carboxamide",C20H20FN3O5,401.39,,In Stock,Dolutegravir,API Impurity Standards,4-defluoro-dolutegravir,https://pharmavive.com/products/browse/dolutegravir/4-defluoro-dolutegravir,https://res.cloudinary.com/dlkh6unr5/image/upload/v1753365377/products/u6yhxke0wz48wwam0a9c.png,2025-07-24 13:54:38,2025-07-24 13:56:17,68823b1e63998afe53413873
29,4-epi-Dolutegravir,PV-D004005,1357289-37-2,"(4S,12aS)-N-(2,4-difluorobenzyl)-7-hydroxy-4-methyl-6,8-dioxo-3,4,6,8,12,12a-hexahydro-2H-pyrido[1',2':4,5]pyrazino[2,1-b][1,3]oxazine-9-carboxamide",C20H19F2N3O5,419.4,,In Stock,Dolutegravir,API Impurity Standards,4-epi-dolutegravir,https://pharmavive.com/products/browse/dolutegravir/4-epi-dolutegravir,https://res.cloudinary.com/dlkh6unr5/image/upload/v1753365418/products/z8k7xyyda3zxapp4lteo.png,2025-07-24 13:54:40,2025-07-24 13:56:58,68823b2063998afe5341387b
30,4-methyl-Valeraldehyde,PV-P006001,1119-16-0,4-Methylpentanal,C6H12O,100.2,,In Stock,Pregabalin,API Impurity Standards,4-methyl-valeraldehyde,https://pharmavive.com/products/browse/pregabalin/4-methyl-valeraldehyde,https://res.cloudinary.com/dlkh6unr5/image/upload/v1753458197/products/xek7olp1dby9fh0fj3z9.png,2025-07-25 15:41:37,2025-07-25 15:43:18,6883a5b163998afe534150f6
31,5-Bromo Empagliflozin Impurity,PV-E003009,915095-89-5,(S)-3-(4-(5-Bromo-2-chlorobenzyl)phenoxy)tetrahydrofuran,C17H16BrClO2,367.66,,In Stock,Empagliflozin,API Impurity Standards,5-bromo-empagliflozin-impurity,https://pharmavive.com/products/browse/empagliflozin/5-bromo-empagliflozin-impurity,https://res.cloudinary.com/dlkh6unr5/image/upload/v1753367790/products/mm7iupue2y0hwiatfpee.png,2025-07-24 14:33:12,2025-07-24 14:36:30,6882442863998afe53413a59
32,5-Bromo Keto THF Impurity,PV-E003004,915095-84-0,(S)-(5-bromo-2-chlorophenyl)(4-((tetrahydrofuran-3-yl)oxy)phenyl)methanone,C17H14BrClO3,381.7,,In Stock,Empagliflozin,API Impurity Standards,5-bromo-keto-thf-impurity,https://pharmavive.com/products/browse/empagliflozin/5-bromo-keto-thf-impurity,https://res.cloudinary.com/dlkh6unr5/image/upload/v1753367701/products/buk8w48fmxyu7bkjxdho.png,2025-07-24 14:33:08,2025-07-24 14:35:02,6882442463998afe53413a45
33,5-Hydroxymethyl furfural,PV-A007001,67-47-0,5-(hydroxymethyl)furan-2-carbaldehyde,C6H6O3,126.1,,In Stock,Atazanavir,API Impurity Standards,5-hydroxymethyl-furfural,https://pharmavive.com/products/browse/atazanavir/5-hydroxymethyl-furfural,https://res.cloudinary.com/dlkh6unr5/image/upload/v1750866180/products/htlcyvdlwrbx23ppfmba.png,2025-06-25 14:58:44,2025-06-25 15:43:00,685c0ea4dcb914594fdd1287
34,5-epi-Emtricitabine,PV-E002009,145986-26-1,"4-amino-5-fluoro-1-((2R,5R)-2-(hydroxymethyl)-1,3-oxathiolan-5-yl)pyrimidin-2(1H)-one",C8H10FN3O3S,247.3,,In Stock,Emtricitabine,API Impurity Standards,5-epi-emtricitabine,https://pharmavive.com/products/browse/emtricitabine/5-epi-emtricitabine,https://res.cloudinary.com/dlkh6unr5/image/upload/v1753367554/products/bgksts2ue9vdhncz2sob.png,2025-07-24 14:29:37,2025-07-24 14:32:35,6882435163998afe534139cc
35,6-Keto Nalbuphine HCl,PV-N003004,16676-34-9,"(4R,4aS,7aR,12bS)-3-(cyclobutylmethyl)-4a,9-dihydroxy-2,3,4,4a,5,6-hexahydro-1H-4,12-methanobenzofuro[3,2-e]isoquinolin-7(7aH)-one hydrochloride",C21H25NO4 : HCl,355.4 : 36.5,,In Stock,Nalbuphine,API Impurity Standards,6-keto-nalbuphine-hcl,https://pharmavive.com/products/browse/nalbuphine/6-keto-nalbuphine-hcl,https://res.cloudinary.com/dlkh6unr5/image/upload/v1753454788/products/b8jliricv31oyasv4g2j.png,2025-07-25 14:45:04,2025-07-25 14:46:28,6883987063998afe53414b85
36,6α-Noroxymorphol,PV-N003005,58477-92-2,"(4R,4aS,7S,7aR,12bS)-1,2,3,4,5,6,7,7a-octahydro-4aH-4,12-methanobenzofuro[3,2-e]isoquinoline-4a,7,9-triol",C16H19NO4,289.3,,In Stock,Nalbuphine,API Impurity Standards,6a-noroxymorphol,https://pharmavive.com/products/browse/nalbuphine/6a-noroxymorphol,https://res.cloudinary.com/dlkh6unr5/image/upload/v1753454800/products/wpk5dhbxjy3qdhdwf0bv.png,2025-07-25 14:45:05,2025-07-25 14:46:40,6883987163998afe53414b89
37,6α-Oxymorphol,PV-N003003,2183-56-4,"(4R,4aS,7S,7aR,12bS)-3-methyl-1,2,3,4,5,6,7,7a-octahydro-4aH-4,12-methanobenzofuro[3,2-e]isoquinoline-4a,7,9-triol",C17H21NO4,303.4,,In Stock,Nalbuphine,API Impurity Standards,6a-oxymorphol,https://pharmavive.com/products/browse/nalbuphine/6a-oxymorphol,https://res.cloudinary.com/dlkh6unr5/image/upload/v1753454776/products/csvxfaotkrxdyjmqgj6e.png,2025-07-25 14:45:04,2025-07-25 14:46:16,6883987063998afe53414b81
38,6β-Nalbuphine,PV-N003002,85284-04-4,"(4R,4aS,7R,7aR,12bS)-3-(cyclobutylmethyl)-1,2,3,4,5,6,7,7a-octahydro-4aH-4,12-methanobenzofuro[3,2-e]isoquinoline-4a,7,9-triol",C21H27NO4,357.5,,In Stock,Nalbuphine,API Impurity Standards,6b-nalbuphine,https://pharmavive.com/products/browse/nalbuphine/6b-nalbuphine,https://res.cloudinary.com/dlkh6unr5/image/upload/v1753454762/products/zmdlkglhcsrshm8p67hi.png,2025-07-25 14:45:03,2025-07-25 14:46:02,6883986f63998afe53414b7d
39,7-Epi Lincomycin Hydrochloride,PV-L007001,26389-84-4,"(2S,4R)-N-((1R,2S)-2-hydroxy-1-((2R,3R,4S,5R,6R)-3,4,5-trihydroxy-6-(methylthio)tetrahydro-2H-pyran-2-yl)propyl)-1-methyl-4-propylpyrrolidine-2-carboxamide hydrochloride",C18H34N2O6S : HCl,406.5 : 36.5,,In Stock,Lincomycin Hydrochloride,API Impurity Standards,7-epi-lincomycin-hydrochloride,https://pharmavive.com/products/browse/lincomycin-hydrochloride/7-epi-lincomycin-hydrochloride,https://res.cloudinary.com/dlkh6unr5/image/upload/v1753452335/products/eovuj7nuxqbx5l3ceoze.png,2025-07-25 14:04:14,2025-07-25 14:05:36,68838ede63998afe534145f4
40,Abacavir,PV-A001000,136470-78-5,"(1S,4R)-4-[2-Amino-6-(cyclopropylamino)-9H-purin-9-yl]-2-cyclopentene-1-methanol",C14H18N6O,286.3,,In Stock,Abacavir,API Impurity Standards,abacavir,https://pharmavive.com/products/browse/abacavir/abacavir,https://res.cloudinary.com/dlkh6unr5/image/upload/v1750859128/products/tomehy6fdxzu4acynozk.png,2025-06-25 09:25:42,2025-08-13 08:05:40,685bc0961a35a401d608c462
41,Abacavir EP Impurity F,PV-A001006,1443421-68-8,"9-((1R,4S)-4-(Tert-butoxymethyl)cyclopent-2-en-1-yl)-N6-cyclopropyl-9H-purine-2,6-diamine",C18H26N6O,342.4,,In Stock,Abacavir,API Impurity Standards,abacavir-ep-impurity-f,https://pharmavive.com/products/browse/abacavir/abacavir-ep-impurity-f,https://res.cloudinary.com/dlkh6unr5/image/upload/v1750859418/products/qpt2tjtyfdmpeiz2p2ev.png,2025-06-25 09:25:46,2025-06-25 13:50:18,685bc09a1a35a401d608c47a
42,Abacavir Enantiomer,PV-A001007,783292-37-6,"(1R,4R)-4-[2-Amino-6-(cyclopropyl amino)-9H-purin-9-yl]-2-cyclopentene-1-methanol",C14H18N6O,286.3,,In Stock,Abacavir,API Impurity Standards,abacavir-enantiomer,https://pharmavive.com/products/browse/abacavir/abacavir-enantiomer,https://res.cloudinary.com/dlkh6unr5/image/upload/v1750859465/products/qg4iza9lv4kpgofgbahs.png,2025-06-25 09:25:46,2025-06-25 13:51:06,685bc09a1a35a401d608c47e
43,Abacavir Related Compound B,PV-A001004,141271-12-7,"((1S,4R)-4-((2,5-diamino-6-chloropyrimidin-4-yl)amino)cyclopent-2-en-1-yl)methanol",C10H14ClN5O,255.7,,In Stock,Abacavir,API Impurity Standards,abacavir-related-compound-b,https://pharmavive.com/products/browse/abacavir/abacavir-related-compound-b,https://res.cloudinary.com/dlkh6unr5/image/upload/v1750859265/products/bpabodpxrgu3j5oxunxs.png,2025-06-25 09:25:44,2025-06-25 13:47:45,685bc0981a35a401d608c472
44,Abacavir Sulfate,PV-A001001,188062-50-2,"Bis[[(1S,4R)-4-[2-amino-6-(cyclopropylamino)-9H-purin-9-yl]cyclopent-2-enyl]methanol] sulfate (as per EP); (1S,4R)-4-[2-Amino-6-(cyclopropylamino)-9H-purin-9-yl]-2-cyclopentene-1-methanol sulfate (as per USP)",C14H18N6O : 1/2(H2SO4),286.3 : 1/2(98.1),,In Stock,Abacavir,API Impurity Standards,abacavir-sulfate,https://pharmavive.com/products/browse/abacavir/abacavir-sulfate,https://res.cloudinary.com/dlkh6unr5/image/upload/v1750859157/products/zflyk0l97q6emaxd34z6.png,2025-06-25 09:25:42,2025-08-13 08:17:58,685bc0961a35a401d608c466
45,Abacavir USP Related Compound C (HCl salt),PV-A001005,172015-79-1,"((1S,4R)-4-(2-Amino-6-chloro-9H-purin-9-yl)cyclopent-2-en-1-yl)methanol hydrochloride",C11H12ClN5O : HCl,265.7 : 36.5,,In Stock,Abacavir,API Impurity Standards,abacavir-usp-related-compound-c-hcl-salt,https://pharmavive.com/products/browse/abacavir/abacavir-usp-related-compound-c-hcl-salt,https://res.cloudinary.com/dlkh6unr5/image/upload/v1750859398/products/tk1q0qlnn7kjtvysclfj.png,2025-06-25 09:25:45,2025-06-25 13:49:58,685bc0991a35a401d608c476
46,Abacavir EP Impurity A,PV-A001002,136470-79-6,"((1R,4S)-4-(2-Amino-6-(cyclopropylamino)-9H-purin-9-yl)cyclopent-2-en-1-yl)methanol(1R,4S)-Abacavir ; ent-Abacavir",C14H18N6O,286.3,,In Stock,Abacavir,API Impurity Standards,abacavir-ep-impurity-a,https://pharmavive.com/products/browse/abacavir/abacavir-ep-impurity-a,https://res.cloudinary.com/dlkh6unr5/image/upload/v1750859310/products/zrorc7m8w3qqvggmpa02.png,2025-06-25 09:25:43,2025-06-25 13:48:31,685bc0971a35a401d608c46a
47,Abacavir EP Impurity C,PV-A001003,124752-25-6,"((1S,4R)-4-(2,6-Diamino-9H-purin-9-yl)cyclopent-2-en-1-yl)methanol",C11H14N6O,246.2,,In Stock,Abacavir,API Impurity Standards,abacavir-ep-impurity-c,https://pharmavive.com/products/browse/abacavir/abacavir-ep-impurity-c,https://res.cloudinary.com/dlkh6unr5/image/upload/v1750859369/products/chjloxwup4piu1yubonv.png,2025-06-25 09:25:44,2025-06-25 13:49:30,685bc0981a35a401d608c46e
48,Abiraterone,PV-A003000,154229-19-3,"17-(Pyridin-3-yl)androsta-5,16-dien-3β-ol (as per USP)",C24H31NO,349.5,,In Stock,Abiraterone Acetate,API Impurity Standards,abiraterone,https://pharmavive.com/products/browse/abiraterone-acetate/abiraterone,https://res.cloudinary.com/dlkh6unr5/image/upload/v1750863964/products/vtobwks2g2r0gzuistzo.png,2025-06-25 14:17:21,2025-06-25 15:06:05,685c04f1dcb914594fdd0f36
49,Abiraterone Acetate,PV-A003001,154229-18-2,"17-(Pyridin-3-yl)androsta-5,16-dien-3β-yl acetate (as per USP)",C26H33NO2,391.6,,In Stock,Abiraterone Acetate,API Impurity Standards,abiraterone-acetate,https://pharmavive.com/products/browse/abiraterone-acetate/abiraterone-acetate,https://res.cloudinary.com/dlkh6unr5/image/upload/v1750864307/products/fahjfictsvwqonptgsml.png,2025-06-25 14:17:21,2025-06-25 15:11:47,685c04f1dcb914594fdd0f3a
50,Abiraterone Acetate N-Oxide,PV-A003003,2517964-85-9,"3-((3S,8R,9S,10R,13S,14S)-3-acetoxy-10,13-dimethyl-2,3,4,7,8,9,10,11,12,13,14,15-dodecahydro-1H-cyclopenta[a]phenanthren-17-yl)pyridine 1-oxide",C26H33NO3,407.6,,In Stock,Abiraterone Acetate,API Impurity Standards,abiraterone-acetate-n-oxide,https://pharmavive.com/products/browse/abiraterone-acetate/abiraterone-acetate-n-oxide,https://res.cloudinary.com/dlkh6unr5/image/upload/v1750864367/products/ma9vb1iqlrognx2i0yua.png,2025-06-25 14:17:23,2025-06-25 15:12:48,685c04f3dcb914594fdd0f42
51,Abiraterone Ethyl Ether,PV-A003002,2484719-14-2,"3β-Ethoxy-17-(pyridin-3-yl)androsta-5,16-diene (as per USP)",C26H35NO,377.5,,In Stock,Abiraterone Acetate,API Impurity Standards,abiraterone-ethyl-ether,https://pharmavive.com/products/browse/abiraterone-acetate/abiraterone-ethyl-ether,https://res.cloudinary.com/dlkh6unr5/image/upload/v1750864343/products/olumfbfljwt7a4x6sufr.png,2025-06-25 14:17:22,2025-06-25 15:12:24,685c04f2dcb914594fdd0f3e
52,Abiraterone Methyl Ether,PV-A003004,1470276-23-3,"3-((3S,8R,9S,10R,13S,14S)-3-methoxy-10,13-dimethyl-2,3,4,7,8,9,10,11,12,13,14,15-dodecahydro-1H-cyclopenta[a]phenanthren-17-yl)pyridine",C25H33NO,363.5,,In Stock,Abiraterone Acetate,API Impurity Standards,abiraterone-methyl-ether,https://pharmavive.com/products/browse/abiraterone-acetate/abiraterone-methyl-ether,https://res.cloudinary.com/dlkh6unr5/image/upload/v1750864392/products/daxukxf5ufv3adg2ebul.png,2025-06-25 14:17:23,2025-06-25 15:13:13,685c04f3dcb914594fdd0f46
53,Acetazolamide,PV-A002000,59-66-5,"N-(5-sulfamoyl-1,3,4-thiadiazol-2-yl)acetamide",C4H6N4O3S2,222.2,,In Stock,Acetazolamide,API Impurity Standards,acetazolamide,https://pharmavive.com/products/browse/acetazolamide/acetazolamide,https://res.cloudinary.com/dlkh6unr5/image/upload/v1750863729/products/hitg3yxvhxkqactifhmi.png,2025-06-25 14:13:32,2025-06-25 18:32:29,685c040cdcb914594fdd0eef
54,Acetazolamide EP Impurity A,PV-A002001,60320-32-3,"N-(5-Chloro-1,3,4-thiadiazol-2-yl)acetamide (as per EP & USP)",C4H4ClN3OS,177.7,,In Stock,Acetazolamide,API Impurity Standards,acetazolamide-ep-impurity-a,https://pharmavive.com/products/browse/acetazolamide/acetazolamide-ep-impurity-a,https://res.cloudinary.com/dlkh6unr5/image/upload/v1750863798/products/a6juz6umu4p9joqjk4du.png,2025-06-25 14:13:33,2025-06-25 18:32:17,685c040ddcb914594fdd0ef3
55,Acetazolamide EP Impurity B,PV-A002002,5393-55-5,"N-(1,3,4-Thiadiazol-2-yl)acetamide (as per EP & USP)",C4H5N3OS,143.1,,In Stock,Acetazolamide,API Impurity Standards,acetazolamide-ep-impurity-b,https://pharmavive.com/products/browse/acetazolamide/acetazolamide-ep-impurity-b,https://res.cloudinary.com/dlkh6unr5/image/upload/v1750863822/products/snlb5dnsqnhslzmvm4mi.png,2025-06-25 14:13:34,2025-06-25 18:32:03,685c040edcb914594fdd0ef7
56,Acetazolamide EP Impurity F,PV-A002003,80495-47-2,"N-[5-[(5-Acetamido-1,3,4-thiadiazol-2-yl)sulfonyl]sulfamoyl-1,3,4-thiadiazol-2-yl]acetamide (as per EP) N,N′-{5,5′-[(Hydrosulfonylamino)sulfonyl]bis(1,3,4-thiadiazole-5,2-diyl)}diacetamide (as per USP)",C8H9N7O6S4,427.4,,In Stock,Acetazolamide,API Impurity Standards,acetazolamide-ep-impurity-f,https://pharmavive.com/products/browse/acetazolamide/acetazolamide-ep-impurity-f,https://res.cloudinary.com/dlkh6unr5/image/upload/v1750863845/products/pecmgeauilkjouo1txyd.png,2025-06-25 14:13:34,2025-06-25 18:31:50,685c040edcb914594fdd0efb
57,Amoxicillin,PV-A006000,26787-78-0,"(2S,5R,6R)-6-[[(2R)-2-Amino-2-(4-hydroxyphenyl)acetyl]amino]-3,3-dimethyl-7-oxo-4-thia-1-azabicyclo[3.2.0]heptane-2-carboxylic acid  (as per EP):  (2S,5R,6R)-6-[(R)-(–)-2-Amino-2-(p-hydroxyphenyl)acetamido]-3,3-dimethyl-7-oxo-4-thia-1-azabicyclo[3.2.0]heptane-2-carboxylic acid (As per USP) ;",C16H19N3O5S,365.4,,In Stock,Amoxicillin,API Impurity Standards,amoxicillin,https://pharmavive.com/products/browse/amoxicillin/amoxicillin,https://res.cloudinary.com/dlkh6unr5/image/upload/v1750865913/products/jo5lvincsmx0m3sces7m.png,2025-06-25 14:56:58,2025-06-25 15:38:34,685c0e3adcb914594fdd125b
58,Amoxicillin EP Impurity A,PV-A006002,551-16-6,"(2S,5R,6R)-6-Amino-3,3-dimethyl-7-oxo-4-thia-1-azabicyclo[3.2.0]heptane-2-carboxylic acid (as per EP and USP)",C8H12N2O3S,216.3,,In Stock,Amoxicillin,API Impurity Standards,amoxicillin-ep-impurity-a,https://pharmavive.com/products/browse/amoxicillin/amoxicillin-ep-impurity-a,https://res.cloudinary.com/dlkh6unr5/image/upload/v1750866014/products/lbcigyxigmi1shbd8has.png,2025-06-25 14:56:59,2025-06-25 15:40:15,685c0e3bdcb914594fdd1263
59,Amoxicillin Trihydrate,PV-A006001,61336-70-7,"(2S,5R,6R)-6-[[(2R)-2-Amino-2-(4-hydroxyphenyl)acetyl]amino]-3,3-dimethyl-7-oxo-4-thia-1-azabicyclo[3.2.0]heptane-2-carboxylic acid trihydrate ( as per EP) ; (2S,5R,6R)-6-[(R)-(–)-2-Amino-2-(p-hydroxyphenyl)acetamido]-3,3-dimethyl-7-oxo-4-thia-1-azabicyclo[3.2.0]heptane-2-carboxylic acid trihydrate (As per USP) ;",C16H19N3O5S : 3H2O,365.4 : 3(18.0),,In Stock,Amoxicillin,API Impurity Standards,amoxicillin-trihydrate,https://pharmavive.com/products/browse/amoxicillin/amoxicillin-trihydrate,https://res.cloudinary.com/dlkh6unr5/image/upload/v1750865960/products/tch2llkv9bqrzccpmhls.png,2025-06-25 14:56:58,2025-06-25 15:39:20,685c0e3adcb914594fdd125f
60,Amoxicillin Trimer Impurity,PV-A006003,174391-69-6,"(2R,2'R,4S,4'S)-2,2'-((1R,4S,7R,10R)-1-amino-14-(((2S,5R,6R)-2-carboxy-3,3-dimethyl-7-oxo-4-thia-1-azabicyclo[3.2.0]heptan-6-yl)amino)-1,7,13-tris(4-hydroxyphenyl)-2,5,8,11,14-pentaoxo-3,6,9,12-tetraazatetradecane-4,10-diyl)bis(5,5-dimethylthiazolidine-4-carboxylic acid)",C48H57N9O15S3,1096.2,,In Stock,Amoxicillin,API Impurity Standards,amoxicillin-trimer-impurity,https://pharmavive.com/products/browse/amoxicillin/amoxicillin-trimer-impurity,https://res.cloudinary.com/dlkh6unr5/image/upload/v1750866030/products/smigxua3huheo85hhr3x.png,2025-06-25 14:57:00,2025-06-25 15:40:30,685c0e3cdcb914594fdd1267
61,Apixaban,PV-A004000,503612-47-3,"1-(4-methoxyphenyl)-7-oxo-6-(4-(2-oxopiperidin-1-yl)phenyl)-4,5,6,7-tetrahydro-1H-pyrazolo[3,4-c]pyridine-3-carboxamide",C25H25N5O4,459.51,,In Stock,Apixaban,API Impurity Standards,apixaban,https://pharmavive.com/products/browse/apixaban/apixaban,https://res.cloudinary.com/dlkh6unr5/image/upload/v1750864986/products/wehkph4y1jpyclpie3c0.png,2025-06-25 14:44:58,2025-06-25 15:23:07,685c0b6adcb914594fdd1096
62,Apixaban Impurity 33,PV-A004003,1686149-78-9,"1-(4-(5-methyl-2-oxopiperidin-1-yl)phenyl)-3-morpholino-5,6-dihydropyridin-2(1H)-one",C21H27N3O3,369.47,,In Stock,Apixaban,API Impurity Standards,apixaban-impurity-33,https://pharmavive.com/products/browse/apixaban/apixaban-impurity-33,https://res.cloudinary.com/dlkh6unr5/image/upload/v1750864896/products/mphfq39vw1ypsjyrharu.png,2025-06-25 14:45:00,2025-06-25 15:21:37,685c0b6cdcb914594fdd10a2
63,Apixaban Impurity 49,PV-A004004,N/A,"(1-(4-methoxyphenyl)-7a-morpholino-7-oxo-6-(4-(2-oxopiperidin-1-yl)phenyl)-3a,4,5,6,7,7a-hexahydro-1H-pyrazolo[3,4-c]pyridine-3-carboxamide)",C29H34N6O5,546.6,,In Stock,Apixaban,API Impurity Standards,apixaban-impurity-49,https://pharmavive.com/products/browse/apixaban/apixaban-impurity-49,https://res.cloudinary.com/dlkh6unr5/image/upload/v1750864942/products/xpuakje3asemonkxsawf.png,2025-06-25 14:45:00,2025-06-25 15:22:22,685c0b6cdcb914594fdd10a6
64,Apixaban Impurity A,PV-A004002,503614-92-4,"1-(4-methoxyphenyl)-7-oxo-6-(4-(2-oxopiperidin-1-yl)phenyl)-4,5,6,7-tetrahydro-1H-pyrazolo[3,4-c]pyridine-3-carboxylic acid",C25H24N4O5,460.49,,In Stock,Apixaban,API Impurity Standards,apixaban-impurity-a,https://pharmavive.com/products/browse/apixaban/apixaban-impurity-a,https://res.cloudinary.com/dlkh6unr5/image/upload/v1750864838/products/ssucrdav2h6v5nh7ebaf.png,2025-06-25 14:44:59,2025-06-25 15:20:39,685c0b6bdcb914594fdd109e
65,Apixaban Related Compound 3,PV-A004001,2098457-92-0,"1-(4-methoxyphenyl)-6-(4-(2-methyl-6-oxopiperidin-1-yl)phenyl)-7-oxo-4,5,6,7-tetrahydro-1H-pyrazolo[3,4-c]pyridine-3-carboxamide",C6H10Cl2O,169.05,,In Stock,Apixaban,API Impurity Standards,apixaban-related-compound-3,https://pharmavive.com/products/browse/apixaban/apixaban-related-compound-3,https://res.cloudinary.com/dlkh6unr5/image/upload/v1750864783/products/xzxpyt5gc2fsl8km7a0x.png,2025-06-25 14:44:58,2025-06-25 15:19:43,685c0b6adcb914594fdd109a
66,Atazanavir,PV-A007000,198904-31-3,"Methyl [(5S,10S,11S,14S)-11-benzyl-5-tert-butyl-10-hydroxy-15,15-dimethyl-3,6,13-trioxo-8-[[4-(pyridin-2-yl)phenyl]methyl]-2-oxa-4,7,8,12-tetraazahexadecan-14-yl]carbamate (as per EP)",C38H52N6O7,704.9,,In Stock,Atazanavir,API Impurity Standards,atazanavir,https://pharmavive.com/products/browse/atazanavir/atazanavir,https://res.cloudinary.com/dlkh6unr5/image/upload/v1750866164/products/jgbdqz1pmxqgb2v5u7uc.png,2025-06-25 14:58:44,2025-06-25 15:42:45,685c0ea4dcb914594fdd1283
67,Atazanavir Impurity 30,PV-A007002,1191091-65-2,"(R)-2-((Methoxycarbonyl)amino)-3,3-dimethylbutanoic Acid",C8H15NO4,189.21,,In Stock,Atazanavir,API Impurity Standards,atazanavir-impurity-30,https://pharmavive.com/products/browse/atazanavir/atazanavir-impurity-30,https://res.cloudinary.com/dlkh6unr5/image/upload/v1750866196/products/yalkkbjlwcvkvh9ob6yg.png,2025-06-25 14:58:45,2025-06-25 15:43:16,685c0ea5dcb914594fdd128b
68,Atazanavir Impurity 37,PV-A007003,869285-68-7,"1H-Benzo[d][1,2,3]triazol-1-yl (S)-2-((methoxycarbonyl)amino)-3,3-dimethylbutanoate",C14H18N4O4,306.3,,In Stock,Atazanavir,API Impurity Standards,atazanavir-impurity-37,https://pharmavive.com/products/browse/atazanavir/atazanavir-impurity-37,https://res.cloudinary.com/dlkh6unr5/image/upload/v1750866218/products/bcsof4kn4lag0k3krlgo.png,2025-06-25 14:58:46,2025-06-25 15:43:38,685c0ea6dcb914594fdd128f
69,Atorvastatin 3-Deoxy-Hept-2-Enoic Acid Ethyl Ester,PV-A005003,1624328-52-4,(5S)-7-[2-(4-Fluorophenyl)-5-(1-methylethyl)-3-phenyl-4-[(phenylamino)carbonyl]-1H-pyrrol-1-yl]-5-hydroxy-2-heptenoic acid ethyl ester,C35H37FN2O4,568.7,,In Stock,Atorvastatin,API Impurity Standards,atorvastatin-3-deoxy-hept-2-enoic-acid-ethyl-ester,https://pharmavive.com/products/browse/atorvastatin/atorvastatin-3-deoxy-hept-2-enoic-acid-ethyl-ester,https://res.cloudinary.com/dlkh6unr5/image/upload/v1750865505/products/m201l4ndm7ryhzcvr9h2.png,2025-06-25 14:55:56,2025-06-25 15:31:46,685c0dfcdcb914594fdd121b
70,"Atorvastatin Acetonide t-Butyl Ester Side Chain (4R,6R)-Isomer",PV-A005004,125971-94-0,"(4R,6R)-1,3-Dioxane-4-acetic acid, 6-(cyanomethyl)-2,2-dimethyl-, 1,1-dimethylethyl ester",C14H23NO4,269.3,,In Stock,Atorvastatin,API Impurity Standards,atorvastatin-acetonide-t-butyl-ester-side-chain-4r6r-isomer,https://pharmavive.com/products/browse/atorvastatin/atorvastatin-acetonide-t-butyl-ester-side-chain-4r6r-isomer,https://res.cloudinary.com/dlkh6unr5/image/upload/v1750865531/products/psdstmben0fn7wxr81ma.png,2025-06-25 14:55:57,2025-06-25 15:32:12,685c0dfddcb914594fdd121f
71,"Atorvastatin Acetonide t-Butyl Ester Side Chain (4R,6S)-Isomer",PV-A005005,196085-84-4,"(4R,6S)-1,3-Dioxane-4-acetic acid, 6-(cyanomethyl)-2,2-dimethyl-, 1,1-dimethylethyl ester",C14H23NO4,269.3,,In Stock,Atorvastatin,API Impurity Standards,atorvastatin-acetonide-t-butyl-ester-side-chain-4r6s-isomer,https://pharmavive.com/products/browse/atorvastatin/atorvastatin-acetonide-t-butyl-ester-side-chain-4r6s-isomer,https://res.cloudinary.com/dlkh6unr5/image/upload/v1750865549/products/xtr8mw13kswlyzdcu415.png,2025-06-25 14:55:58,2025-06-25 15:32:30,685c0dfedcb914594fdd1223
72,"Atorvastatin Acetonide t-Butyl Ester Side Chain (4S,6R)-Isomer",PV-A005006,186508-95-2,"(4S,6R)-1,3-Dioxane-4-acetic acid, 6-(cyanomethyl)-2,2-dimethyl-, 1,1-dimethylethyl ester",C14H23NO4,269.3,,In Stock,Atorvastatin,API Impurity Standards,atorvastatin-acetonide-t-butyl-ester-side-chain-4s6r-isomer,https://pharmavive.com/products/browse/atorvastatin/atorvastatin-acetonide-t-butyl-ester-side-chain-4s6r-isomer,https://res.cloudinary.com/dlkh6unr5/image/upload/v1750865565/products/vtog34enmfejx7fr4jls.png,2025-06-25 14:55:58,2025-06-25 15:32:45,685c0dfedcb914594fdd1227
73,Atorvastatin Calcium Trihydrate,PV-A005000,344423-98-9,"Calcium bis[(3R,5R)-7-[2-(4-fluorophenyl)-3-phenyl-4-(phenylcarbamoyl)-5-(propan-2-yl)-1H-pyrrol-1-yl]-3,5-dihydroxyheptanoate] Trihydrate (as per EP); (3R,5R)-7-[3-(Phenylcarbamoyl)-5-(4-fluorophenyl)-2-isopropyl-4-phenyl-1H-pyrrol-1-yl]-3,5-dihydroxyheptanoic acid, calcium salt Trihydrate (as per USP)",C33H34FN2O5 : 1/2(Ca) : 3/2H2O,557.6 : 1/2(40.1) : 3/2(18.0),,In Stock,Atorvastatin,API Impurity Standards,atorvastatin-calcium-trihydrate,https://pharmavive.com/products/browse/atorvastatin/atorvastatin-calcium-trihydrate,https://res.cloudinary.com/dlkh6unr5/image/upload/v1750865422/products/lycwutv6rsas8fdt4eiy.png,2025-06-25 14:55:54,2025-06-25 15:30:22,685c0dfadcb914594fdd120f
74,Atorvastatin Diepoxide Calcium Salt,PV-A005007,1807481-01-1,"7-[N-Phenyl-2-[4-(4-fluorophenyl]-6-methylethyl]-3,7-dioxa-5-azatricyclo [4.1.0.02,4]-4-[{phenylamino}carboxamiide]-(3R,5R)-3,5-dihydroxyheptanoic acid calcium salt",C33H34FN2O7 : 1/2(Ca),589.6 : 1/2(40.1),,In Stock,Atorvastatin,API Impurity Standards,atorvastatin-diepoxide-calcium-salt,https://pharmavive.com/products/browse/atorvastatin/atorvastatin-diepoxide-calcium-salt,https://res.cloudinary.com/dlkh6unr5/image/upload/v1750865583/products/rduskctfqtoivxsnlbid.png,2025-06-25 14:55:59,2025-06-25 15:33:04,685c0dffdcb914594fdd122b
75,Atorvastatin EP Impurity C,PV-A005001,693794-20-6,"(3R,5R)-7-[2,3-bis(4-fluorophenyl)-4-(phenylcarbamoyl)-5-(propan-2-yl)-1H-pyrrol-1-yl]-3,5-dihydroxyheptanoic acid (as per EP); (3R,5R)-7-[2,3-Bis(4-fluorophenyl)-5-isopropyl-4-(phenylcarbamoyl)-1H-pyrrol-1-yl]-3,5-dihydroxyheptanoic acid (as per USP)",C33H34F2N2O5,576.6,,In Stock,Atorvastatin,API Impurity Standards,atorvastatin-ep-impurity-c,https://pharmavive.com/products/browse/atorvastatin/atorvastatin-ep-impurity-c,https://res.cloudinary.com/dlkh6unr5/image/upload/v1750865444/products/vg1ywa3zgfviz3wbj8b9.png,2025-06-25 14:55:55,2025-06-25 15:30:44,685c0dfbdcb914594fdd1213
76,Atorvastatin EP Impurity F,PV-A005002,887196-24-9,"(3R,5R)-7-[(3R,5R)-7-[2-(4-fluorophenyl)-3-phenyl-4-(phenylcarbamoyl)-5-(propan-2-yl)-1H-pyrrol-1-yl]-3,5-dihydroxyheptanamido]-3,5-dihydroxyheptanoic acid (as per EP)",C40H48FN3O8,717.8,,In Stock,Atorvastatin,API Impurity Standards,atorvastatin-ep-impurity-f,https://pharmavive.com/products/browse/atorvastatin/atorvastatin-ep-impurity-f,https://res.cloudinary.com/dlkh6unr5/image/upload/v1750865476/products/b6r9dxnbtehlacj0rh2y.png,2025-06-25 14:55:56,2025-06-25 15:31:17,685c0dfcdcb914594fdd1217
77,Atorvastatin Epoxy Pyrrolooxazin 6-Hydroxy Analog (USP) (SODIUM SALT),PV-A005008,1316291-19-6,"Sodium, 4-{6-(4-Fluorophenyl)-7,8-epoxy-6-hydroxy-8a-isopropyl-7-phenyl-8-(phenylcarbamoyl)hexahydro-2H-pyrrolo[2,1-b][1,3]oxazin-2-yl}-3-hydroxybutanoate(as per USP)",C33H34FN2O7 : Na,589.6 : 23.0,,In Stock,Atorvastatin,API Impurity Standards,atorvastatin-epoxy-pyrrolooxazin-6-hydroxy-analog-usp-sodium-salt,https://pharmavive.com/products/browse/atorvastatin/atorvastatin-epoxy-pyrrolooxazin-6-hydroxy-analog-usp-sodium-salt,https://res.cloudinary.com/dlkh6unr5/image/upload/v1750865602/products/pjo6cyhh6tpvpzz8h6xo.png,2025-06-25 14:56:00,2025-06-25 15:33:23,685c0e00dcb914594fdd122f
78,Atorvastatin Impurity 37,PV-A005011,88675-31-4,2-Bromo-1-(4-fluorophenyl)-2-phenylethan-1-one,C14H10BrFO,293.1,,In Stock,Atorvastatin,API Impurity Standards,atorvastatin-impurity-37,https://pharmavive.com/products/browse/atorvastatin/atorvastatin-impurity-37,https://res.cloudinary.com/dlkh6unr5/image/upload/v1750865689/products/uppcbhze2mi1jpm0fudg.png,2025-06-25 14:56:02,2025-06-25 15:34:49,685c0e02dcb914594fdd123b
79,Atorvastatin Impurity 38,PV-A005012,347-84-2,1-(4-Fluorophenyl)-2-phenylethan-1-one,C14H11FO,214.2,,In Stock,Atorvastatin,API Impurity Standards,atorvastatin-impurity-38,https://pharmavive.com/products/browse/atorvastatin/atorvastatin-impurity-38,https://res.cloudinary.com/dlkh6unr5/image/upload/v1750865703/products/zi9wao9g4sa3bobeu84w.png,2025-06-25 14:56:03,2025-06-25 15:35:04,685c0e03dcb914594fdd123f
80,Atorvastatin impurity 39,PV-A005009,1371615-55-2,"1,1-Dimethylethyl (4R,6R)-6-[2-[[(3R,5R)-7-[2-(4-fluorophenyl)-5-(1-methylethyl)-3-phenyl-4-[(phenylamino)carbonyl]-1H-pyrrol-1-yl]-3,5-dihydroxy-1-oxoheptyl]amino]ethyl]-2,2-dimethyl-1,3-dioxane-4-acetate",C47H60FN3O8,814.01,,In Stock,Atorvastatin,API Impurity Standards,atorvastatin-impurity-39,https://pharmavive.com/products/browse/atorvastatin/atorvastatin-impurity-39,https://res.cloudinary.com/dlkh6unr5/image/upload/v1750865624/products/teolnecijfxpii0v6twj.png,2025-06-25 14:56:00,2025-06-25 15:33:44,685c0e00dcb914594fdd1233
81,Avibactam Impurity C,PV-A008001,2306254-34-0,"(2R,5S)-ethyl 5-((benzyloxy)amino)piperidine-2-carboxylate",C15H22N2O3,278.35,,In Stock,Avibactam,API Impurity Standards,avibactam-impurity-c,https://pharmavive.com/products/browse/avibactam/avibactam-impurity-c,https://res.cloudinary.com/dlkh6unr5/image/upload/v1750866328/products/h4j77gafpcxfsqhsblbz.png,2025-06-25 14:59:23,2025-06-25 15:45:28,685c0ecbdcb914594fdd12af
82,Avibactam Impurity D,PV-A008002,2064219-14-1,"(2S, 5S)-6-(benzyloxy)-7-oxo-1, 6-diazabicyclo[3.2.1]octane-2-carboxylic acid",C14H16N2O4,276.29,,In Stock,Avibactam,API Impurity Standards,avibactam-impurity-d,https://pharmavive.com/products/browse/avibactam/avibactam-impurity-d,https://res.cloudinary.com/dlkh6unr5/image/upload/v1750866343/products/zfxuaqzqlunojoxst3zk.png,2025-06-25 14:59:23,2025-06-25 15:45:44,685c0ecbdcb914594fdd12b3
83,Avibactam Impurity E,PV-A008003,N/A,"(2S, 5S)-ethyl 6-(benzyloxy)-7-oxo-1, 6-diazabicyclo[3.2.1]octane-2-carboxylate",C16H20N2O4,304.14,,In Stock,Avibactam,API Impurity Standards,avibactam-impurity-e,https://pharmavive.com/products/browse/avibactam/avibactam-impurity-e,https://res.cloudinary.com/dlkh6unr5/image/upload/v1750866366/products/zrkmkukbfllqyyymdwbd.png,2025-06-25 14:59:24,2025-06-25 15:46:06,685c0eccdcb914594fdd12b7
84,Avibactam Impurity F,PV-A008004,N/A,(5S)-5-((benzyloxy)amino)piperidine-2-carboxamide,C13H19N3O2,249.31,,In Stock,Avibactam,API Impurity Standards,avibactam-impurity-f,https://pharmavive.com/products/browse/avibactam/avibactam-impurity-f,https://res.cloudinary.com/dlkh6unr5/image/upload/v1750866380/products/thgzb14gnhsrrvdbg4z5.png,2025-06-25 14:59:25,2025-06-25 15:46:21,685c0ecddcb914594fdd12bb
85,Avibactam Impurity G,PV-A008005,N/A,ethyl 5-((benzyloxy)amino)piperidine-2-carboxylate oxalate,C17H24N2O7,368.38,,In Stock,Avibactam,API Impurity Standards,avibactam-impurity-g,https://pharmavive.com/products/browse/avibactam/avibactam-impurity-g,https://res.cloudinary.com/dlkh6unr5/image/upload/v1750866395/products/h8nkbqildavjbzqqzmnj.png,2025-06-25 14:59:26,2025-06-25 15:46:35,685c0ecedcb914594fdd12bf
86,Avibactam Sodium,PV-A008000,1192491-61-4,"(1R,2S,5R)-2-Carbamoyl-7-oxo-1,6-diazabicyclo[3.2.1]octan-6-yl hydrogen sulfate, sodium salt",C7H11N3O6S : Na,265.2 : 23.0,,In Stock,Avibactam,API Impurity Standards,avibactam-sodium,https://pharmavive.com/products/browse/avibactam/avibactam-sodium,https://res.cloudinary.com/dlkh6unr5/image/upload/v1750866313/products/ksj9jglnvzdroq4xr38u.png,2025-06-25 14:59:22,2025-06-25 15:45:14,685c0ecadcb914594fdd12ab
87,Azithromycin,PV-A009000,83905-01-5,"(2R,3S,4R,5R,8R,10R,11R,12S,13S,14R)-13-[(2,6-Dideoxy-3-C-methyl-3-O-methyl-α-L-ribo-hexopyranosyl)oxy]-2-ethyl-3,4,10-trihydroxy-3,5,6,8,10,12,14-heptamethyl-11-[[3,4,6-trideoxy-3-(dimethylamino)-β-D-xylo-hexopyranosyl]oxy]-1-oxa-6-azacyclopentadecan-15-one",C38H72N2O12,749.02,,In Stock,Azithromycin,API Impurity Standards,azithromycin,https://pharmavive.com/products/browse/azithromycin/azithromycin,https://res.cloudinary.com/dlkh6unr5/image/upload/v1750866498/products/p25v1cix3ky2yetxoxrr.png,2025-06-25 14:46:30,2025-06-25 15:48:19,685c0bc6dcb914594fdd10b6
88,Azithromycin Dihydrate,PV-A009001,117772-70-0,"(2R,3S,4R,5R,8R,10R,11R,12S,13S,14R)-11-(((2S,3R,4S,6R)-4-(dimethylamino)-3-hydroxy-6-methyltetrahydro-2H-pyran-2-yl)oxy)-2-ethyl-3,4,10-trihydroxy-13-(((2R,4R,5S,6S)-5-hydroxy-4-methoxy-4,6-dimethyltetrahydro-2H-pyran-2-yl)oxy)-3,5,6,8,10,12,14-heptamethyl-1-oxa-6-azacyclopentadecan-15-one hydrate",C38H72N2O12 : 2(H2O),749 : 2(18.02),,In Stock,Azithromycin,API Impurity Standards,azithromycin-dihydrate,https://pharmavive.com/products/browse/azithromycin/azithromycin-dihydrate,https://res.cloudinary.com/dlkh6unr5/image/upload/v1750866517/products/xn0ogyos2csamtibhsnk.png,2025-06-25 14:46:31,2025-06-25 15:48:37,685c0bc7dcb914594fdd10ba
89,Azithromycin EP Impurity A,PV-A009002,76801-85-9,9-Deoxo-9a-aza-9a-homo Erythromycin A,C37H70N2O12,735.0,,In Stock,Azithromycin,API Impurity Standards,azithromycin-ep-impurity-a,https://pharmavive.com/products/browse/azithromycin/azithromycin-ep-impurity-a,https://res.cloudinary.com/dlkh6unr5/image/upload/v1750866535/products/jqx707kkyuku5yplhlqh.png,2025-06-25 14:46:31,2025-06-25 15:48:55,685c0bc7dcb914594fdd10be
90,Azithromycin EP Impurity B,PV-A009003,307974-61-4,"(2R,3R,4R,5R,8R,10R,11R,12R,13S,14R)-13-[(2,6-Dideoxy-3-C-methyl-3-O-methyl-a-L-ribo-hexopyranosyl)oxy]-2-ethyl-4,10-dihydroxy-3,5,6,8,10,12,14-heptamethyl-11-[[3,4,6-trideoxy-3-(dimethylamino)-ß-D-xylo-hexopyranosyl]oxy]-1-oxa-6-azacyclopentadecan-15-one",C38H72N2O11,733.0,,In Stock,Azithromycin,API Impurity Standards,azithromycin-ep-impurity-b,https://pharmavive.com/products/browse/azithromycin/azithromycin-ep-impurity-b,https://res.cloudinary.com/dlkh6unr5/image/upload/v1750866558/products/yxmk8zhu48dkyj0us86b.png,2025-06-25 14:46:32,2025-06-25 15:49:19,685c0bc8dcb914594fdd10c2
91,Azithromycin EP Impurity C,PV-A009004,620169-47-3,"(2R,3S,4R,5R,8R,10R,11R,12S,13S,14R)-13-[(2,6-Dideoxy-3-C-methyl-α-l-ribo-hexopyranosyl)oxy]-2-ethyl-3,4,10-trihydroxy-3,5,6,8,10,12,14-heptamethyl-11-[[3,4,6-trideoxy-3-dimethylamino-β-d-xylo-hexopyranosyl]oxy]-1-oxa-6-azacyclopentadecan-15-one",C37H70N2O12,735.0,,In Stock,Azithromycin,API Impurity Standards,azithromycin-ep-impurity-c,https://pharmavive.com/products/browse/azithromycin/azithromycin-ep-impurity-c,https://res.cloudinary.com/dlkh6unr5/image/upload/v1750866587/products/vw7dvafsplnfzblqlo3n.png,2025-06-25 14:46:33,2025-06-25 15:49:48,685c0bc9dcb914594fdd10c6
92,Azithromycin EP Impurity D,PV-A009005,612069-26-8,14-Demethyl-14-(hydroxymethyl)azithromycin,C38H72N2O13,765.0,,In Stock,Azithromycin,API Impurity Standards,azithromycin-ep-impurity-d,https://pharmavive.com/products/browse/azithromycin/azithromycin-ep-impurity-d,https://res.cloudinary.com/dlkh6unr5/image/upload/v1750866604/products/x7preenoraoi2prqzinv.png,2025-06-25 14:46:33,2025-06-25 15:50:05,685c0bc9dcb914594fdd10ca
93,Azithromycin EP Impurity E,PV-A009006,612069-27-9,"(2R,3S,4R,5R,8R,10R,11R,12S,13S,14R)-11-[(3-Amino-3,4,6-trideoxy-β-D-xylo-hexopyranosyl)oxy]-13-[(2,6-dideoxy-3-C-methyl-3-O-methyl-α-L-ribo-hexopyranosyl)oxy]-2-ethyl-3,4,10-trihydroxy-3,5,6,8,10,12,14-heptamethyl-1-oxa-6-azacyclopentadecan-15-one",C36H68N2O12,720.9,,In Stock,Azithromycin,API Impurity Standards,azithromycin-ep-impurity-e,https://pharmavive.com/products/browse/azithromycin/azithromycin-ep-impurity-e,https://res.cloudinary.com/dlkh6unr5/image/upload/v1750866619/products/mci9em9vbqy35lunzhue.png,2025-06-25 14:46:34,2025-06-25 15:50:19,685c0bcadcb914594fdd10ce
94,Azithromycin EP Impurity G,PV-A009007,612069-31-5,"(2R,3S,4R,5R,8R,10R,11R,12S,13S,14R)-13-[(2,6-Dideoxy-3-C-methyl-3-O-methyl -α-L-ribo-hexopyranosyl)oxy]-2-ethyl-3,4,10-trihydroxy-3,5,6,8,10,12,14-heptamethyl-11-[[3,4,6-trideoxy-3-[methyl[(4-methylphenyl)sulfonyl]amino]-β-D-xylo-hexopyranosyl]oxy]-1-oxa-6-azacyclopentadecan-15-one",C44H76N2O14S,889.1,,In Stock,Azithromycin,API Impurity Standards,azithromycin-ep-impurity-g,https://pharmavive.com/products/browse/azithromycin/azithromycin-ep-impurity-g,https://res.cloudinary.com/dlkh6unr5/image/upload/v1750866638/products/dfn7nh3judu7a58xvl3c.png,2025-06-25 14:46:35,2025-06-25 15:50:38,685c0bcbdcb914594fdd10d2
95,Azithromycin EP Impurity H,PV-A009008,612069-30-4,"(2R,3S,4R,5R,8R,10R,11R,12S,13S,14R)-11-[[3-[[[4-(Acetylamino)phenyl]sulfonyl]methylamino]-3,4,6-trideoxy-ß-D-xylo-hexopyranosyl]oxy]-13-[(2,6-dideoxy-3-C-methyl-3-O-methyl-a-L-ribo-hexopyranosyl)oxy]-2-ethyl-3,4,10-trihydroxy-3,5,6,8,10,12,14-heptamethyl-1-oxa-6-azacyclopentadecan-15-one",C45H77N3O15S,932.2,,In Stock,Azithromycin,API Impurity Standards,azithromycin-ep-impurity-h,https://pharmavive.com/products/browse/azithromycin/azithromycin-ep-impurity-h,https://res.cloudinary.com/dlkh6unr5/image/upload/v1750866653/products/ujdrq2jpjegsbcyih7yn.png,2025-06-25 14:46:36,2025-06-25 15:50:54,685c0bccdcb914594fdd10d6
96,Azithromycin EP Impurity I,PV-A009009,172617-84-4,"(2R,3S,4R,5R,8R,10R,11R,12S,13S,14R)-2-ethyl-3,4,10-trihydroxy-13-(((2R,4R,5S,6S)-5-hydroxy-4-methoxy-4,6-dimethyltetrahydro-2H-pyran-2-yl)oxy)-11-(((2S,3R,4S,6R)-3-hydroxy-6-methyl-4-(methylamino)tetrahydro-2H-pyran-2-yl)oxy)-3,5,6,8,10,12,14-heptamethyl-1-oxa-6-azacyclopentadecan-15-one ;",C37H70N2O12,734.98,,In Stock,Azithromycin,API Impurity Standards,azithromycin-ep-impurity-i,https://pharmavive.com/products/browse/azithromycin/azithromycin-ep-impurity-i,https://res.cloudinary.com/dlkh6unr5/image/upload/v1750866673/products/lgk1frguut1by4dpiqt2.png,2025-06-25 14:46:37,2025-06-25 15:51:14,685c0bcddcb914594fdd10da
97,Azithromycin EP Impurity J,PV-A009010,117693-41-1,"((2R,3S,4R,5R,8R,10R,11R,12S,13S,14R)-2-Ethyl-3,4,10,13-tetrahydroxy-3,5,6,8,10,12,14-heptamethyl-11-[[3,4,6-trideoxy-3-dimethylamino-Beta-D-xylo-hexopyranosyl]oxy]-1-oxa-6-azacyclopentadecan-15-one)",C30H58N2O9,590.8,,In Stock,Azithromycin,API Impurity Standards,azithromycin-ep-impurity-j,https://pharmavive.com/products/browse/azithromycin/azithromycin-ep-impurity-j,https://res.cloudinary.com/dlkh6unr5/image/upload/v1750866689/products/zwyidkcvnwtl9snhkypf.png,2025-06-25 14:46:38,2025-06-25 15:51:30,685c0bcedcb914594fdd10de
98,Azithromycin EP Impurity K,PV-A009011,612534-95-9,"C14,1″-Epoxy Azithromycin ;",C38H70N2O13,763.0,,In Stock,Azithromycin,API Impurity Standards,azithromycin-ep-impurity-k,https://pharmavive.com/products/browse/azithromycin/azithromycin-ep-impurity-k,https://res.cloudinary.com/dlkh6unr5/image/upload/v1750866707/products/sohzk4xvszewnb3zcsjp.png,2025-06-25 14:46:39,2025-06-25 15:51:48,685c0bcfdcb914594fdd10e2
99,Azithromycin EP Impurity L,PV-A009012,90503-06-3,"(2R,3S,4R,5R,8R,10R,11R,12S,13S,14R)-13-[(2,6-Dideoxy-3-C-methyl-3-O-methyl-α-L-ribo-hexopyranosyl)oxy]-2-ethyl-3,4,10-trihydroxy-3,5,6,8,10,12,14-heptamethyl-11-[[3,4,6-trideoxy-3-(dimethyloxidoamino)-β-D-xylo-hexopyranosyl]oxy]-1-oxa-6-azacyclopentadecan-15-one",C38H72N2O13,765.0,,In Stock,Azithromycin,API Impurity Standards,azithromycin-ep-impurity-l,https://pharmavive.com/products/browse/azithromycin/azithromycin-ep-impurity-l,https://res.cloudinary.com/dlkh6unr5/image/upload/v1750866722/products/i2vjwda0lpi6wvtpgpfg.png,2025-06-25 14:46:39,2025-06-25 15:52:02,685c0bcfdcb914594fdd10e7
100,Azithromycin EP Impurity M,PV-A009013,765927-71-7,"(2R,3S,4R,5R,8R,10R,11R,12S,13S,14R)-13-[(2,6-Dideoxy-3-C-methyl-3-O-methyl-α-L-ribo-hexopyranosyl)oxy]-2-ethyl-3,4,10-trihydroxy-3,5,6,8,10,12,14-heptamethyl-11-[[3,4,6-trideoxy-3-(formylamino)-β-D-xylo-hexopyranosyl]oxy]-1-oxa-6-azacyclopentadecan-15-one;3'-(N,N-didemethyl)-3'-N-formylazithromycin;",C37H68N2O13,748.9,,In Stock,Azithromycin,API Impurity Standards,azithromycin-ep-impurity-m,https://pharmavive.com/products/browse/azithromycin/azithromycin-ep-impurity-m,https://res.cloudinary.com/dlkh6unr5/image/upload/v1750866739/products/gfmt9ryn4vrp5htvufnz.png,2025-06-25 14:46:40,2025-06-25 15:52:20,685c0bd0dcb914594fdd10ee
101,Azithromycin EP Impurity N,PV-A009014,612069-25-7,"(2R,3S,4R,5R,8R,10R,11R,12S,13S,14R)-11-[[4,6-dideoxy-β-D-erythro-hexopyranos-3-ulos-1-yl]oxy]-13-[(2,6-dideoxy-3-C-methyl-3-O-methyl-α-L-ribo-hexopyranosyl)oxy]-2-ethyl-3,4,10-trihydroxy-3,5,6,8,10,12,14-heptamethyl-1-oxa-6-azacyclopentadecan-15-one",C36H65NO13,719.9,,In Stock,Azithromycin,API Impurity Standards,azithromycin-ep-impurity-n,https://pharmavive.com/products/browse/azithromycin/azithromycin-ep-impurity-n,https://res.cloudinary.com/dlkh6unr5/image/upload/v1750866756/products/loqgagzu69fe5r0nhiqc.png,2025-06-25 14:46:41,2025-06-25 15:52:37,685c0bd1dcb914594fdd10f5
102,Azithromycin EP Impurity O,PV-A009015,763924-54-5,"(2R,3S,4R,5R,8R,10R,11R,12S,13S,14R)-13-[(2,6-Dideoxy-3-C-methyl-3-O-methyl-α-l-ribo-hexopyranosyl)oxy]-2-propyl-3,4,10-trihydroxy-3,5,6,8,10,12,14-heptamethyl-11-[[3,4,6-trideoxy-3-(dimethylamino)-β-d-xylo-hexopyranosyl]oxy]-1-oxa-6-azacyclopentadecan-15-one",C39H74N2O12,763.0,,In Stock,Azithromycin,API Impurity Standards,azithromycin-ep-impurity-o,https://pharmavive.com/products/browse/azithromycin/azithromycin-ep-impurity-o,https://res.cloudinary.com/dlkh6unr5/image/upload/v1750866771/products/a9vpeyklv5fayxjbw10l.png,2025-06-25 14:46:41,2025-06-25 15:52:52,685c0bd1dcb914594fdd10f9
103,Azithromycin EP Impurity Q,PV-A009016,2095879-65-3,"N-(4-(N-((2S,3R,4S,6R)-2-(((2R,3S,4R,5R,8R,10R,11R,12S,13S,14R)-2-ethyl-3,4,10-trihydroxy-13-(((2R,4R,5S,6S)-5-hydroxy-4-methoxy-4,6-dimethyltetrahydro-2H-pyran-2-yl)oxy)-3,5,6,8,10,12,14-heptamethyl-15-oxo-1-oxa-6-azacyclopentadecan-11-yl)oxy)-3-hydroxy-6-methyltetrahydro-2H-pyran-4-yl)sulfamoyl)phenyl)acetamide",C44H75N3O15S,918.1,,In Stock,Azithromycin,API Impurity Standards,azithromycin-ep-impurity-q,https://pharmavive.com/products/browse/azithromycin/azithromycin-ep-impurity-q,https://res.cloudinary.com/dlkh6unr5/image/upload/v1750866784/products/pukhqthwd5vatxaroudb.png,2025-06-25 14:46:42,2025-06-25 15:53:05,685c0bd2dcb914594fdd10fd
104,Bambuterol EP Impurity A,PV-B001001,23031-25-6,"5-[(1RS)-2-(Tert-butylamino)-1-hydroxyethyl]benzene-1,3-diol (as per EP)",C12H19NO3,225.3,,In Stock,Bambuterol,API Impurity Standards,bambuterol-ep-impurity-a,https://pharmavive.com/products/browse/bambuterol/bambuterol-ep-impurity-a,https://res.cloudinary.com/dlkh6unr5/image/upload/v1750951582/products/oz7g4q4j0pkw22xp2icm.png,2025-06-26 15:25:16,2025-06-26 15:26:23,685d665c34379062692bac3a
105,Bambuterol EP Impurity B,PV-B001002,112935-92-9,"5-[(1RS)-1,2-Dihydroxyethyl]-1,3-phenylene bis(dimethylcarbamate) (as per EP)",C14H20N2O6,312.3,,In Stock,Bambuterol,API Impurity Standards,bambuterol-ep-impurity-b,https://pharmavive.com/products/browse/bambuterol/bambuterol-ep-impurity-b,https://res.cloudinary.com/dlkh6unr5/image/upload/v1750951596/products/hddnqtljm5q4wmobdcvb.png,2025-06-26 15:25:17,2025-06-26 15:26:36,685d665d34379062692bac3e
106,Bambuterol EP Impurity C,PV-B001003,81732-67-4,3-[(1RS)-2-(Tert-butylamino)-1-hydroxyethyl]-5-hydroxyphenyl dimethylcarbamate. (as per EP),C15H24N2O4,296.4,,In Stock,Bambuterol,API Impurity Standards,bambuterol-ep-impurity-c,https://pharmavive.com/products/browse/bambuterol/bambuterol-ep-impurity-c,https://res.cloudinary.com/dlkh6unr5/image/upload/v1750951611/products/zyuym22nmjc3hi3rfnav.png,2025-06-26 15:25:17,2025-06-26 15:26:51,685d665d34379062692bac42
107,Bambuterol EP Impurity D,PV-B001004,112935-93-0,"5-[(1RS)-1-Hydroxyethyl]-1,3-phenylene bis(dimethylcarbamate) (as per EP)",C14H20N2O5,296.3,,In Stock,Bambuterol,API Impurity Standards,bambuterol-ep-impurity-d,https://pharmavive.com/products/browse/bambuterol/bambuterol-ep-impurity-d,https://res.cloudinary.com/dlkh6unr5/image/upload/v1750951964/products/fz0nj5wurcwyxtmc5s5f.png,2025-06-26 15:25:18,2025-06-26 15:32:45,685d665e34379062692bac46
108,Bambuterol EP Impurity E,PV-B001005,81732-48-1,"5-Acetyl-1,3-phenylene bis(dimethylcarbamate) (as per EP)",C14H18N2O5,294.3,,In Stock,Bambuterol,API Impurity Standards,bambuterol-ep-impurity-e,https://pharmavive.com/products/browse/bambuterol/bambuterol-ep-impurity-e,https://res.cloudinary.com/dlkh6unr5/image/upload/v1750951985/products/lt3jf5ssg2qll8f4qdcv.png,2025-06-26 15:25:19,2025-06-26 15:33:06,685d665f34379062692bac4a
109,Bambuterol EP Impurity F,PV-B001006,112935-94-1,"5-[(Tert-butylamino)acetyl]-1,3-phenylene bis(dimethylcarbamate) (as per EP)",C18H27N3O5,365.4,,In Stock,Bambuterol,API Impurity Standards,bambuterol-ep-impurity-f,https://pharmavive.com/products/browse/bambuterol/bambuterol-ep-impurity-f,https://res.cloudinary.com/dlkh6unr5/image/upload/v1750951997/products/ji1efgkjbc9ceijrnpr6.png,2025-06-26 15:25:20,2025-06-26 15:33:17,685d666034379062692bac4e
110,Bambuterol Hydrochloride,PV-B001000,81732-46-9,"5-[(1RS)-2-(Tert-Butylamino)-1-hydroxyethyl]-1,3-phenylene bis(dimethylcarbamate) hydrochloride (as per EP)",C18H29N3O5 : HCl,367.4 : 36.5,,In Stock,Bambuterol,API Impurity Standards,bambuterol-hydrochloride,https://pharmavive.com/products/browse/bambuterol/bambuterol-hydrochloride,https://res.cloudinary.com/dlkh6unr5/image/upload/v1750951568/products/b8ut7ryab32f6xl0vzu8.png,2025-06-26 15:25:15,2025-06-26 15:26:09,685d665b34379062692bac36
111,Bazedoxifene,PV-B002000,198481-32-2,1-[[4-[2-(Hexahydro-1H-azepin-1-yl)ethoxy]phenyl]methyl]-2-(4-hydroxyphenyl)-3-methyl-1H-indol-5-ol,C30H34N2O3,470.6,,In Stock,Bazedoxifene,API Impurity Standards,bazedoxifene,https://pharmavive.com/products/browse/bazedoxifene/bazedoxifene,https://res.cloudinary.com/dlkh6unr5/image/upload/v1750952102/products/foahglavdgbjaayrithu.png,2025-06-26 15:33:38,2025-06-26 15:35:02,685d685234379062692bac9a
112,Bazedoxifene Impurity 1,PV-B002005,111000-54-5,1-(4-(Benzyloxy)phenyl)-2-chloropropan-1-one,C30H34N2O3,470.6,,In Stock,Bazedoxifene,API Impurity Standards,bazedoxifene-impurity-1,https://pharmavive.com/products/browse/bazedoxifene/bazedoxifene-impurity-1,https://res.cloudinary.com/dlkh6unr5/image/upload/v1750952181/products/jaenpp2exhsles1wjwo0.png,2025-06-26 15:33:41,2025-06-26 15:36:21,685d685534379062692bacae
113,Bazedoxifene Impurity 2,PV-B002006,2512198-68-2,1-(4-(benzyloxy)-3-bromophenyl)-2-bromopropan-1-one,C16H14Br2O2,398.1,,In Stock,Bazedoxifene,API Impurity Standards,bazedoxifene-impurity-2,https://pharmavive.com/products/browse/bazedoxifene/bazedoxifene-impurity-2,https://res.cloudinary.com/dlkh6unr5/image/upload/v1750952200/products/gr94qku0ut19t9pnwsjx.png,2025-06-26 15:33:42,2025-06-26 15:36:41,685d685634379062692bacb2
114,Bazedoxifene Impurity 3,PV-B002007,223251-16-9,(4-(2-(azepan-1-yl)ethoxy)phenyl)methanol,C15H23NO2,249.4,,In Stock,Bazedoxifene,API Impurity Standards,bazedoxifene-impurity-3,https://pharmavive.com/products/browse/bazedoxifene/bazedoxifene-impurity-3,https://res.cloudinary.com/dlkh6unr5/image/upload/v1750952213/products/rwpp0zoxnzllbkhtqpqc.png,2025-06-26 15:33:43,2025-06-26 15:36:54,685d685734379062692bacb6
115,Bazedoxifene Impurity 4,PV-B002008,223251-09-0,4-(2-(azepan-1-yl)ethoxy)benzaldehyde,C15H21NO2,247.3,,In Stock,Bazedoxifene,API Impurity Standards,bazedoxifene-impurity-4,https://pharmavive.com/products/browse/bazedoxifene/bazedoxifene-impurity-4,https://res.cloudinary.com/dlkh6unr5/image/upload/v1750952227/products/plinnn76sjqd0ouwrkoq.png,2025-06-26 15:33:43,2025-06-26 15:37:07,685d685734379062692bacba
116,Bazedoxifene Impurity 5,PV-B002009,223251-25-0,1-(2-(4-(chloromethyl)phenoxy)ethyl)azepane hydrochloride,C15H22ClNO : HCl,267.8 : 36.5,,In Stock,Bazedoxifene,API Impurity Standards,bazedoxifene-impurity-5,https://pharmavive.com/products/browse/bazedoxifene/bazedoxifene-impurity-5,https://res.cloudinary.com/dlkh6unr5/image/upload/v1750952240/products/trzom6kzpby4yxki9n4l.png,2025-06-26 15:33:44,2025-06-26 15:37:21,685d685834379062692bacbe
117,Bazedoxifene Impurity B,PV-B002001,4495-66-3,1-(4-(Benzyloxy)phenyl)propan-1-one,C16H16O2,240.3,,In Stock,Bazedoxifene,API Impurity Standards,bazedoxifene-impurity-b,https://pharmavive.com/products/browse/bazedoxifene/bazedoxifene-impurity-b,https://res.cloudinary.com/dlkh6unr5/image/upload/v1750952118/products/g1x6s0w4xyoqkpq2rtfc.png,2025-06-26 15:33:39,2025-06-26 15:35:19,685d685334379062692bac9e
118,Bazedoxifene Impurity C,PV-B002002,N/A,5-(Benzyloxy)-2-[4-(benzyloxy)-3-bromophenyl]-3-methyl-1-[4-(2-hexamethyleneimine-1-yl-ethoxyl)benzyl]-1h-indole,C44H43BrN2O3,727.7,,In Stock,Bazedoxifene,API Impurity Standards,bazedoxifene-impurity-c,https://pharmavive.com/products/browse/bazedoxifene/bazedoxifene-impurity-c,https://res.cloudinary.com/dlkh6unr5/image/upload/v1750952134/products/ps1qhzdsypifhvxfpoow.png,2025-06-26 15:33:39,2025-06-26 15:35:35,685d685334379062692baca2
119,Bazedoxifene Impurity D,PV-B002003,81499-33-4,3-(Benzyloxy)aniline hydrochloride,C13H13NO : HCl,199.3 : 36.5,,In Stock,Bazedoxifene,API Impurity Standards,bazedoxifene-impurity-d,https://pharmavive.com/products/browse/bazedoxifene/bazedoxifene-impurity-d,https://res.cloudinary.com/dlkh6unr5/image/upload/v1750952150/products/jercow2uiqtklxmb8mgm.png,2025-06-26 15:33:40,2025-06-26 15:35:50,685d685434379062692baca6
120,Bazedoxifene Impurity E,PV-B002004,857594-21-9,2-(Benzyloxy)aniline hydrochloride,C13H13NO : HCl,199.3 : 36.5,,In Stock,Bazedoxifene,API Impurity Standards,bazedoxifene-impurity-e,https://pharmavive.com/products/browse/bazedoxifene/bazedoxifene-impurity-e,https://res.cloudinary.com/dlkh6unr5/image/upload/v1750952166/products/qdwyu3koj0a9s8k7vecu.png,2025-06-26 15:33:41,2025-06-26 15:36:06,685d685534379062692bacaa
121,Bazedoxifine N- oxide,PV-B002010,1174289-22-5,1-(2-(4-((5-hydroxy-2-(4-hydroxyphenyl)-3-methyl-1H-indol-1-yl)methyl)phenoxy)ethyl)azepane 1-oxide,C30H34N2O4,486.6,,In Stock,Bazedoxifene,API Impurity Standards,bazedoxifine-n-oxide,https://pharmavive.com/products/browse/bazedoxifene/bazedoxifine-n-oxide,https://res.cloudinary.com/dlkh6unr5/image/upload/v1750952254/products/pyqjkw6sgsfyxtchknjk.png,2025-06-26 15:33:45,2025-06-26 15:37:34,685d685934379062692bacc2
122,Bendamustine,PV-B003000,16506-27-7,4-{5-[Bis(2-chloroethyl)amino]-1-methyl-1H-benzimidazole-2-yl}butanoic acid (as per USP),C16H202N3O2,358.3,,In Stock,Bendamustine,API Impurity Standards,bendamustine,https://pharmavive.com/products/browse/bendamustine/bendamustine,https://res.cloudinary.com/dlkh6unr5/image/upload/v1750952369/products/ulnhrqykotycbupk1jyu.png,2025-06-26 15:38:19,2025-06-26 15:39:29,685d696b34379062692bad39
123,Bendamustine Deschloroethyl Acid Ethyl Ester,PV-B003013,2517968-40-8,Ethyl 4-(5-((2-chloroethyl)amino)-1-methyl-1H-benzo[d]imidazol-2-yl)butanoate,C16H22ClN3O2,323.8,,In Stock,Bendamustine,API Impurity Standards,bendamustine-deschloroethyl-acid-ethyl-ester,https://pharmavive.com/products/browse/bendamustine/bendamustine-deschloroethyl-acid-ethyl-ester,https://res.cloudinary.com/dlkh6unr5/image/upload/v1750952812/products/hhp36pjtkwv28gpqeazn.png,2025-06-26 15:38:27,2025-06-26 15:46:52,685d697334379062692bad6d
124,Bendamustine Dideschloroethyl Acid Impurity,PV-B003014,914626-62-3,4-(5-Amino-1-methyl-1H-benzo[d]imidazol-2-yl)butanoic acid,C12H15N3O2,233.3,,In Stock,Bendamustine,API Impurity Standards,bendamustine-dideschloroethyl-acid-impurity,https://pharmavive.com/products/browse/bendamustine/bendamustine-dideschloroethyl-acid-impurity,https://res.cloudinary.com/dlkh6unr5/image/upload/v1750952828/products/wbqibffihu1insu4fv50.png,2025-06-26 15:38:28,2025-06-26 15:47:08,685d697434379062692bad71
125,Bendamustine Ether Impurity (HCl),PV-B003003,2173004-95-8,4-(1-methyl-5-morpholino-1H-benzo[d]imidazol-2-yl)butanoic acid hydrochloride,C16H21N3O3 : HCl,303.4 : 36.5,,In Stock,Bendamustine,API Impurity Standards,bendamustine-ether-impurity-hcl,https://pharmavive.com/products/browse/bendamustine/bendamustine-ether-impurity-hcl,https://res.cloudinary.com/dlkh6unr5/image/upload/v1750952426/products/z8xtoqvdapodasgkga9p.png,2025-06-26 15:38:21,2025-06-26 15:40:27,685d696d34379062692bad45
126,Bendamustine Ethyl Ester,PV-B003023,87475-54-5,4-[5-[Bis(2-chloroethyl)amino]-1-methylbenzimidazol-2-yl]butanoic Acid Ethyl Ester,C18H25Cl2N3O2,386.32,,In Stock,Bendamustine,API Impurity Standards,bendamustine-ethyl-ester,https://pharmavive.com/products/browse/bendamustine/bendamustine-ethyl-ester,https://res.cloudinary.com/dlkh6unr5/image/upload/v1750953082/products/mbkmpyqcs0euccm5txay.png,2025-06-26 15:38:34,2025-06-26 15:51:23,685d697a34379062692bad95
127,Bendamustine Hydrochloride,PV-B003001,3543-75-7,4-{5-[Bis(2-chloroethyl)amino]-1-methyl-1H-benzimidazole-2-yl}butanoic acid monohydrochloride (as per USP),C16H202N3O2 : HCl,358.3 : 36.5,,In Stock,Bendamustine,API Impurity Standards,bendamustine-hydrochloride,https://pharmavive.com/products/browse/bendamustine/bendamustine-hydrochloride,https://res.cloudinary.com/dlkh6unr5/image/upload/v1750952388/products/gz3iwyturkpp9fhlr8nb.png,2025-06-26 15:38:20,2025-06-26 15:39:48,685d696c34379062692bad3d
128,Bendamustine Impurity 13,PV-B003017,914626-65-6,"1,3-Bis(1-methyl-5-nitro-1H-benzo[d]imidazol-2-yl)propane",C19H18N6O4,394.4,,In Stock,Bendamustine,API Impurity Standards,bendamustine-impurity-13,https://pharmavive.com/products/browse/bendamustine/bendamustine-impurity-13,https://res.cloudinary.com/dlkh6unr5/image/upload/v1750953360/products/whklelissyv6kgp6yhch.png,2025-06-26 15:38:30,2025-06-26 15:56:00,685d697634379062692bad7d
129,Bendamustine Impurity 16,PV-B003018,N/A,"2,3-Dihydroxypropyl 4-(5-(bis(2-chloroethyl)amino)-1-methyl-1H-benzo[d]imidazol-2-yl)butanoate",C19H27Cl2N3O4,432.3,,In Stock,Bendamustine,API Impurity Standards,bendamustine-impurity-16,https://pharmavive.com/products/browse/bendamustine/bendamustine-impurity-16,https://res.cloudinary.com/dlkh6unr5/image/upload/v1750952905/products/mlla63qco3ngzu7dpurg.png,2025-06-26 15:38:31,2025-06-26 15:48:26,685d697734379062692bad81
130,Bendamustine Impurity 17,PV-B003019,N/A,4-(5-((2-Acetoxyethyl)(2-chloroethyl)amino)-1-methyl-1H-benzo[d]imidazol-2-yl)butanoic acid,C18H24ClN3O4,381.9,,In Stock,Bendamustine,API Impurity Standards,bendamustine-impurity-17,https://pharmavive.com/products/browse/bendamustine/bendamustine-impurity-17,https://res.cloudinary.com/dlkh6unr5/image/upload/v1750952880/products/cz7scr1ge9ybgxhq2s40.png,2025-06-26 15:38:31,2025-06-26 15:48:00,685d697734379062692bad85
131,Bendamustine Impurity 19,PV-B003020,3543-73-5,Ethyl 4-(5-amino-1-methyl-1H-benzo[d]imidazol-2-yl)butanoate,C14H19N3O2,261.3,,In Stock,Bendamustine,API Impurity Standards,bendamustine-impurity-19,https://pharmavive.com/products/browse/bendamustine/bendamustine-impurity-19,https://res.cloudinary.com/dlkh6unr5/image/upload/v1750953050/products/hk4xuwgvh0chxhafcx99.png,2025-06-26 15:38:32,2025-06-26 15:50:50,685d697834379062692bad89
132,Bendamustine Impurity 20,PV-B003021,2784-96-5,"N1-Methyl-2-nitrobenzene-1,4-diamine",C7H9N3O2,167.2,,In Stock,Bendamustine,API Impurity Standards,bendamustine-impurity-20,https://pharmavive.com/products/browse/bendamustine/bendamustine-impurity-20,https://res.cloudinary.com/dlkh6unr5/image/upload/v1750953030/products/vnv8ifqsg3g2g7fqw4nz.png,2025-06-26 15:38:33,2025-06-26 15:50:31,685d697934379062692bad8d
133,Bendamustine Methyl Ester (HCl),PV-B003002,N/A,Methyl 4-(5-(bis(2-chloroethyl)amino)-1-methyl-1H-benzo[d]imidazol-2-yl)butanoate hydrochloride,C17H23Cl2N3O2 : HCl,372.3 : 36.5,,In Stock,Bendamustine,API Impurity Standards,bendamustine-methyl-ester-hcl,https://pharmavive.com/products/browse/bendamustine/bendamustine-methyl-ester-hcl,https://res.cloudinary.com/dlkh6unr5/image/upload/v1750952409/products/pxvpdsdyfad9edkytzes.png,2025-06-26 15:38:20,2025-06-26 15:40:10,685d696c34379062692bad41
134,Bendamustine Monohydroxy Acid Ethyl Ester,PV-B003004,898224-95-8,Ethyl 4-(5-((2-chloroethyl)(2-hydroxyethyl)amino)-1-methyl-1H-benzo[d]imidazol-2-yl)butanoate,C18H26ClN3O3,367.9,,In Stock,Bendamustine,API Impurity Standards,bendamustine-monohydroxy-acid-ethyl-ester,https://pharmavive.com/products/browse/bendamustine/bendamustine-monohydroxy-acid-ethyl-ester,https://res.cloudinary.com/dlkh6unr5/image/upload/v1750952465/products/yyuk38ld6gpcsib5qviz.png,2025-06-26 15:38:22,2025-06-26 15:41:06,685d696e34379062692bad49
135,Bendamustine Monohydroxy Acid Impurity,PV-B003005,109882-26-0,4-(5-((2-chloroethyl)(2-hydroxyethyl)amino)-1-methyl-1H-benzo[d]imidazol-2-yl)butanoic acid hydrochloride,C16H22ClN3O3 : HCl,339.8 : 36.5,,In Stock,Bendamustine,API Impurity Standards,bendamustine-monohydroxy-acid-impurity,https://pharmavive.com/products/browse/bendamustine/bendamustine-monohydroxy-acid-impurity,https://res.cloudinary.com/dlkh6unr5/image/upload/v1750952483/products/jvpyvyxcwy2efedzjsav.png,2025-06-26 15:38:22,2025-06-26 15:41:23,685d696e34379062692bad4d
136,Bendamustine Monohydroxy Isopropyl Ester Impurity,PV-B003012,1797008-41-3,Isopropyl 4-(5-((2-chloroethyl)(2-hydroxyethyl)amino)-1-methyl-1H-benzo[d]imidazol-2-yl)butanoate,C19H28ClN3O3,381.9,,In Stock,Bendamustine,API Impurity Standards,bendamustine-monohydroxy-isopropyl-ester-impurity,https://pharmavive.com/products/browse/bendamustine/bendamustine-monohydroxy-isopropyl-ester-impurity,https://res.cloudinary.com/dlkh6unr5/image/upload/v1750952770/products/djyshciimakz7estlayy.png,2025-06-26 15:38:27,2025-06-26 15:46:11,685d697334379062692bad69
137,Bendamustine Propylene Glycol Ester 1,PV-B003015,1219709-88-2,2-Hydroxypropyl 4-(5-(bis(2-chloroethyl)amino)-1-methyl-1H-benzo[d]imidazol-2-yl)butanoate,C19H27Cl2N3O3,416.3,,In Stock,Bendamustine,API Impurity Standards,bendamustine-propylene-glycol-ester-1,https://pharmavive.com/products/browse/bendamustine/bendamustine-propylene-glycol-ester-1,https://res.cloudinary.com/dlkh6unr5/image/upload/v1750952846/products/vxepqxhsfnuljflwyuxf.png,2025-06-26 15:38:29,2025-06-26 15:47:27,685d697534379062692bad75
138,Bendamustine Propylene Glycol Ester 2,PV-B003016,1219709-89-3,1-Hydroxypropan-2-yl 4-(5-(bis(2-chloroethyl)amino)-1-methyl-1H-benzo[d]imidazol-2-yl)butanoate,C19H27Cl2N3O3,416.3,,In Stock,Bendamustine,API Impurity Standards,bendamustine-propylene-glycol-ester-2,https://pharmavive.com/products/browse/bendamustine/bendamustine-propylene-glycol-ester-2,https://res.cloudinary.com/dlkh6unr5/image/upload/v1750952866/products/vvcsujiujw3oianbpqy0.png,2025-06-26 15:38:29,2025-06-26 15:47:47,685d697534379062692bad79
139,Bendamustine USP Related Compound A,PV-B003006,109882-30-6,4-{5-[Bis(2-hydroxyethyl)amino]-1-methyl-1H-benzimidazol-2-yl}butanoic acid (as per USP),C16H23N3O4,321.4,,In Stock,Bendamustine,API Impurity Standards,bendamustine-usp-related-compound-a,https://pharmavive.com/products/browse/bendamustine/bendamustine-usp-related-compound-a,https://res.cloudinary.com/dlkh6unr5/image/upload/v1750952501/products/ax3rhtcopdi1y20kmd01.png,2025-06-26 15:38:23,2025-06-26 15:41:42,685d696f34379062692bad51
140,Bendamustine USP Related Compound C,PV-B003007,3543-74-6,Ethyl 4-{5-[bis(2-hydroxyethyl)amino]-1-methyl-1H-benzimidazol-2-yl}butanoate (as per USP),C18H27N3O4,349.4,,In Stock,Bendamustine,API Impurity Standards,bendamustine-usp-related-compound-c,https://pharmavive.com/products/browse/bendamustine/bendamustine-usp-related-compound-c,https://res.cloudinary.com/dlkh6unr5/image/upload/v1750952520/products/gttyzo1ygmpsj9ljcak4.png,2025-06-26 15:38:24,2025-06-26 15:42:00,685d697034379062692bad55
141,Bendamustine USP Related Compound D (HCl salt),PV-B003024,1797881-48-1,4-{5-[(2-Chloroethyl)amino]-1-methyl-1H-benzimidazol-2-yl}butanoic acid hydrochloride (as per USP),C14H18ClN3O2 : HCl,295.8 : 36.5,,In Stock,Bendamustine,API Impurity Standards,bendamustine-usp-related-compound-d-hcl-salt,https://pharmavive.com/products/browse/bendamustine/bendamustine-usp-related-compound-d-hcl-salt,https://res.cloudinary.com/dlkh6unr5/image/upload/v1750953097/products/ykp4vgndkpcmgxgo8v8d.png,2025-06-26 15:38:35,2025-06-26 15:51:37,685d697b34379062692bad99
142,Bendamustine USP Related Compound F,PV-B003011,1869075-89-7,"(2R,3R,4R,5R)-2,3,4,5,6-pentahydroxyhexyl 4-(5-(bis(2-chloroethyl)amino)-1-methyl-1H-benzo[d]imidazol-2-yl)butanoate",C22H33Cl2N3O7,522.4,,In Stock,Bendamustine,API Impurity Standards,bendamustine-usp-related-compound-f,https://pharmavive.com/products/browse/bendamustine/bendamustine-usp-related-compound-f,https://res.cloudinary.com/dlkh6unr5/image/upload/v1750952746/products/d4nddnqti7xzd2fsff3r.png,2025-06-26 15:38:26,2025-06-26 15:45:46,685d697234379062692bad65
143,Bendamustine USP Related Compound G,PV-B003008,191939-34-1,"4-[6-(2-Chloroethyl)-3,6,7,8-tetrahydro-3-methylimidazo[4,5-h][1,4]benzothiazin-2-yl]butanoic acid (as per USP)",C16H20ClN3O2S,353.9,,In Stock,Bendamustine,API Impurity Standards,bendamustine-usp-related-compound-g,https://pharmavive.com/products/browse/bendamustine/bendamustine-usp-related-compound-g,https://res.cloudinary.com/dlkh6unr5/image/upload/v1750953397/products/wxqa1awnf2twcmdla6ou.png,2025-06-26 15:38:24,2025-06-26 15:56:38,685d697034379062692bad59
144,Bendamustine USP Related Compound G (HCl),PV-B003022,2469039-29-8,"4-[6-(2-Chloroethyl)-3,6,7,8-tetrahydro-3-methylimidazo[4,5-h][1,4]benzothiazin-2-yl]butanoic Acid Hydrochloride",C16H21Cl2N3O2S,390.32,,In Stock,Bendamustine,API Impurity Standards,bendamustine-usp-related-compound-g-hcl,https://pharmavive.com/products/browse/bendamustine/bendamustine-usp-related-compound-g-hcl,https://res.cloudinary.com/dlkh6unr5/image/upload/v1750953067/products/auqi1h5becq5p4itidoi.png,2025-06-26 15:38:33,2025-06-26 15:51:08,685d697934379062692bad91
145,Bendamustine USP Related Compound H,PV-B003009,1228551-91-4,4-[5-({2-[(4-{5-[Bis(2-chloroethyl)amino]-1-methyl-1H-benzimidazol-2-yl}butanoyl)oxy]ethyl}(2-chloroethyl)amino)-1-methyl-1H-benzimidazol-2-yl]butanoic acid (as per USP),C32H41Cl3N6O4,680.1,,In Stock,Bendamustine,API Impurity Standards,bendamustine-usp-related-compound-h,https://pharmavive.com/products/browse/bendamustine/bendamustine-usp-related-compound-h,https://res.cloudinary.com/dlkh6unr5/image/upload/v1750952701/products/kwsgcka25lschlpeluiy.png,2025-06-26 15:38:25,2025-06-26 15:45:02,685d697134379062692bad5d
146,Bendamustine USP Related Compound I (HCl),PV-B003010,N/A,Ethyl 4-(5-(bis(2-chloroethyl)amino)-1-methyl-1H-benzo[d]imidazol-2-yl)butanoate  hydrochloride,C18H25Cl2N3O2 : HCl,386.3 : 36.5,,In Stock,Bendamustine,API Impurity Standards,bendamustine-usp-related-compound-i-hcl,https://pharmavive.com/products/browse/bendamustine/bendamustine-usp-related-compound-i-hcl,https://res.cloudinary.com/dlkh6unr5/image/upload/v1750952723/products/kh7tfsfda7uxc1cqdqsl.png,2025-06-26 15:38:26,2025-06-26 15:45:24,685d697234379062692bad61
147,"Boc-3,5-dihydroxy-1-adamantyl-L-glycine",PV-S002011,681282-72-4,"(S)-2-((tert-Butoxycarbonyl)amino)-2-((1r,3R,5S,7S)-3,5-dihydroxyadamantan-1-yl)acetic Acid;  (αS)-α-[[(1,1-Dimethylethoxy)carbonyl]amino]-3,5-dihydroxytricyclo[3.3.1.13,7]decane-1-acetic Acid Boc-3,5-dihydroxy-1-adamantyl-L-glycine",C17H27NO6,341.4,,In Stock,Saxagliptin,API Impurity Standards,boc-35-dihydroxy-1-adamantyl-l-glycine,https://pharmavive.com/products/browse/saxagliptin/boc-35-dihydroxy-1-adamantyl-l-glycine,https://res.cloudinary.com/dlkh6unr5/image/upload/v1753713242/products/v5klxvcjlmk2z26mgs7d.png,2025-07-28 14:30:22,2025-07-28 14:34:03,6887897e63998afe53415669
148,Boc-3-hydroxy-1-adamantyl-L-glycine,PV-S002012,1334321-39-9,"(2R)-2-((tert-Butoxycarbonyl)amino)-2-(3-hydroxyadamantan-1-yl)acetic Acid; (αR)-α-[[(1,1-Dimethylethoxy)carbonyl]amino]-3-hydroxy-tricyclo[3.3.1.13,7]decane-1-acetic Acid; (R)-2-((tert-butoxycarbonyl)amino)-2-((1r,3S,5R,7S)-3-hydroxyadamantan-1-yl)acetic acid",C17H27NO5,325.4,,In Stock,Saxagliptin,API Impurity Standards,boc-3-hydroxy-1-adamantyl-l-glycine,https://pharmavive.com/products/browse/saxagliptin/boc-3-hydroxy-1-adamantyl-l-glycine,https://res.cloudinary.com/dlkh6unr5/image/upload/v1753713260/products/suf7cifeve2auynyom4a.png,2025-07-28 14:30:22,2025-07-28 14:34:20,6887897e63998afe5341566d
149,Boc-Saxagliptin,PV-S002004,709031-43-6,"N-[(1S)-2-[(1S,3S,5S)-3-cyano-2-azabicyclo[3.1.0]hex-2-yl]-1-(3-hydroxytricyclo[3.3.1.13,7]dec-1-yl)-2-oxoethyl]-Carbamic Acid 1,1-Dimethylethyl Ester;  tert-Butyl [(1S)-2-((1S,3S,5S)-3-cyano-2-azabicyclo[3.1.0]hexan-2-yl)-1-(3-hydroxytricyclo[3.3.1.13,7]decan-1-yl)-2-oxoethyl]carbamate",C23H33N3O4,415.5,,In Stock,Saxagliptin,API Impurity Standards,boc-saxagliptin,https://pharmavive.com/products/browse/saxagliptin/boc-saxagliptin,https://res.cloudinary.com/dlkh6unr5/image/upload/v1753713144/products/dnzngy2zn8cnnaa34fzk.png,2025-07-28 14:30:17,2025-07-28 14:32:24,6887897963998afe5341564d
150,Buprenorphine,PV-B004000,52485-79-7,"(2S)-2-[17-(Cyclopropylmethyl)-4,5α-epoxy-3-hydroxy-6-methoxy-6α,14-ethano-14α-morphinan-7α-yl]-3,3-dimethylbutan-2-ol",C29H41NO4,467.7,,In Stock,Buprenorphine,API Impurity Standards,buprenorphine,https://pharmavive.com/products/browse/buprenorphine/buprenorphine,https://res.cloudinary.com/dlkh6unr5/image/upload/v1750953447/products/oxvsmsexssamywrqsdft.png,2025-06-26 15:54:08,2025-06-26 15:57:28,685d6d2034379062692bae83
151,Buprenorphine EP Impurity A,PV-B004001,457071-73-7,"(2S)-2-[17-(but-3-enyl)-4,5α-epoxy-3-hydroxy-6-methoxy-6α,14-ethano-14α-morphinan-7α-yl]-3,3-dimethylbutan-2-ol (as per EP) ; (S)-2-[17-(But-3-en-1-yl)-4,5α-epoxy-3-hydroxy-6-methoxy-6α,14-ethanomorphinan-7α-yl]-3,3-dimethylbutan-2-ol (as per USP)",C29H41NO4,467.7,,In Stock,Buprenorphine,API Impurity Standards,buprenorphine-ep-impurity-a,https://pharmavive.com/products/browse/buprenorphine/buprenorphine-ep-impurity-a,https://res.cloudinary.com/dlkh6unr5/image/upload/v1750953463/products/hc1xsfsxszq39fs947db.png,2025-06-26 15:54:09,2025-06-26 15:57:44,685d6d2134379062692bae87
152,Buprenorphine EP Impurity B,PV-B004002,78715-23-8,"(2S)-2-(4,5α-epoxy-3-hydroxy-6-methoxy-6α,14-ethano-14α-morphinan-7α-yl)-3,3-dimethylbutan-2-ol (as per EP)",C25H35NO4,413.6,,In Stock,Buprenorphine,API Impurity Standards,buprenorphine-ep-impurity-b,https://pharmavive.com/products/browse/buprenorphine/buprenorphine-ep-impurity-b,https://res.cloudinary.com/dlkh6unr5/image/upload/v1750953477/products/lxw646pqwv5iu7fouvub.png,2025-06-26 15:54:10,2025-06-26 15:57:57,685d6d2234379062692bae8b
153,Buprenorphine EP Impurity C,PV-B004003,799773-67-4,"4,5α-epoxy-7α-[(1S)-1-hydroxy-1,2,2-trimethylpropyl]-3,6-dimethoxy-6α,14-ethano-14α-morphinan-17-carbonitrile (as per EP)",C27H36N2O4,452.6,,In Stock,Buprenorphine,API Impurity Standards,buprenorphine-ep-impurity-c,https://pharmavive.com/products/browse/buprenorphine/buprenorphine-ep-impurity-c,https://res.cloudinary.com/dlkh6unr5/image/upload/v1750953489/products/c5pqhxrnxqedzebmczub.png,2025-06-26 15:54:10,2025-06-26 15:58:10,685d6d2234379062692bae8f
154,Buprenorphine EP Impurity D,PV-B004004,16524-65-5,"(2S)-2-[17-(cyclopropylmethyl)-4,5α-epoxy-3,6-dimethoxy-6α,14-ethano-14α-morphinan-7α-yl]-3,3-dimethylbutan-2-ol (as per EP)",C30H43NO4,481.7,,In Stock,Buprenorphine,API Impurity Standards,buprenorphine-ep-impurity-d,https://pharmavive.com/products/browse/buprenorphine/buprenorphine-ep-impurity-d,https://res.cloudinary.com/dlkh6unr5/image/upload/v1750953571/products/r1n4xonat5jpveyesnti.png,2025-06-26 15:54:11,2025-06-26 15:59:31,685d6d2334379062692bae93
155,Buprenorphine EP Impurity E,PV-B004005,130668-48-3,"(2S)-2-[17-(cyclopropylmethyl)-4,5α-epoxy-3,6-dihydroxy-6α,14-ethano-14α-morphinan-7α-yl]-3,3-dimethylbutan-2-ol (as per EP)",C28H39NO4,453.6,,In Stock,Buprenorphine,API Impurity Standards,buprenorphine-ep-impurity-e,https://pharmavive.com/products/browse/buprenorphine/buprenorphine-ep-impurity-e,https://res.cloudinary.com/dlkh6unr5/image/upload/v1750953586/products/hfy3hhmatnurzyi4wmsp.png,2025-06-26 15:54:12,2025-06-26 15:59:46,685d6d2434379062692bae97
156,Buprenorphine EP Impurity F,PV-B004006,97203-04-8,"17-(cyclopropylmethyl)-4,5α-epoxy-6-methoxy-7α-[1-(1,1-dimethylethyl)ethenyl]-6α,14-ethano-14α-morphinan-3-ol (as per EP)",C29H39NO3,449.6,,In Stock,Buprenorphine,API Impurity Standards,buprenorphine-ep-impurity-f,https://pharmavive.com/products/browse/buprenorphine/buprenorphine-ep-impurity-f,https://res.cloudinary.com/dlkh6unr5/image/upload/v1750953615/products/ezns4bivhgr2z9fw1pyr.png,2025-06-26 15:54:12,2025-06-26 16:00:16,685d6d2434379062692bae9b
157,Buprenorphine EP Impurity G,PV-B004007,163597-04-4,"17,17′-di(cyclopropylmethyl)-4,5α;4′,5α′-diepoxy-7α,7α′-di[(1S)-1-hydroxy-1,2,2-trimethylpropyl]-6,6′-dimethoxy-2,2′-bi(6α,14-ethano-14α-morphinan)-3,3′-diol (as per EP)",C58H80N2O8,933.3,,In Stock,Buprenorphine,API Impurity Standards,buprenorphine-ep-impurity-g,https://pharmavive.com/products/browse/buprenorphine/buprenorphine-ep-impurity-g,https://res.cloudinary.com/dlkh6unr5/image/upload/v1750953636/products/wpwfuwusviz8oumxyzc1.png,2025-06-26 15:54:13,2025-06-26 16:00:37,685d6d2534379062692bae9f
158,Buprenorphine EP Impurity H,PV-B004008,90387-35-2,"(2S)-2-[17-butyl-4,5α-epoxy-3-hydroxy-6-methoxy-6α,14-ethano-14α-morphinan-7α-yl]3,3-dimethylbutan-2-ol (as per EP)",C29H43NO4,469.7,,In Stock,Buprenorphine,API Impurity Standards,buprenorphine-ep-impurity-h,https://pharmavive.com/products/browse/buprenorphine/buprenorphine-ep-impurity-h,https://res.cloudinary.com/dlkh6unr5/image/upload/v1750953651/products/f8ef7uwvsg6s1wvzi6t6.png,2025-06-26 15:54:14,2025-06-26 16:00:51,685d6d2634379062692baea3
159,Buprenorphine EP Impurity I,PV-B004009,89663-73-0,"17-(cyclopropylmethyl)-4″,4″,5″,5″-tetramethyl-4″,5″dihydro-(7βH)-6α,14-ethano-(5βH)-difurano[2′,3′,4′,5′:4,12,13,5;2″,3″:6,7]-14α-morphinan-3-ol (as per EP)",C28H37NO3,435.6,,In Stock,Buprenorphine,API Impurity Standards,buprenorphine-ep-impurity-i,https://pharmavive.com/products/browse/buprenorphine/buprenorphine-ep-impurity-i,https://res.cloudinary.com/dlkh6unr5/image/upload/v1750953664/products/d6vv4yqxfjrg61a2vcmt.png,2025-06-26 15:54:14,2025-06-26 16:01:04,685d6d2634379062692baea7
160,Buprenorphine EP Impurity J,PV-B004010,155203-05-7,"(2S)-2-[17-(cyclopropylmethyl)-4,5α-epoxy-3-hydroxy-6-methoxy-6α,14-etheno-14α-morphinan-7α-yl]-3,3-dimethylbutan-2-ol (as per EP)",C29H39NO4,465.6,,In Stock,Buprenorphine,API Impurity Standards,buprenorphine-ep-impurity-j,https://pharmavive.com/products/browse/buprenorphine/buprenorphine-ep-impurity-j,https://res.cloudinary.com/dlkh6unr5/image/upload/v1750953685/products/ziqjs8yjzmcmv4cet3wf.png,2025-06-26 15:54:15,2025-06-26 16:01:25,685d6d2734379062692baeac
161,Canagliflozin,PV-C001000,842133-18-0,"(1S)-1,5-Anhydro-1-C-[3-[[5-(4-fluorophenyl)-2-thienyl]methyl]-4-methyl phenyl]-D-glucitol",C24H25FO5S,444.5,,In Stock,Canagliflozin,API Impurity Standards,canagliflozin,https://pharmavive.com/products/browse/canagliflozin/canagliflozin,https://res.cloudinary.com/dlkh6unr5/image/upload/v1751038193/products/n8biho5naqjhn9op39om.png,2025-06-27 15:28:35,2025-06-27 15:29:53,685eb8a33fbc37d9db1d780e
162,Canagliflozin  Ring Opening Impurity,PV-C001002,N/A,"(2S,3R,4R,5R)-1-(3-((5-(4-fluorophenyl)thiophen-2-yl)methyl)-4-methylphenyl)hexane-1,2,3,4,5,6-hexaol",C24H27FO6S,462.5,,In Stock,Canagliflozin,API Impurity Standards,canagliflozin-ring-opening-impurity,https://pharmavive.com/products/browse/canagliflozin/canagliflozin-ring-opening-impurity,https://res.cloudinary.com/dlkh6unr5/image/upload/v1751038224/products/puswqex3wplwoofhjqhs.png,2025-06-27 15:28:36,2025-06-27 15:30:24,685eb8a43fbc37d9db1d7816
163,Canagliflozin Bromo Impurity,PV-C001003,1030825-20-7,2-[(5-Bromo-2-methylphenyl)methyl]-5-(4-fluorophenyl)-thiophene,C18H14BrFS,361.2,,In Stock,Canagliflozin,API Impurity Standards,canagliflozin-bromo-impurity,https://pharmavive.com/products/browse/canagliflozin/canagliflozin-bromo-impurity,https://res.cloudinary.com/dlkh6unr5/image/upload/v1751038238/products/fhxru3qdmhyauceise49.png,2025-06-27 15:28:37,2025-06-27 15:30:38,685eb8a53fbc37d9db1d781a
164,Canagliflozin Des-iodo Impurity,PV-C001004,2005454-69-1,2-(4-fluorophenyl)-5-(2-methylbenzyl)thiophene,C18H15FS,282.4,,In Stock,Canagliflozin,API Impurity Standards,canagliflozin-des-iodo-impurity,https://pharmavive.com/products/browse/canagliflozin/canagliflozin-des-iodo-impurity,https://res.cloudinary.com/dlkh6unr5/image/upload/v1751038254/products/lum1bdxyn4fz7va5fswq.png,2025-06-27 15:28:38,2025-06-27 15:30:55,685eb8a63fbc37d9db1d781e
165,Canagliflozin Desfluoro Impurity,PV-C001001,842133-16-8,"(1S)-1,5-Anhydro-1-C-[3-[[5-phenyl-2-thienyl]methyl]-4-methyl phenyl]-D-glucitol",C24H26O5S,426.5,,In Stock,Canagliflozin,API Impurity Standards,canagliflozin-desfluoro-impurity,https://pharmavive.com/products/browse/canagliflozin/canagliflozin-desfluoro-impurity,https://res.cloudinary.com/dlkh6unr5/image/upload/v1751038207/products/eejyhaluszn1xn7kyrhl.png,2025-06-27 15:28:36,2025-06-27 15:30:07,685eb8a43fbc37d9db1d7812
166,Canagliflozin Furanose Impurity,PV-C001005,N/A,"(3R,4R)-2-((S)-1,2-dihydroxyethyl)-5-(3-((5-(4-fluorophenyl)thiophen-2-yl)methyl)-4-methylphenyl)tetrahydrofuran-3,4-diol",C24H25FO5S,444.5,,In Stock,Canagliflozin,API Impurity Standards,canagliflozin-furanose-impurity,https://pharmavive.com/products/browse/canagliflozin/canagliflozin-furanose-impurity,https://res.cloudinary.com/dlkh6unr5/image/upload/v1751038276/products/rhcz3bqlcpnoxsoafjfl.png,2025-06-27 15:28:38,2025-06-27 15:31:17,685eb8a63fbc37d9db1d7822
167,Canagliflozin Hydroxy Impurity,PV-C001006,1951467-29-0,"(2S,3R,4R,5S,6R)-2-(3-((5-(4-fluorophenyl)thiophen-2-yl)(hydroxy)methyl)-4-methylphenyl)-6-(hydroxymethyl)tetrahydro-2H-pyran-3,4,5-triol",C24H25FO6S,460.5,,In Stock,Canagliflozin,API Impurity Standards,canagliflozin-hydroxy-impurity,https://pharmavive.com/products/browse/canagliflozin/canagliflozin-hydroxy-impurity,https://res.cloudinary.com/dlkh6unr5/image/upload/v1751038288/products/s3tfyrjszumt9xla2ax1.png,2025-06-27 15:28:39,2025-06-27 15:31:29,685eb8a73fbc37d9db1d7826
168,Carprofen,PV-C003000,53716-49-7,(2RS)-2-(6-Chloro-9H-carbazol-2-yl)propanoic acid (as per EP) ; (±)-6-Chloro-α-methylcarbazole-2-acetic acid (as per USP),C15H12ClNO2,273.72,,In Stock,Carprofen,API Impurity Standards,carprofen,https://pharmavive.com/products/browse/carprofen/carprofen,https://res.cloudinary.com/dlkh6unr5/image/upload/v1751038704/products/vbp54zvsh8but5bmrrt0.png,2025-06-27 15:36:29,2025-06-27 15:38:24,685eba7d3fbc37d9db1d78f6
169,Carprofen EP Impurity A,PV-C003001,252288-17-8,2-(6-chloro-9H-carbazol-2-yl)-2-methylpropanedioic acid (as per EP),C16H12ClNO4,317.73,,In Stock,Carprofen,API Impurity Standards,carprofen-ep-impurity-a,https://pharmavive.com/products/browse/carprofen/carprofen-ep-impurity-a,https://res.cloudinary.com/dlkh6unr5/image/upload/v1751038721/products/rcuh3actdllae5rwmcfb.png,2025-06-27 15:36:30,2025-06-27 15:38:41,685eba7e3fbc37d9db1d78fa
170,Carprofen EP Impurity B,PV-C003002,52263-68-0,(2RS)-2-(9H-carbazol-2-yl)propanoic acid,C15H13NO2,239.27,,In Stock,Carprofen,API Impurity Standards,carprofen-ep-impurity-b,https://pharmavive.com/products/browse/carprofen/carprofen-ep-impurity-b,https://res.cloudinary.com/dlkh6unr5/image/upload/v1751038734/products/gi9aku5c1xjebzelzstz.png,2025-06-27 15:36:30,2025-06-27 15:38:54,685eba7e3fbc37d9db1d78fe
171,Carprofen EP Impurity C,PV-C003003,92841-21-9,(1RS)-1-(6-chloro-9H-carbazol-2-yl)ethanol,C14H12ClNO,245.71,,In Stock,Carprofen,API Impurity Standards,carprofen-ep-impurity-c,https://pharmavive.com/products/browse/carprofen/carprofen-ep-impurity-c,https://res.cloudinary.com/dlkh6unr5/image/upload/v1751038751/products/bqgntiflfa4uoz9trjqv.png,2025-06-27 15:36:31,2025-06-27 15:39:11,685eba7f3fbc37d9db1d7902
172,Carprofen EP Impurity D,PV-C003004,92841-22-0,1-(6-chloro-9H-carbazol-2-yl)ethan-1-one,C14H10ClNO,243.69,,In Stock,Carprofen,API Impurity Standards,carprofen-ep-impurity-d,https://pharmavive.com/products/browse/carprofen/carprofen-ep-impurity-d,https://res.cloudinary.com/dlkh6unr5/image/upload/v1751038769/products/q1jzukc3l3gghihznwee.png,2025-06-27 15:36:32,2025-06-27 15:39:30,685eba803fbc37d9db1d7906
173,Carprofen EP Impurity E,PV-C003005,2732-25-4,3-chloro-9H-carbazole,C12H8ClN,201.65,,In Stock,Carprofen,API Impurity Standards,carprofen-ep-impurity-e,https://pharmavive.com/products/browse/carprofen/carprofen-ep-impurity-e,https://res.cloudinary.com/dlkh6unr5/image/upload/v1751038788/products/dcdwqro8amgl3jaxnzxs.png,2025-06-27 15:36:32,2025-06-27 15:39:48,685eba803fbc37d9db1d790a
174,Carprofen EP Impurity F,PV-C003006,71208-55-4,diethyl 2-(6-chloro-9H-carbazol-2-yl)-2-methylpropanedioate,C20H20ClNO4,373.83,,In Stock,Carprofen,API Impurity Standards,carprofen-ep-impurity-f,https://pharmavive.com/products/browse/carprofen/carprofen-ep-impurity-f,https://res.cloudinary.com/dlkh6unr5/image/upload/v1751038813/products/as0vvjiuggknnvttdczm.png,2025-06-27 15:36:33,2025-06-27 15:40:13,685eba813fbc37d9db1d790e
175,Carprofen EP Impurity G,PV-C003007,52262-89-2,ethyl (2RS)-2-(6-chloro-9H-carbazol-2-yl)propanoate,C17H16ClNO2,301.77,,In Stock,Carprofen,API Impurity Standards,carprofen-ep-impurity-g,https://pharmavive.com/products/browse/carprofen/carprofen-ep-impurity-g,https://res.cloudinary.com/dlkh6unr5/image/upload/v1751038825/products/npqwty4bprer8uxvqy4j.png,2025-06-27 15:36:34,2025-06-27 15:40:25,685eba823fbc37d9db1d7912
176,Carprofen EP Impurity H,PV-C003008,92841-23-1,6-chloro-2-ethyl-9H-carbazole,C14H12ClN,229.71,,In Stock,Carprofen,API Impurity Standards,carprofen-ep-impurity-h,https://pharmavive.com/products/browse/carprofen/carprofen-ep-impurity-h,https://res.cloudinary.com/dlkh6unr5/image/upload/v1751038840/products/kl80cwroatjy9degxztn.png,2025-06-27 15:36:34,2025-06-27 15:40:41,685eba823fbc37d9db1d7916
177,Carprofen Impurity 1,PV-C003009,1808312-15-3,Dimethyl 2-(6-chloro-9H-carbazol-2-yl)-2-methylmalonate,C18H16ClNO4,345.8,,In Stock,Carprofen,API Impurity Standards,carprofen-impurity-1,https://pharmavive.com/products/browse/carprofen/carprofen-impurity-1,https://res.cloudinary.com/dlkh6unr5/image/upload/v1751038856/products/zralabtzemrpjmhbead7.png,2025-06-27 15:36:35,2025-06-27 15:40:56,685eba833fbc37d9db1d791a
178,Carprofen Impurity 2,PV-C003010,114041-35-9,"1-(6-Chloro-9H-carbazol-2-yl)-1,1-dimethoxypropan-2-ol",C17H18ClNO3,319.8,,In Stock,Carprofen,API Impurity Standards,carprofen-impurity-2,https://pharmavive.com/products/browse/carprofen/carprofen-impurity-2,https://res.cloudinary.com/dlkh6unr5/image/upload/v1751039182/products/oqgzsdru7orjxdhaya5g.png,2025-06-27 15:36:36,2025-06-27 15:46:22,685eba843fbc37d9db1d791e
179,Carprofen Impurity 3,PV-C003011,114041-34-8,1-(9-Acetyl-6-chloro-9H-carbazol-2-yl)-2-chloropropan-1-one,C17H13Cl2NO2,334.2,,In Stock,Carprofen,API Impurity Standards,carprofen-impurity-3,https://pharmavive.com/products/browse/carprofen/carprofen-impurity-3,https://res.cloudinary.com/dlkh6unr5/image/upload/v1751039170/products/kqasgly8zuqzdyrxp0v2.png,2025-06-27 15:36:36,2025-06-27 15:46:11,685eba843fbc37d9db1d7922
180,Caspofungin Diacetate,PV-C002000,179463-17-3,"1-[(4R,5S)-5-[(2-Aminoethyl)amino]-N2-[(10R,12S)-10,12-dimethyl-1-oxotetradecyl]-4-hydroxy-L-ornithine]-5-(threo-3-hydroxy-L-ornithine)pneumocandin B0 Diacetate",C52H88N10O15 : 2(C2H4O2),1093.34 : 60.05,,In Stock,Caspofungin,API Impurity Standards,caspofungin-diacetate,https://pharmavive.com/products/browse/caspofungin/caspofungin-diacetate,https://res.cloudinary.com/dlkh6unr5/image/upload/v1751038370/products/qlngsjzavix0tfotylyl.png,2025-06-27 15:31:44,2025-06-27 15:32:51,685eb9603fbc37d9db1d786b
181,Caspofungin Dimer 1,PV-C002008,N/A,"(4R)-N-((2S,3S,4S)-1-(((2S)-5-Amino-1-((3S,4S)-3-carbamoyl-4-hydroxypyrrolidin-1-yl)-3-hydroxy-1-oxopentan-2-yl)amino)-3,4-dihydroxy-4-(4-hydroxyphenyl)-1-oxobutan-2-yl)-1-((2S)-2-((2R,4S)-5-((2-(((2R,6S,9S,11R,12S,14aS,15S,20S,23S,25aS)-20-((R)-3-amino-1-hydroxypropyl)-23-((1S,2S)-1,2-dihydroxy-2-(4-hydroxyphenyl)ethyl)-9-((10R,12S)-10,12-dimethyltetradecanamido)-2,11,15-trihydroxy-6-((R)-1-hydroxyethyl)-5,8,14,19,22,25-hexaoxotetracosahydro-1H-dipyrrolo[2,1-c:2',1'-l][1,4,7,10,13,16]hexaazacyclohenicosin-12-yl)amino)ethyl)amino)-2-((10R,12S)-10,12-dimethyltetradecanamido)-4-hydroxypentanamido)-3-hydroxybutanoyl)-4-hydroxypyrrolidine-2-carboxamide",C102H170N18O30,2128.6,,In Stock,Caspofungin,API Impurity Standards,caspofungin-dimer-1,https://pharmavive.com/products/browse/caspofungin/caspofungin-dimer-1,https://res.cloudinary.com/dlkh6unr5/image/upload/v1751038508/products/crvottem5b3uvyrvakf4.png,2025-06-27 15:31:49,2025-06-27 15:35:09,685eb9653fbc37d9db1d788b
182,Caspofungin Dimer 2,PV-C002009,N/A,"(2S,4R)-N-((2S,3S,4S)-1-(((2S)-5-Amino-1-((2S,3R)-2-carbamoyl-3-hydroxypyrrolidin-1-yl)-3-hydroxy-1-oxopentan-2-yl)amino)-3,4-dihydroxy-4-(4-hydroxyphenyl)-1-oxobutan-2-yl)-1-((2S)-2-((R)-5-((2-(((2R,6S,9S,11R,12S,14aS,15S,20S,23S,25aS)-20-((R)-3-amino-1-hydroxypropyl)-23-((1S,2S)-1,2-dihydroxy-2-(4-hydroxyphenyl)ethyl)-9-((10R,12S)-10,12-dimethyltetradecanamido)-2,11,15-trihydroxy-6-((R)-1-hydroxyethyl)-5,8,14,19,22,25-hexaoxotetracosahydro-1H-dipyrrolo[2,1-c:2',1'-l][1,4,7,10,13,16]hexaazacyclohenicosin-12-yl)amino)ethyl)amino)-2-((10R,12S)-10,12-dimethyltetradecanamido)pentanamido)-3-hydroxybutanoyl)-4-hydroxypyrrolidine-2-carboxamide",C102H170N18O29,2112.6,,In Stock,Caspofungin,API Impurity Standards,caspofungin-dimer-2,https://pharmavive.com/products/browse/caspofungin/caspofungin-dimer-2,https://res.cloudinary.com/dlkh6unr5/image/upload/v1751038523/products/lakluov8fv5qx7glpro7.png,2025-06-27 15:31:50,2025-06-27 15:35:23,685eb9663fbc37d9db1d788f
183,Caspofungin Hydroxylamine Impurity,PV-C002007,1671884-42-6,"(10R,12S)-N-((2R,9S,11R,12S,14aS,15S,20S,25aS)-20-((R)-3-amino-1-hydroxypropyl)-12-((2-aminoethyl)(hydroxy)amino)-23-((1S,2S)-1,2-dihydroxy-2-(4-hydroxyphenyl)ethyl)-2,11,15-trihydroxy-6-((R)-1-hydroxyethyl)-5,8,14,19,22,25-hexaoxotetracosahydro-1H-dipyrrolo[2,1-c:2',1'-l][1,4,7,10,13,16]hexaazacyclohenicosin-9-yl)-10,12-dimethyltetradecanamide",C52H88N10O16,1109.3,,In Stock,Caspofungin,API Impurity Standards,caspofungin-hydroxylamine-impurity,https://pharmavive.com/products/browse/caspofungin/caspofungin-hydroxylamine-impurity,https://res.cloudinary.com/dlkh6unr5/image/upload/v1751038494/products/direbddhvzuqcbv6tqep.png,2025-06-27 15:31:49,2025-06-27 15:34:55,685eb9653fbc37d9db1d7887
184,Caspofungin III,PV-C002010,N/A,"2-Ethylhexyl 2-(((2R,6S,9S,11R,12R,14aS,15S,20S,23S,25aS)-20-((R)-3-amino-1-hydroxypropyl)-23-((1S,2S)-1,2-dihydroxy-2-(4-hydroxyphenyl)ethyl)-9-((10S,12R)-10,12-dimethyltetradecanamido)-2,11,15-trihydroxy-6-((R)-1-hydroxyethyl)-5,8,14,19,22,25-hexaoxotetracosahydro-1H-dipyrrolo[2,1-c:2',1'-l][1,4,7,10,13,16]hexaazacyclohenicosin-12-yl)thio)acetate acetate",C60H100N8O17S : C2H4O2,1237.6 : 60.1,,In Stock,Caspofungin,API Impurity Standards,caspofungin-iii,https://pharmavive.com/products/browse/caspofungin/caspofungin-iii,https://res.cloudinary.com/dlkh6unr5/image/upload/v1751038541/products/jv4b9tsh3fjb4vndljca.png,2025-06-27 15:31:51,2025-06-27 15:35:41,685eb9673fbc37d9db1d7893
185,Caspofungin Impurity A,PV-C002001,1202167-57-4,"(10R,12S)-N-((2R,6S,9S,11R,12R,14aS,15S,20S,25aS)-20-((R)-3-amino-1-hydroxypropyl)-12-((2-aminoethyl)amino)-23-((1S,2S)-1,2-dihydroxy-2-(4-hydroxyphenyl)ethyl)-2,11,15-trihydroxy-6-(hydroxymethyl)-5,8,14,19,22,25-hexaoxotetracosahydro-1H-dipyrrolo[2,1-c:2',1'-l][1,4,7,10,13,16]hexaazacyclohenicosin-9-yl)-10,12-dimethyltetradecanamide",C51H86N10O15,1079.3,,In Stock,Caspofungin,API Impurity Standards,caspofungin-impurity-a,https://pharmavive.com/products/browse/caspofungin/caspofungin-impurity-a,https://res.cloudinary.com/dlkh6unr5/image/upload/v1751038387/products/utcuuyrwiem8bviq6r7w.png,2025-06-27 15:31:45,2025-06-27 15:33:07,685eb9613fbc37d9db1d786f
186,Caspofungin Impurity B,PV-C002002,N/A,"(10R,12S)-N-((2R,6S,9S,11R,12R,14aS,15S,20S,23S,25aS)-20-((R)-3-amino-1-hydroxypropyl)-12-((2-aminoethyl)amino)-23-((1S,2S)-1,2-dihydroxy-2-(4-hydroxyphenyl)ethyl)-2,11,15-trihydroxy-6-((R)-1-hydroxyethyl)-5,8,14,19,22,25-hexaoxotetracosahydro-1H-dipyrrolo[2,1-c:2',1'-l][1,4,7,10,13,16]hexaazacyclohenicosin-9-yl)-10,12-dimethyltetradecanamide",C52H88N10O15,1093.3,,In Stock,Caspofungin,API Impurity Standards,caspofungin-impurity-b,https://pharmavive.com/products/browse/caspofungin/caspofungin-impurity-b,https://res.cloudinary.com/dlkh6unr5/image/upload/v1751038402/products/xlfuibxdzfggvkjphjh1.png,2025-06-27 15:31:45,2025-06-27 15:33:23,685eb9613fbc37d9db1d7873
187,Caspofungin Impurity C,PV-C002003,251095-73-5,"N-((2R,9S,11R,12R,14aS,16R,20S,25aS)-20-((R)-3-amino-1-hydroxypropyl)-12-((2-aminoethyl)amino)-23-((1S,2S)-1,2-dihydroxy-2-(4-hydroxyphenyl)ethyl)-2,11,16-trihydroxy-6-((R)-1-hydroxyethyl)-5,8,14,19,22,25-hexaoxotetracosahydro-1H-dipyrrolo[2,1-c:2',1'-l][1,4,7,10,13,16]hexaazacyclohenicosin-9-yl)-10,12-dimethyltetradecanamide",C52H88N10O15,1093.3,,In Stock,Caspofungin,API Impurity Standards,caspofungin-impurity-c,https://pharmavive.com/products/browse/caspofungin/caspofungin-impurity-c,https://res.cloudinary.com/dlkh6unr5/image/upload/v1751038419/products/k95hihx0obj2ufhpdkvx.png,2025-06-27 15:31:46,2025-06-27 15:33:40,685eb9623fbc37d9db1d7877
188,Caspofungin Impurity D,PV-C002004,314080-31-4,"(2R,4R)-N-((2S,3R)-1-((2S,4R)-2-(((2S,3S,4S)-1-(((2S,3R)-5-amino-1-((2S,3S)-2-carbamoyl-3-hydroxypyrrolidin-1-yl)-3-hydroxy-1-oxopentan-2-yl)amino)-3,4-dihydroxy-4-(4-hydroxyphenyl)-1-oxobutan-2-yl)carbamoyl)-4-hydroxypyrrolidin-1-yl)-3-hydroxy-1-oxobutan-2-yl)-1-(10,12-dimethyltetradecanoyl)-4,5-dihydroxypyrrolidine-2-carboxamide",C50H82N8O16,1051.2,,In Stock,Caspofungin,API Impurity Standards,caspofungin-impurity-d,https://pharmavive.com/products/browse/caspofungin/caspofungin-impurity-d,https://res.cloudinary.com/dlkh6unr5/image/upload/v1751038438/products/whakyovc7bllo8htfa2p.png,2025-06-27 15:31:47,2025-06-27 15:34:02,685eb9633fbc37d9db1d787b
189,Caspofungin Impurity E,PV-C002005,150283-04-8,"(10R,12S)-N-((2R,9S,11R,12R,14aS,15S,20S,25aS)-20-((R)-3-amino-1-hydroxypropyl)-23-((1S,2S)-1,2-dihydroxy-2-(4-hydroxyphenyl)ethyl)-2,11,12,15-tetrahydroxy-6-((R)-1-hydroxyethyl)-5,8,14,19,22,25-hexaoxotetracosahydro-1H-dipyrrolo[2,1-c:2',1'-l][1,4,7,10,13,16]hexaazacyclohenicosin-9-yl)-10,12-dimethyltetradecanamide",C50H82N8O16,1051.2,,In Stock,Caspofungin,API Impurity Standards,caspofungin-impurity-e,https://pharmavive.com/products/browse/caspofungin/caspofungin-impurity-e,https://res.cloudinary.com/dlkh6unr5/image/upload/v1751038460/products/nyirwanak5dzh1xrxsm8.png,2025-06-27 15:31:47,2025-06-27 15:34:21,685eb9633fbc37d9db1d787f
190,Caspofungin Impurity F,PV-C002006,N/A,"(2S,4R)-N-((2S,3S,4S)-1-(((2S,3R)-5-amino-1-((2S,3S)-2-carbamoyl-3-hydroxypyrrolidin-1-yl)-3-hydroxy-1-oxopentan-2-yl)amino)-3,4-dihydroxy-4-(4-hydroxyphenyl)-1-oxobutan-2-yl)-1-(((2S,4S,Z)-5-((2-(((2R,6S,9S,11R,14aS,15S,20S,23S,25aS)-20-((R)-3-amino-1-hydroxypropyl)-23-((1S,2S)-1,2-dihydroxy-2-(4-hydroxyphenyl)ethyl)-9-((10R,12S)-10,12-dimethyltetradecanamido)-2,11,15-trihydroxy-6-((R)-1-hydroxyethyl)-5,8,14,19,22,25-hexaoxotetracosahydro-1H-dipyrrolo[2,1-c:2',1'-l][1,4,7,10,13,16]hexaazacyclohenicosin-12-yl)amino)ethyl)imino)-2-((10R,12S)-10,12-dimethyltetradecanamido)-4-hydroxypentanoyl)-L-threonyl)-4-hydroxypyrrolidine-2-carboxamide",C102H168N18O30,2126.6,,In Stock,Caspofungin,API Impurity Standards,caspofungin-impurity-f,https://pharmavive.com/products/browse/caspofungin/caspofungin-impurity-f,https://res.cloudinary.com/dlkh6unr5/image/upload/v1751038479/products/e7elkzgw2iy60cft2in0.png,2025-06-27 15:31:48,2025-06-27 15:34:40,685eb9643fbc37d9db1d7883
191,Cetirizine,PV-C004000,83881-51-0,(RS)-2-[2-[4-[(4-Chlorophenyl)phenylmethyl]piperazin-1-yl]ethoxy]acetic acid,C21H25ClN2O3,388.9,,In Stock,Cetirizine,API Impurity Standards,cetirizine,https://pharmavive.com/products/browse/cetirizine/cetirizine,https://res.cloudinary.com/dlkh6unr5/image/upload/v1751039267/products/xeu6ijhktwsw3ma6pcvo.png,2025-06-27 15:46:44,2025-06-27 15:47:48,685ebce43fbc37d9db1d7995
192,Cetirizine 3-Chloro Impurity,PV-C004015,1232460-29-5,(RS)-2-[2-[4-[(3-Chlorophenyl)phenylmethyl]piperazin-1-yl]ethoxy] acetic acid dihydrochloride ;,C21H25ClN2O3 : 2(HCl),388.9 : 2(36.5),,In Stock,Cetirizine,API Impurity Standards,cetirizine-3-chloro-impurity,https://pharmavive.com/products/browse/cetirizine/cetirizine-3-chloro-impurity,https://res.cloudinary.com/dlkh6unr5/image/upload/v1751040827/products/qobhighretedzln96a9m.png,2025-06-27 15:46:55,2025-06-27 16:13:47,685ebcef3fbc37d9db1d79d1
193,Cetirizine Dihydrochloride,PV-C004001,83881-52-1,(RS)-2-[2-[4-[(4-Chlorophenyl)phenylmethyl]piperazin-1-yl]ethoxy]acetic acid dihydrochloride ;,C21H25ClN2O3 : 2(HCl),388.9 : 2(36.5),,In Stock,Cetirizine,API Impurity Standards,cetirizine-dihydrochloride,https://pharmavive.com/products/browse/cetirizine/cetirizine-dihydrochloride,https://res.cloudinary.com/dlkh6unr5/image/upload/v1751039297/products/w0eljnt0ae7xr45tz41x.png,2025-06-27 15:46:45,2025-06-27 15:48:18,685ebce53fbc37d9db1d7999
194,Cetirizine EP Impurity A,PV-C004002,303-26-4,(RS)-1-[(4-Chlorophenyl)phenylmethyl]piperazine ;,C17H19ClN2,286.8,,In Stock,Cetirizine,API Impurity Standards,cetirizine-ep-impurity-a,https://pharmavive.com/products/browse/cetirizine/cetirizine-ep-impurity-a,https://res.cloudinary.com/dlkh6unr5/image/upload/v1751039317/products/ymxjpnxhjrg58yrkzfen.png,2025-06-27 15:46:46,2025-06-27 15:48:38,685ebce63fbc37d9db1d799d
195,Cetirizine EP Impurity B,PV-C004003,113740-61-7,(RS)-2-[4-[(4-Chlorophenyl)phenylmethyl]piperazin-1-yl]acetic acid,C19H21ClN2O2,344.8,,In Stock,Cetirizine,API Impurity Standards,cetirizine-ep-impurity-b,https://pharmavive.com/products/browse/cetirizine/cetirizine-ep-impurity-b,https://res.cloudinary.com/dlkh6unr5/image/upload/v1751040609/products/vzp1c0ffkgdki4hmhnaa.png,2025-06-27 15:46:46,2025-06-27 16:10:09,685ebce63fbc37d9db1d79a1
196,Cetirizine EP Impurity B Ethyl Ester,PV-C004004,19178-83-7,(RS)-2-[4-[(4-Chlorophenyl)phenylmethyl]piperazin-1-yl]acetic acid ethyl ester ;,C21H25ClN2O2,372.89,,In Stock,Cetirizine,API Impurity Standards,cetirizine-ep-impurity-b-ethyl-ester,https://pharmavive.com/products/browse/cetirizine/cetirizine-ep-impurity-b-ethyl-ester,https://res.cloudinary.com/dlkh6unr5/image/upload/v1751040631/products/uqvatclcanbbzclvsss4.png,2025-06-27 15:46:47,2025-06-27 16:10:31,685ebce73fbc37d9db1d79a5
197,Cetirizine EP Impurity C,PV-C004005,83881-59-8,(RS)-2-[2-[4-[(2-Chlorophenyl)phenylmethyl]piperazin-1-yl]ethoxy] acetic acid ;,C21H25ClN2O3,388.89,,In Stock,Cetirizine,API Impurity Standards,cetirizine-ep-impurity-c,https://pharmavive.com/products/browse/cetirizine/cetirizine-ep-impurity-c,https://res.cloudinary.com/dlkh6unr5/image/upload/v1751040648/products/puvbxlygloypi9wssda5.png,2025-06-27 15:46:48,2025-06-27 16:10:48,685ebce83fbc37d9db1d79a9
198,Cetirizine EP Impurity D,PV-C004006,346451-15-8,"1,4-bis[(4-Chlorophenyl)phenylmethyl]piperazine",C30H28Cl2N2,487.5,,In Stock,Cetirizine,API Impurity Standards,cetirizine-ep-impurity-d,https://pharmavive.com/products/browse/cetirizine/cetirizine-ep-impurity-d,https://res.cloudinary.com/dlkh6unr5/image/upload/v1751040665/products/m4nrvnxoeye5for0ixtp.png,2025-06-27 15:46:48,2025-06-27 16:11:06,685ebce83fbc37d9db1d79ad
199,Cetirizine EP Impurity E,PV-C004007,682323-77-9,(RS)-2-[2-[2-[4-[(4-Chlorophenyl)phenylmethyl]piperazin-1-yl]ethoxy] ethoxy] acetic acid ;,C23H29ClN2O4,432.94,,In Stock,Cetirizine,API Impurity Standards,cetirizine-ep-impurity-e,https://pharmavive.com/products/browse/cetirizine/cetirizine-ep-impurity-e,https://res.cloudinary.com/dlkh6unr5/image/upload/v1751040682/products/ffewjwf5v4zsfkev1xvu.png,2025-06-27 15:46:49,2025-06-27 16:11:23,685ebce93fbc37d9db1d79b1
200,Cetirizine EP Impurity F,PV-C004008,83881-53-2,2-(2-(4-benzhydrylpiperazin-1-yl)ethoxy)acetic acid,C21H26N2O3,354.5,,In Stock,Cetirizine,API Impurity Standards,cetirizine-ep-impurity-f,https://pharmavive.com/products/browse/cetirizine/cetirizine-ep-impurity-f,https://res.cloudinary.com/dlkh6unr5/image/upload/v1751040698/products/obevl4f3uenmfapkikv3.png,2025-06-27 15:46:50,2025-06-27 16:11:39,685ebcea3fbc37d9db1d79b5
201,Cetirizine EP Impurity G (2HCl),PV-C004009,164726-80-1,(R)-2-(4-((4-chlorophenyl)(phenyl)methyl)piperazin-1-yl)ethan-1-ol Dihydrochloride ;,C19H23ClN2O . 2HCl,330.86 . 2(36.46),,In Stock,Cetirizine,API Impurity Standards,cetirizine-ep-impurity-g-2hcl,https://pharmavive.com/products/browse/cetirizine/cetirizine-ep-impurity-g-2hcl,https://res.cloudinary.com/dlkh6unr5/image/upload/v1751040715/products/vfg6tcl5tydio38vfic3.png,2025-06-27 15:46:50,2025-06-27 16:11:56,685ebcea3fbc37d9db1d79b9
202,Cetirizine Ethyl Ester,PV-C004025,246870-46-2,"2-[2-[4-[(4-Chlorophenyl)phenylmethyl]-1-piperazinyl]ethoxy]acetic Acid Ethyl Ester;[2-[4-[(4-chlorophenyl)phenylmethyl]-1-piperazinyl]ethoxy]acetic Acid Ethyl Ester; (RS)-2-[2-[4-[(4-Chlorophenyl)phenylmethyl]piperazin-1-yl]ethoxy]acetic acid, ethyl ester (Cetirizine Ethyl Ester); Cetirizine Related Compound A (USP)",C23H29ClN2O3,416.94,,In Stock,Cetirizine,API Impurity Standards,cetirizine-ethyl-ester,https://pharmavive.com/products/browse/cetirizine/cetirizine-ethyl-ester,https://res.cloudinary.com/dlkh6unr5/image/upload/v1751041002/products/zxao2khwl7g01cqumptt.png,2025-06-27 15:47:02,2025-06-27 16:16:43,685ebcf63fbc37d9db1d79f9
203,Cetirizine Glycerol Ester,PV-C004020,1243652-36-9,"2,3-dihydroxypropyl 2-(2-(4-((4-chlorophenyl)(phenyl)methyl)piperazin-1-yl)ethoxy)acetate",C24H31ClN2O5,462.97,,In Stock,Cetirizine,API Impurity Standards,cetirizine-glycerol-ester,https://pharmavive.com/products/browse/cetirizine/cetirizine-glycerol-ester,https://res.cloudinary.com/dlkh6unr5/image/upload/v1751040912/products/yz1v8sjhxfa4m3dygfbm.png,2025-06-27 15:46:58,2025-06-27 16:15:13,685ebcf23fbc37d9db1d79e5
204,Cetirizine Glycol Ester,PV-C004027,2705552-48-1,2-Hydroxypropyl 2-(2-{4-[(4-chlorophenyl)phenylmethyl]piperazin-1-yl}ethoxy)acetate,C24H31ClN2O4,446.97,,In Stock,Cetirizine,API Impurity Standards,cetirizine-glycol-ester,https://pharmavive.com/products/browse/cetirizine/cetirizine-glycol-ester,https://res.cloudinary.com/dlkh6unr5/image/upload/v1751041034/products/yfxkwfupdgpyv3bok0i0.png,2025-06-27 15:47:03,2025-06-27 16:17:15,685ebcf73fbc37d9db1d7a01
205,Cetirizine Impurity 2,PV-C004022,1391052-52-0,(R)-1-((4-chlorophenyl)(phenyl)methyl)-4-(phenylsulfonyl)piperazine,C23H23ClN2O2S,426.96,,In Stock,Cetirizine,API Impurity Standards,cetirizine-impurity-2,https://pharmavive.com/products/browse/cetirizine/cetirizine-impurity-2,https://res.cloudinary.com/dlkh6unr5/image/upload/v1751040948/products/penpqns6aqvgywitcfgi.png,2025-06-27 15:47:00,2025-06-27 16:15:49,685ebcf43fbc37d9db1d79ed
206,Cetirizine Impurity 3,PV-C004023,134978-97-5,2-(2-(2-Aminoethoxy)ethoxy)acetic acid,C6H13NO4,163.2,,In Stock,Cetirizine,API Impurity Standards,cetirizine-impurity-3,https://pharmavive.com/products/browse/cetirizine/cetirizine-impurity-3,https://res.cloudinary.com/dlkh6unr5/image/upload/v1751040963/products/vbsma9mbml7z3f5izn6w.png,2025-06-27 15:47:00,2025-06-27 16:16:04,685ebcf43fbc37d9db1d79f1
207,Cetirizine Impurity 7,PV-C004024,82-93-9,1-((4-chlorophenyl)(phenyl)methyl)-4-methylpiperazine,C18H21ClN2,300.8,,In Stock,Cetirizine,API Impurity Standards,cetirizine-impurity-7,https://pharmavive.com/products/browse/cetirizine/cetirizine-impurity-7,https://res.cloudinary.com/dlkh6unr5/image/upload/v1751040981/products/mdektf5cugdhmsh7owr2.png,2025-06-27 15:47:01,2025-06-27 16:16:21,685ebcf53fbc37d9db1d79f5
208,Cetirizine Lactose Ester,PV-C004019,N/A,"((2R,3R,4S,5R,6S)-3,4,5-trihydroxy-6-(((2R,3S,4R,5R,6S)-4,5,6-trihydroxy-2-(hydroxymethyl)tetrahydro-2H-pyran-3-yl)oxy)tetrahydro-2H-pyran-2-yl)methyl 2-(2-(4-((4-chlorophenyl)(phenyl)methyl)piperazin-1-yl)ethoxy)acetate",C33H45ClN2O13,713.2,,In Stock,Cetirizine,API Impurity Standards,cetirizine-lactose-ester,https://pharmavive.com/products/browse/cetirizine/cetirizine-lactose-ester,https://res.cloudinary.com/dlkh6unr5/image/upload/v1751040897/products/aergls0fnsqx8fiwzxji.png,2025-06-27 15:46:58,2025-06-27 16:14:58,685ebcf23fbc37d9db1d79e1
209,Cetirizine Methyl Ester (USP),PV-C004010,83881-48-5,(RS)-2-[2-[4-[(4-Chlorophenyl)phenylmethyl]piperazin-1-yl]ethoxy]acetic acid methyl ester dihydrochloride ;,C22H27ClN2O3 : 2HCl,402.9 : 2(36.5),,In Stock,Cetirizine,API Impurity Standards,cetirizine-methyl-ester-usp,https://pharmavive.com/products/browse/cetirizine/cetirizine-methyl-ester-usp,https://res.cloudinary.com/dlkh6unr5/image/upload/v1751040732/products/tqz5gxl6tzzrepjegvof.png,2025-06-27 15:46:52,2025-06-27 16:12:13,685ebcec3fbc37d9db1d79bd
210,Cetirizine N-Oxide,PV-C004017,1076199-80-8,(RS)-2-[2-[4-[(4-Chlorophenyl)phenylmethyl]-1-oxido-piperazin-1-yl]ethoxy] acetic acid ;,C21H25ClN2O4,404.89,,In Stock,Cetirizine,API Impurity Standards,cetirizine-n-oxide,https://pharmavive.com/products/browse/cetirizine/cetirizine-n-oxide,https://res.cloudinary.com/dlkh6unr5/image/upload/v1751040862/products/brzi0amjl5rqjvelebfo.png,2025-06-27 15:46:56,2025-06-27 16:14:23,685ebcf03fbc37d9db1d79d9
211,Cetirizine R-Isomer,PV-C004016,130018-87-0,(R)-2-[2-[4-[(4-Chlorophenyl)phenylmethyl]piperazin-1-yl]ethoxy]acetic acid dihydrochloride ;,C21H27Cl3N2O3,461.81,,In Stock,Cetirizine,API Impurity Standards,cetirizine-r-isomer,https://pharmavive.com/products/browse/cetirizine/cetirizine-r-isomer,https://res.cloudinary.com/dlkh6unr5/image/upload/v1751040846/products/ewpwzy799z4n4ovsfvbi.png,2025-06-27 15:46:56,2025-06-27 16:14:06,685ebcf03fbc37d9db1d79d5
212,Cetirizine Sorbitol Ester Impurity,PV-C004018,13848888-64-5,"(2R,3R,4R,5R)-2,3,4,5,6-pentahydroxyhexyl 2-(2-(4-((4-chlorophenyl)(phenyl)methyl)piperazin-1-yl)ethoxy)acetate;",C27H37ClN2O8,553.04,,In Stock,Cetirizine,API Impurity Standards,cetirizine-sorbitol-ester-impurity,https://pharmavive.com/products/browse/cetirizine/cetirizine-sorbitol-ester-impurity,https://res.cloudinary.com/dlkh6unr5/image/upload/v1751040879/products/eda7ardt39llb1lstdov.png,2025-06-27 15:46:57,2025-06-27 16:14:40,685ebcf13fbc37d9db1d79dd
213,Cetirizine USP Related Compound C,PV-C004012,83881-37-2,(RS)-2-[2-[4-[(4-Chlorophenyl)phenylmethyl]piperazin-1-yl]ethoxy]acetamide,C21H26ClN3O2,387.9,,In Stock,Cetirizine,API Impurity Standards,cetirizine-usp-related-compound-c,https://pharmavive.com/products/browse/cetirizine/cetirizine-usp-related-compound-c,https://res.cloudinary.com/dlkh6unr5/image/upload/v1751040765/products/ns5c6b4sk1cqqc2m1isa.png,2025-06-27 15:46:53,2025-06-27 16:12:46,685ebced3fbc37d9db1d79c5
214,Cetirizine USP Related Compund A (2HCl salt),PV-C004011,2732277-01-7,(RS)-2-[2-[4-[(4-Chlorophenyl)phenylmethyl]piperazin-1-yl]ethoxy]acetic acid ethyl ester dihydrochloride ;,C23H29ClN2O3 : 2(HCl),416.9 : 2(36.5),,In Stock,Cetirizine,API Impurity Standards,cetirizine-usp-related-compund-a-2hcl-salt,https://pharmavive.com/products/browse/cetirizine/cetirizine-usp-related-compund-a-2hcl-salt,https://res.cloudinary.com/dlkh6unr5/image/upload/v1751040749/products/zgjqcjfqabwrf91y0lai.png,2025-06-27 15:46:52,2025-06-27 16:12:29,685ebcec3fbc37d9db1d79c1
215,Ciprofloxacin,PV-C005000,85721-33-1,1-cyclopropyl-6-fluoro-4-oxo-7-piperazin-1-ylquinoline-3-carboxylic acid,C17H18FN3O3,331.346,,In Stock,Ciprofloxacin,API Impurity Standards,ciprofloxacin,https://pharmavive.com/products/browse/ciprofloxacin/ciprofloxacin,https://res.cloudinary.com/dlkh6unr5/image/upload/v1751041128/products/z1pkhc3nwvxmujohz3xp.png,2025-06-27 16:18:03,2025-06-27 16:18:48,685ec43b3fbc37d9db1d7ae5
216,Ciprofloxacin EP Impurity A,PV-C005001,86393-33-1,"7-chloro-1-cyclopropyl-6-fluoro-4-oxo-1,4-dihydroquinoline-3-carboxylic acid",C13H9ClFNO3,281.67,,In Stock,Ciprofloxacin,API Impurity Standards,ciprofloxacin-ep-impurity-a,https://pharmavive.com/products/browse/ciprofloxacin/ciprofloxacin-ep-impurity-a,https://res.cloudinary.com/dlkh6unr5/image/upload/v1751041139/products/jrmqkdmmd89u6qh8bggu.png,2025-06-27 16:18:03,2025-06-27 16:19:00,685ec43b3fbc37d9db1d7ae9
217,Ciprofloxacin EP Impurity B,PV-C005002,93107-11-0,"1-cyclopropyl-4-oxo-7-(piperazin-1-yl)-1,4-dihydroquinoline-3-carboxylic acid",C17H19N3O3,313.36,,In Stock,Ciprofloxacin,API Impurity Standards,ciprofloxacin-ep-impurity-b,https://pharmavive.com/products/browse/ciprofloxacin/ciprofloxacin-ep-impurity-b,https://res.cloudinary.com/dlkh6unr5/image/upload/v1751041154/products/zirnhbmtiuovqxaslpah.png,2025-06-27 16:18:04,2025-06-27 16:19:15,685ec43c3fbc37d9db1d7aed
218,Ciprofloxacin EP Impurity C (HCl Salt),PV-C005003,528851-31-2,"7-[(2-Aminoethyl)amino]-1-cyclopropyl-6-fluoro-4-oxo-1,4-dihydroquinoline-3-carboxylic acid hydrochloride (as per EP)",C15H16FN3O3 : HCl,305.3 : 36.5,,In Stock,Ciprofloxacin,API Impurity Standards,ciprofloxacin-ep-impurity-c-hcl-salt,https://pharmavive.com/products/browse/ciprofloxacin/ciprofloxacin-ep-impurity-c-hcl-salt,https://res.cloudinary.com/dlkh6unr5/image/upload/v1751041173/products/rqtgixoglilqwstguwsh.png,2025-06-27 16:18:05,2025-06-27 16:19:33,685ec43d3fbc37d9db1d7af1
219,Ciprofloxacin EP Impurity D,PV-C005004,133210-96-5,"7-chloro-1-cyclopropyl-4-oxo-6-(piperazin-1-yl)-1,4-dihydroquinoline-3-carboxylic acid",C17H18ClN3O3,347.8,,In Stock,Ciprofloxacin,API Impurity Standards,ciprofloxacin-ep-impurity-d,https://pharmavive.com/products/browse/ciprofloxacin/ciprofloxacin-ep-impurity-d,https://res.cloudinary.com/dlkh6unr5/image/upload/v1751041189/products/g1xzjhglxblm7q0feetg.png,2025-06-27 16:18:06,2025-06-27 16:19:49,685ec43e3fbc37d9db1d7af5
220,Ciprofloxacin EP Impurity E,PV-C005005,105394-83-0,1-cyclopropyl-6-fluoro-7-(piperazin-1-yl)quinolin-4(1H)-one,C16H18FN3O,287.34,,In Stock,Ciprofloxacin,API Impurity Standards,ciprofloxacin-ep-impurity-e,https://pharmavive.com/products/browse/ciprofloxacin/ciprofloxacin-ep-impurity-e,https://res.cloudinary.com/dlkh6unr5/image/upload/v1751041203/products/agfvrcov2aj71gesmuqu.png,2025-06-27 16:18:06,2025-06-27 16:20:03,685ec43e3fbc37d9db1d7af9
221,Ciprofloxacin EP Impurity F,PV-C005006,226903-07-7,"1-cyclopropyl-6-hydroxy-4-oxo-7-(piperazin-1-yl)-1,4-dihydroquinoline-3-carboxylic acid.",C17H19N3O4,329.36,,In Stock,Ciprofloxacin,API Impurity Standards,ciprofloxacin-ep-impurity-f,https://pharmavive.com/products/browse/ciprofloxacin/ciprofloxacin-ep-impurity-f,https://res.cloudinary.com/dlkh6unr5/image/upload/v1751041213/products/q9cweoshnzgw5msb6tfp.png,2025-06-27 16:18:07,2025-06-27 16:20:14,685ec43f3fbc37d9db1d7afd
222,Cis Lurasidone,PV-L008004,139563-25-0,"[(3aR,4S,7R,7aS)-2-{[1R,2S-rel-]-2-[4(1,2-benzisothiazol-3-yl)-piperazin-1-yl-methyl]-cyclohexyl methyl}hexahydro-4,7-methano-2H-isoindole-1,3-dionehydrochlloride]",C28H36N4O2S : HCl,492.7 : 36.5,,In Stock,Lurasidone,API Impurity Standards,cis-lurasidone,https://pharmavive.com/products/browse/lurasidone/cis-lurasidone,https://res.cloudinary.com/dlkh6unr5/image/upload/v1753452590/products/tfzvr6ac4bd3v3wtgcmy.png,2025-07-25 14:07:56,2025-07-25 14:09:50,68838fbc63998afe53414682
223,Citalopram,PV-C006000,59729-33-8,"1-(3-(dimethylamino)propyl)-1-(4-fluorophenyl)-1,3-dihydroisobenzofuran-5-carbonitrile",C20H21FN2O,324.4,,In Stock,Citalopram,API Impurity Standards,citalopram,https://pharmavive.com/products/browse/citalopram/citalopram,https://res.cloudinary.com/dlkh6unr5/image/upload/v1751041280/products/uceedmgvxxehnf6ao1ad.png,2025-06-27 16:20:30,2025-06-27 16:21:21,685ec4ce3fbc37d9db1d7b44
224,Citalopram EP Impurity A,PV-C006001,64372-56-1,"1-(3-(Dimethylamino)propyl)-1-(4'-fluorophenyl)-1,3-dihydro isobenzo furan-5-carboxamide;",C20H23FN2O2,342.41,,In Stock,Citalopram,API Impurity Standards,citalopram-ep-impurity-a,https://pharmavive.com/products/browse/citalopram/citalopram-ep-impurity-a,https://res.cloudinary.com/dlkh6unr5/image/upload/v1751041294/products/gmgvhnh7urq7twtrc1uq.png,2025-06-27 16:20:31,2025-06-27 16:21:34,685ec4cf3fbc37d9db1d7b48
225,Citalopram EP Impurity B,PV-C006002,411221-53-9,"1-[3-(Dimethylamino)propyl]-1-(4-fluorophenyl)-3-hydroxy-1,3-dihydro isobenzofuran-5-carbonitrile ;",C20H21FN2O2,340.39,,In Stock,Citalopram,API Impurity Standards,citalopram-ep-impurity-b,https://pharmavive.com/products/browse/citalopram/citalopram-ep-impurity-b,https://res.cloudinary.com/dlkh6unr5/image/upload/v1751041310/products/c16fihlympnyhwubcn5h.png,2025-06-27 16:20:32,2025-06-27 16:21:51,685ec4d03fbc37d9db1d7b4c
226,Citalopram EP Impurity C,PV-C006003,372941-54-3,"3-[3-(Dimethylamino)-1-propyl](4-fluorophenyl)-6-cyano-1(3H)-isobenzofuranone ; 1-(3-(dimethylamino)propyl)-1-(4-fluorophenyl)-3-oxo-1,3-dihydroisobenzofuran-5-carbonitrile",C20H19FN2O2,338.38,,In Stock,Citalopram,API Impurity Standards,citalopram-ep-impurity-c,https://pharmavive.com/products/browse/citalopram/citalopram-ep-impurity-c,https://res.cloudinary.com/dlkh6unr5/image/upload/v1751041323/products/omsjt7at3jbio7y7r34y.png,2025-06-27 16:20:32,2025-06-27 16:22:03,685ec4d03fbc37d9db1d7b50
227,Citalopram EP Impurity D,PV-C006004,62498-67-3,"1-(4'-Fluorophenyl)-1-(3-(methylamino)propyl)-1,3-dihydro isobenzo furan-5-carbonitrile",C19H19FN2O,310.4,,In Stock,Citalopram,API Impurity Standards,citalopram-ep-impurity-d,https://pharmavive.com/products/browse/citalopram/citalopram-ep-impurity-d,https://res.cloudinary.com/dlkh6unr5/image/upload/v1751041336/products/yphgvr50llnv0b8ydc6g.png,2025-06-27 16:20:33,2025-06-27 16:22:17,685ec4d13fbc37d9db1d7b54
228,Citalopram EP Impurity D (HBr salt),PV-C006006,1188264-72-3,"(1RS)-1-(4-fluorophenyl)-1-[3-(methylamino)propyl]-1,3-dihydroisobenzofuran-5-carbonitrile hydrochloride (as per EP) ; 1-(4-Fluorophenyl)-1-(3-methylaminopropyl)-1,3-dihydroisobenzofuran-5-carbonitrile hydrobromide (as per USP)",C19H19FN2O : HBr,310.37 : 80.91,,In Stock,Citalopram,API Impurity Standards,citalopram-ep-impurity-d-hbr-salt,https://pharmavive.com/products/browse/citalopram/citalopram-ep-impurity-d-hbr-salt,https://res.cloudinary.com/dlkh6unr5/image/upload/v1751041364/products/fu5wdscgi1rdlsnputej.png,2025-06-27 16:20:34,2025-06-27 16:22:44,685ec4d23fbc37d9db1d7b5c
229,Citalopram EP Impurity D (HCl),PV-C006005,97743-99-2,"1-(4'-Fluorophenyl)-1-(3-(methylamino)propyl)-1,3-dihydro isobenzo furan-5-carbonitrile hydrochloride ;",C19H19FN2O : HCl,310.37 : 36.46,,In Stock,Citalopram,API Impurity Standards,citalopram-ep-impurity-d-hcl,https://pharmavive.com/products/browse/citalopram/citalopram-ep-impurity-d-hcl,https://res.cloudinary.com/dlkh6unr5/image/upload/v1751041351/products/shbhdp5ovjsbaduqas6q.png,2025-06-27 16:20:34,2025-06-27 16:22:31,685ec4d23fbc37d9db1d7b58
230,Citalopram EP Impurity E,PV-C006007,1332724-08-9,1-(4'-Fluorophenyl)-1-(3-dimethylaminopropyl)-5-chlorophthalane hydrobromide ;,C19H21ClFNO : HBr,333.83 : 80.91,,In Stock,Citalopram,API Impurity Standards,citalopram-ep-impurity-e,https://pharmavive.com/products/browse/citalopram/citalopram-ep-impurity-e,https://res.cloudinary.com/dlkh6unr5/image/upload/v1751041377/products/yf3jbflapym8gjmvpyub.png,2025-06-27 16:20:35,2025-06-27 16:22:57,685ec4d33fbc37d9db1d7b60
231,Citalopram EP Impurity F,PV-C006008,64169-39-7,"5-Bromo-1-(4-fluorophenyl)-1,3-dihydro-N,N-dimethyl-1-isobenzofuranpropanamine",C19H21BrFNO,378.28,,In Stock,Citalopram,API Impurity Standards,citalopram-ep-impurity-f,https://pharmavive.com/products/browse/citalopram/citalopram-ep-impurity-f,https://res.cloudinary.com/dlkh6unr5/image/upload/v1751041392/products/quq9dxpedycywqurvj85.png,2025-06-27 16:20:36,2025-06-27 16:23:12,685ec4d43fbc37d9db1d7b64
232,Citalopram EP Impurity G,PV-C006009,1329745-98-3,"4-(Dimethylamino)-1-[(1RS)-1-[3- (dimethylamino)propyl]-1-(4-fluorophenyl)-1,3-dihydro-2- benzofuran-5-yl]butan-1-one ;",C25H33FN2O2,412.54,,In Stock,Citalopram,API Impurity Standards,citalopram-ep-impurity-g,https://pharmavive.com/products/browse/citalopram/citalopram-ep-impurity-g,https://res.cloudinary.com/dlkh6unr5/image/upload/v1751041405/products/j8zup7rambaanuumblw7.png,2025-06-27 16:20:36,2025-06-27 16:23:25,685ec4d43fbc37d9db1d7b68
233,Clindamycin  Phosphate,PV-C007000,24729-96-2,"Methyl 7-Chloro-6,7,8-trideoxy-6-trans-(1-methyl-4-propyl-L-2-pyrrolidine-carboxamido)-1-thio-L-threo-α-D-galactooctopyranoside 2-(Dihydrogen Phosphate);7(S)-Chloro-7-deoxylincomycin 2-Phosphate;",C18H34ClN2O8PS,504.96,,In Stock,Clindamycin,API Impurity Standards,clindamycin-phosphate,https://pharmavive.com/products/browse/clindamycin/clindamycin-phosphate,https://res.cloudinary.com/dlkh6unr5/image/upload/v1751041500/products/rdkuwpqupfjnw9ksagpx.png,2025-06-27 16:23:56,2025-06-27 16:25:00,685ec59c3fbc37d9db1d7bcf
234,Clindamycin Phosphate EP Impurity A,PV-C007001,154-21-2,"methyl 6,8-dideoxy-6-[[[(2S,4R)-1-methyl-4-propylpyrrolidin-2-yl]carbonyl]amino]-1-thio-D-erythro-α-D-galacto-octopyranoside",C18H34N2O6S,406.54,,In Stock,Clindamycin,API Impurity Standards,clindamycin-phosphate-ep-impurity-a,https://pharmavive.com/products/browse/clindamycin/clindamycin-phosphate-ep-impurity-a,https://res.cloudinary.com/dlkh6unr5/image/upload/v1751041514/products/pizjx6eoufnonny0jqa0.png,2025-06-27 16:23:56,2025-06-27 16:25:15,685ec59c3fbc37d9db1d7bd3
235,Clindamycin Phosphate EP Impurity B,PV-C007002,54887-31-9,"methyl 7-chloro-6,7,8-trideoxy-6-[[[(2S,4R)-4-ethyl-1-methylpyrrolidin-2-yl]carbonyl]amino]-2-O-phosphono-1-thio-L-threo-α-D-galacto-octopyranoside",C17H32ClN2O8PS,490.93,,In Stock,Clindamycin,API Impurity Standards,clindamycin-phosphate-ep-impurity-b,https://pharmavive.com/products/browse/clindamycin/clindamycin-phosphate-ep-impurity-b,https://res.cloudinary.com/dlkh6unr5/image/upload/v1751041529/products/oyxswnshx9rtrrjpqvpf.png,2025-06-27 16:23:57,2025-06-27 16:25:30,685ec59d3fbc37d9db1d7bd7
236,Clindamycin Phosphate EP Impurity C,PV-C007003,28708-34-1,"methyl 7-chloro-6,7,8-trideoxy-6-[[[(2S,4R)-1-methyl-4-propylpyrrolidin-2-yl]carbonyl]amino]-3-O-phosphono-1-thio-L-threo-α-D-galacto-octopyranoside",C18H34ClN2O8PS,504.97,,In Stock,Clindamycin,API Impurity Standards,clindamycin-phosphate-ep-impurity-c,https://pharmavive.com/products/browse/clindamycin/clindamycin-phosphate-ep-impurity-c,https://res.cloudinary.com/dlkh6unr5/image/upload/v1751041548/products/agslybipls5yuuxc88te.png,2025-06-27 16:23:58,2025-06-27 16:25:49,685ec59e3fbc37d9db1d7bdb
237,Clindamycin Phosphate EP Impurity D,PV-C007004,54887-30-8,"methyl 7-chloro-6,7,8-trideoxy-6-[[[(2S,4R)-1-methyl-4-propylpyrrolidin-2-yl]carbonyl]amino]-4-O-phosphono-1-thio-L-threo-α-D-galacto-octopyranoside",C18H34ClN2O8PS,504.97,,In Stock,Clindamycin,API Impurity Standards,clindamycin-phosphate-ep-impurity-d,https://pharmavive.com/products/browse/clindamycin/clindamycin-phosphate-ep-impurity-d,https://res.cloudinary.com/dlkh6unr5/image/upload/v1751041564/products/ngdsef2aszngweplwcrr.png,2025-06-27 16:23:58,2025-06-27 16:26:04,685ec59e3fbc37d9db1d7bdf
238,Clindamycin Phosphate EP Impurity E,PV-C007005,18323-44-9,"methyl 7-chloro-6,7,8-trideoxy-6-[[[(2S,4R)-1-methyl-4-propylpyrrolidin-2-yl]carbonyl]amino]-1-thio-L-threo-α-D-galacto-octopyranoside",C18H33ClN2O5S,424.98,,In Stock,Clindamycin,API Impurity Standards,clindamycin-phosphate-ep-impurity-e,https://pharmavive.com/products/browse/clindamycin/clindamycin-phosphate-ep-impurity-e,https://res.cloudinary.com/dlkh6unr5/image/upload/v1751041580/products/csx1jre6ttzn1h6ewnm3.png,2025-06-27 16:23:59,2025-06-27 16:26:20,685ec59f3fbc37d9db1d7be3
239,Clindamycin Phosphate EP Impurity F,PV-C007006,27480-30-4,"Methyl 6,8-dideoxy-6-[[[(2S,4R)-1-methyl-4-propyl-2-pyrrolidinyl] carbonyl]amino]-2-O-phosphono-1-thio-D-erythro-α-D-galacto-octopyranoside",C18H35N2O9PS,486.52,,In Stock,Clindamycin,API Impurity Standards,clindamycin-phosphate-ep-impurity-f,https://pharmavive.com/products/browse/clindamycin/clindamycin-phosphate-ep-impurity-f,https://res.cloudinary.com/dlkh6unr5/image/upload/v1751041601/products/ubddxzqud8zttkmgkcio.png,2025-06-27 16:24:00,2025-06-27 16:26:41,685ec5a03fbc37d9db1d7be7
240,Clindamycin Phosphate EP Impurity G,PV-C007007,N/A,"methyl 6,8-dideoxy-2,4-O-(hydroxyphosphoryl)-6-[[[(2S,4R)-1-methyl-4-propylpyrrolidin-2-yl]carbonyl]amino]-1-thio-D-erythro-α-D-galacto-octopyranoside",C18H33N2O8PS,468.51,,In Stock,Clindamycin,API Impurity Standards,clindamycin-phosphate-ep-impurity-g,https://pharmavive.com/products/browse/clindamycin/clindamycin-phosphate-ep-impurity-g,https://res.cloudinary.com/dlkh6unr5/image/upload/v1751041617/products/fczqs17esuw2ygkl6ogd.png,2025-06-27 16:24:00,2025-06-27 16:26:57,685ec5a03fbc37d9db1d7beb
241,Clindamycin Phosphate EP Impurity H,PV-C007008,N/A,"methyl 7-chloro-6,7,8-trideoxy-6-[[[(2S,4R)-1-methyl-4-propylpyrrolidin-2-yl]carbonyl]amino]-2,3-di-O-phosphono-1-thio-L-threo-α-D-galacto-octopyranoside",C18H35ClN2O11P2S,584.94,,In Stock,Clindamycin,API Impurity Standards,clindamycin-phosphate-ep-impurity-h,https://pharmavive.com/products/browse/clindamycin/clindamycin-phosphate-ep-impurity-h,https://res.cloudinary.com/dlkh6unr5/image/upload/v1751041634/products/f23cvydsdjgxqtycutx2.png,2025-06-27 16:24:01,2025-06-27 16:27:15,685ec5a13fbc37d9db1d7bef
242,Clindamycin Phosphate EP Impurity I,PV-C007009,1309048-48-3,"methyl 7-chloro-6,7,8-trideoxy-6-[[[(2S,4R)-1-methyl-4-propylpyrrolidin-2-yl]carbonyl]amino]-2,4-di-O-phosphono-1-thio-L-threo-α-D-galacto-octopyranoside",C18H35ClN2O11P2S,584.95,,In Stock,Clindamycin,API Impurity Standards,clindamycin-phosphate-ep-impurity-i,https://pharmavive.com/products/browse/clindamycin/clindamycin-phosphate-ep-impurity-i,https://res.cloudinary.com/dlkh6unr5/image/upload/v1751041651/products/wcraee51jbvh7mr8tx9q.png,2025-06-27 16:24:02,2025-06-27 16:27:31,685ec5a23fbc37d9db1d7bf3
243,Clindamycin Phosphate EP Impurity J,PV-C007010,1309349-64-1,"methyl 7-chloro-6,7,8-trideoxy-6-[[[(2S)-1-methyl-4-propylidenepyrrolidin-2-yl]carbonyl]amino]-2-O-phosphono-1-thio-L-threo-α-D-galacto-octopyranoside",C18H32ClN2O8PS,502.96,,In Stock,Clindamycin,API Impurity Standards,clindamycin-phosphate-ep-impurity-j,https://pharmavive.com/products/browse/clindamycin/clindamycin-phosphate-ep-impurity-j,https://res.cloudinary.com/dlkh6unr5/image/upload/v1751041671/products/pakfla391cvlmucejcnd.png,2025-06-27 16:24:02,2025-06-27 16:27:52,685ec5a23fbc37d9db1d7bf7
244,Clindamycin Phosphate EP Impurity K,PV-C007011,N/A,"2,2′-oxybis(hydroxyphosphoryl)bis[methyl 7-chloro-6,7,8-trideoxy-6-[[[(2S,4R)-1-methyl-4-propylpyrrolidin-2-yl]carbonyl]amino]-1-thio-L-threo-α-D-galacto-octopyranoside]",C36H66Cl2N4O15P2S2,991.93,,In Stock,Clindamycin,API Impurity Standards,clindamycin-phosphate-ep-impurity-k,https://pharmavive.com/products/browse/clindamycin/clindamycin-phosphate-ep-impurity-k,https://res.cloudinary.com/dlkh6unr5/image/upload/v1751041696/products/nnlq3rge5awcaytqsax2.png,2025-06-27 16:24:03,2025-06-27 16:28:16,685ec5a33fbc37d9db1d7bfb
245,Clindamycin Phosphate EP Impurity L,PV-C007012,620181-05-7,"(2R,3R,4S,5R,6R)-6-((1S,2R)-2-chloro-1-((2S,4R)-1-methyl-4-propylpyrrolidine-2-carboxamido) propyl)-4,5-dihydroxy-2-(methylthio)tetrahydro-2H-pyran-3-yl dihydrogen phosphate",C18H34ClN2O8PS,504.96,,In Stock,Clindamycin,API Impurity Standards,clindamycin-phosphate-ep-impurity-l,https://pharmavive.com/products/browse/clindamycin/clindamycin-phosphate-ep-impurity-l,https://res.cloudinary.com/dlkh6unr5/image/upload/v1751041728/products/uqryhrhyr0uinsgo3g9p.png,2025-06-27 16:24:04,2025-06-27 16:28:49,685ec5a43fbc37d9db1d7bff
246,Colchicine,PV-C008000,64-86-8,"N-[(7S,12aM)-1,2,3,10-tetramethoxy-9-oxo-5,6,7,9-tetrahydrobenzo[a]heptalen-7-yl]acetamide (as per EP); (S)-N-(5,6,7,9-tetrahydro-1,2,3,10-tetramethoxy-9-oxobenzo[a]heptalen-7-yl)-acetamide (as per USP)",C22H25NO6,399.4,,In Stock,Colchicine,API Impurity Standards,colchicine,https://pharmavive.com/products/browse/colchicine/colchicine,https://res.cloudinary.com/dlkh6unr5/image/upload/v1751041848/products/yfgodvqasg6clrtxq9pt.png,2025-06-27 16:29:03,2025-06-27 16:30:49,685ec6cf3fbc37d9db1d7c70
247,Colchicine EP Impurity A,PV-C008001,7411-12-3,"N-[(7S,12aM)-1,2,3,10-tetramethoxy-9-oxo-5,6,7,9-tetrahydrobenzo[a]heptalen-7-yl]formamide (as per EP)",C21H23NO6,385.4,,In Stock,Colchicine,API Impurity Standards,colchicine-ep-impurity-a,https://pharmavive.com/products/browse/colchicine/colchicine-ep-impurity-a,https://res.cloudinary.com/dlkh6unr5/image/upload/v1751041863/products/ewqfakrvnmegxaid9fsk.png,2025-06-27 16:29:04,2025-06-27 16:31:04,685ec6d03fbc37d9db1d7c74
248,Colchicine EP Impurity C,PV-C008002,6901-13-9,"N-[(7S,7bR,10aS)-1,2,3,9-tetramethoxy-8-oxo-5,6,7,7b,8,10a-hexahydrobenzo[a]cyclopenta[3,4]cyclobuta[1,2-c]cyclohepten-7-yl]acetamide (as per EP)",C22H25NO6,399.4,,In Stock,Colchicine,API Impurity Standards,colchicine-ep-impurity-c,https://pharmavive.com/products/browse/colchicine/colchicine-ep-impurity-c,https://res.cloudinary.com/dlkh6unr5/image/upload/v1751041881/products/cableyglmpmj5qrm94vn.png,2025-06-27 16:29:05,2025-06-27 16:31:22,685ec6d13fbc37d9db1d7c78
249,Colchicine EP Impurity D,PV-C008003,477-29-2,"N-[(7S,12aM)-3-(β-D-Glucopyranosyloxy)-1,2,10-trimethoxy-9-oxo-5,6,7,9-tetrahydrobenzo[a]heptalen-7-yl]acetamide (as per EP)",C27H33NO11,547.6,,In Stock,Colchicine,API Impurity Standards,colchicine-ep-impurity-d,https://pharmavive.com/products/browse/colchicine/colchicine-ep-impurity-d,https://res.cloudinary.com/dlkh6unr5/image/upload/v1751041896/products/qrjgeygutmk73vc36kpz.png,2025-06-27 16:29:05,2025-06-27 16:31:36,685ec6d13fbc37d9db1d7c7c
250,Colchicine EP Impurity E,PV-C008004,7336-33-6,"N-[(7S,12aM)-3-hydroxy-1,2,10-trimethoxy-9-oxo-5,6,7,9-tetrahydrobenzo[a]heptalen-7-yl]acetamide (as per EP)",C21H23NO6,385.4,,In Stock,Colchicine,API Impurity Standards,colchicine-ep-impurity-e,https://pharmavive.com/products/browse/colchicine/colchicine-ep-impurity-e,https://res.cloudinary.com/dlkh6unr5/image/upload/v1751041925/products/lf6gebpyqo8cu9j7wyb8.png,2025-06-27 16:29:06,2025-06-27 16:32:06,685ec6d23fbc37d9db1d7c80
251,Colchicine EP Impurity F,PV-C008005,477-27-0,"N-[(7S,12aM)-10-hydroxy-1,2,3-trimethoxy-9-oxo-5,6,7,9-tetrahydrobenzo[a]heptalen-7-yl]acetamide (as per EP)",C21H23NO6,385.4,,In Stock,Colchicine,API Impurity Standards,colchicine-ep-impurity-f,https://pharmavive.com/products/browse/colchicine/colchicine-ep-impurity-f,https://res.cloudinary.com/dlkh6unr5/image/upload/v1751041956/products/eocwavv4qtoibwxr0jmd.png,2025-06-27 16:29:07,2025-06-27 16:32:37,685ec6d33fbc37d9db1d7c84
252,Colchicine EP Impurity G,PV-C008006,6901-14-0,"N-[(7S,7bS,10aR)-1,2,3,9-tetramethoxy-8-oxo-5,6,7,7b,8,10a-hexahydrobenzo[a]cyclopenta[3,4]cyclobuta[1,2-c]cyclohepten-7-yl]acetamide (as per EP)",C22H25NO6,399.4,,In Stock,Colchicine,API Impurity Standards,colchicine-ep-impurity-g,https://pharmavive.com/products/browse/colchicine/colchicine-ep-impurity-g,https://res.cloudinary.com/dlkh6unr5/image/upload/v1751041985/products/y3l7wpmuaqj2dffezj62.png,2025-06-27 16:29:07,2025-06-27 16:33:05,685ec6d33fbc37d9db1d7c88
253,D-Ser(14)-Semaglutide,PV-S003001,NA,"(3S,9R,12S,15S,18S,21S,24S,27S,30S,33S,36S,39S,45S,48S,51S,54S,81S)-54-(((6S,12S,15S,18S,21S,24S,27S,30S,33S)-21-((1H-indol-3-yl)methyl)-1-amino-30-benzyl-27-((S)-sec-butyl)-35-carboxy-6-((carboxymethyl)carbamoyl)-12-(3-guanidinopropyl)-1-imino-18-isobutyl-15-isopropyl-24-methyl-8,11,14,17,20,23,26,29,32-nonaoxo-2,7,10,13,16,19,22,25,28,31-decaazapentatriacontan-33-yl)carbamoyl)-3-(2-((S)-2-amino-3-(1H-imidazol-4-yl)propanamido)-2-methylpropanamido)-45-(3-amino-3-oxopropyl)-12-benzyl-39-(2-carboxyethyl)-21-(carboxymethyl)-33-(4-hydroxybenzyl)-9,15-bis((R)-1-hydroxyethyl)-18,27,30-tris(hydroxymethyl)-36-isobutyl-24-isopropyl-48,51-dimethyl-4,7,10,13,16,19,22,25,28,31,34,37,40,43,46,49,52,60,69,78,83-henicosaoxo-62,65,71,74-tetraoxa-5,8,11,14,17,20,23,26,29,32,35,38,41,44,47,50,53,59,68,77,82-henicosaazanonanonacontane-1,81,99-tricarboxylic acid",C187H291N45O59,4113.64,,In Stock,Semaglutide,API Impurity Standards,d-ser14-semaglutide,https://pharmavive.com/products/browse/semaglutide/d-ser14-semaglutide,https://res.cloudinary.com/dlkh6unr5/image/upload/v1753713434/products/pgayc7jvp2tncsnnczxg.png,2025-07-28 14:35:06,2025-07-28 14:37:15,68878a9a63998afe534156f6
254,D-[Asp]-9-Semaglutide,PV-S003003,NA,"(3S,9S,12S,15S,18S,21R,24S,27S,30S,33S,36S,39S,45S,48S,51S,54S,81R)-54-(((6S,12S,15S,18S,21S,24S,27S,30S,33S)-21-((1H-indol-3-yl)methyl)-1-amino-30-benzyl-27-((S)-sec-butyl)-35-carboxy-6-((carboxymethyl)carbamoyl)-12-(3-guanidinopropyl)-1-imino-18-isobutyl-15-isopropyl-24-methyl-8,11,14,17,20,23,26,29,32-nonaoxo-2,7,10,13,16,19,22,25,28,31-decaazapentatriacontan-33-yl)carbamoyl)-3-(2-((S)-2-amino-3-(1H-imidazol-4-yl)propanamido)-2-methylpropanamido)-45-(3-amino-3-oxopropyl)-12-benzyl-39-(2-carboxyethyl)-21-(carboxymethyl)-33-(4-hydroxybenzyl)-9,15-bis((R)-1-hydroxyethyl)-18,27,30-tris(hydroxymethyl)-36-isobutyl-24-isopropyl-48,51-dimethyl-4,7,10,13,16,19,22,25,28,31,34,37,40,43,46,49,52,60,69,78,83-henicosaoxo-62,65,71,74-tetraoxa-5,8,11,14,17,20,23,26,29,32,35,38,41,44,47,50,53,59,68,77,82-henicosaazanonanonacontane-1,81,99-tricarboxylic acid",C187H291N45O59,4113.6,,In Stock,Semaglutide,API Impurity Standards,d-asp-9-semaglutide,https://pharmavive.com/products/browse/semaglutide/d-asp-9-semaglutide,https://res.cloudinary.com/dlkh6unr5/image/upload/v1753713475/products/o93c8fev5bdu7ozaiwca.png,2025-07-28 14:35:07,2025-07-28 14:37:55,68878a9b63998afe534156fe
255,D-[Ser]-8-Semaglutide,PV-S003005,NA,"(3S,9S,12S,15S,18R,21S,24S,27S,30S,33S,36S,39S,45S,48S,51S,54S,81R)-54-(((6S,12S,15S,18S,21S,24S,27S,30S,33S)-21-((1H-indol-3-yl)methyl)-1-amino-30-benzyl-27-((S)-sec-butyl)-35-carboxy-6-((carboxymethyl)carbamoyl)-12-(3-guanidinopropyl)-1-imino-18-isobutyl-15-isopropyl-24-methyl-8,11,14,17,20,23,26,29,32-nonaoxo-2,7,10,13,16,19,22,25,28,31-decaazapentatriacontan-33-yl)carbamoyl)-3-(2-((S)-2-amino-3-(1H-imidazol-4-yl)propanamido)-2-methylpropanamido)-45-(3-amino-3-oxopropyl)-12-benzyl-39-(2-carboxyethyl)-21-(carboxymethyl)-33-(4-hydroxybenzyl)-9,15-bis((R)-1-hydroxyethyl)-18,27,30-tris(hydroxymethyl)-36-isobutyl-24-isopropyl-48,51-dimethyl-4,7,10,13,16,19,22,25,28,31,34,37,40,43,46,49,52,60,69,78,83-henicosaoxo-62,65,71,74-tetraoxa-5,8,11,14,17,20,23,26,29,32,35,38,41,44,47,50,53,59,68,77,82-henicosaazanonanonacontane-1,81,99-tricarboxylic acid",C187H291N45O59,4113.6,,In Stock,Semaglutide,API Impurity Standards,d-ser-8-semaglutide,https://pharmavive.com/products/browse/semaglutide/d-ser-8-semaglutide,https://res.cloudinary.com/dlkh6unr5/image/upload/v1753713507/products/svkiilkeae241fmlbrkt.png,2025-07-28 14:35:09,2025-07-28 14:38:28,68878a9d63998afe53415706
256,Dabigatran,PV-D001000,211914-51-1,3-({2-[(4-Carbamimidoyl-phenylamino)-methyl]-1-methyl-1H-benzoimidazole-5-carbonyl}-pyridin-2-yl-amino)-propionic acid,C25H25N7O3,471.5,,In Stock,Dabigatran,API Impurity Standards,dabigatran,https://pharmavive.com/products/browse/dabigatran/dabigatran,https://res.cloudinary.com/dlkh6unr5/image/upload/v1753364347/products/qyc5ifpp12lgw6noo4jm.png,2025-07-24 13:36:12,2025-07-24 13:39:08,688236cc63998afe534136bc
257,Dabigatran Despyridinyl Impurity,PV-D001002,N/A,3-({2-[(4-Carbamimidoyl-phenylamino)-methyl]-1-methyl-1H-benzoimidazole-5-carbonyl}-amino)-propionic acid,C20H22N6O3,394.4,,In Stock,Dabigatran,API Impurity Standards,dabigatran-despyridinyl-impurity,https://pharmavive.com/products/browse/dabigatran/dabigatran-despyridinyl-impurity,https://res.cloudinary.com/dlkh6unr5/image/upload/v1753364404/products/k3udveezctygryoxt2ys.png,2025-07-24 13:36:13,2025-07-24 13:40:05,688236cd63998afe534136c4
258,Dabigatran Etexilate,PV-D001001,211915-06-9,Ethyl (E)-3-(2-(((4-(N'-((hexyloxy)carbonyl)carbamimidoyl)phenyl)amino)methyl)-1-methyl-N-(pyridin-2-yl)-1H-benzo[d]imidazole-5-carboxamido)propanoate,C34H41N7O5,627.8,,In Stock,Dabigatran,API Impurity Standards,dabigatran-etexilate,https://pharmavive.com/products/browse/dabigatran/dabigatran-etexilate,https://res.cloudinary.com/dlkh6unr5/image/upload/v1753364387/products/pscxkaueblehpx74nuxb.png,2025-07-24 13:36:12,2025-07-24 13:39:47,688236cc63998afe534136c0
259,Dabigatran Etexilate Mesylate,PV-D001005,872728-81-9,Ethyl 3-(2-(((4-(N-((hexyloxy)carbonyl)carbamimidoyl)phenyl)amino)methyl)-1-methyl-N-(pyridin-2-yl)-1H-benzo[d]imidazole-5-carboxamido)propanoate methanesulfonate,C34H41N7O5 : CH4O3S,627.7 : 96.1,,In Stock,Dabigatran,API Impurity Standards,dabigatran-etexilate-mesylate,https://pharmavive.com/products/browse/dabigatran/dabigatran-etexilate-mesylate,https://res.cloudinary.com/dlkh6unr5/image/upload/v1753364461/products/mpmp55xcukbiyhbh5ep4.png,2025-07-24 13:36:15,2025-07-24 13:41:02,688236cf63998afe534136d0
260,Dabigatran Etexilate N-Oxide,PV-D001003,1381757-44-3,N-[[2-[[[4-[[[(Hexyloxy)carbonyl]amino]iminomethyl]phenyl]amino]methyl]-1-methyl-1H-benzimidazol-5-yl]carbonyl]-N-(1-oxido-2-pyridinyl)-β-alanine ethyl ester ;,C34H41N7O6,643.7,,In Stock,Dabigatran,API Impurity Standards,dabigatran-etexilate-n-oxide,https://pharmavive.com/products/browse/dabigatran/dabigatran-etexilate-n-oxide,https://res.cloudinary.com/dlkh6unr5/image/upload/v1753364425/products/qeceh9q7exhuhvs2zoi3.png,2025-07-24 13:36:14,2025-07-24 13:40:26,688236ce63998afe534136c8
261,Dabigatran Impurity 9 (DABRC-09),PV-D001006,211915-00-3,methyl 3-(2-(((4-(N-((hexyloxy)carbonyl)carbamimidoyl)phenyl)amino)methyl)-1-methyl-N-(pyridin-2-yl)-1H-benzo[d]imidazole-5-carboxamido)propanoate,C33H39N7O5,613.7,,In Stock,Dabigatran,API Impurity Standards,dabigatran-impurity-9-dabrc-09,https://pharmavive.com/products/browse/dabigatran/dabigatran-impurity-9-dabrc-09,https://res.cloudinary.com/dlkh6unr5/image/upload/v1753364479/products/gk9vigshrhmb4rtxm9fy.png,2025-07-24 13:36:16,2025-07-24 13:41:20,688236d063998afe534136d4
262,Dabigatran Isopropyl Ester Impurity,PV-D001004,1610758-17-2,3-({2-[(4-Carbamimidoyl-phenylamino)-methyl]-1-methyl-1H-benzoimidazole-5-carbonyl}-pyridin-2-yl-amino)-propionic acid isopropyl ester,C28H31N7O3,513.6,,In Stock,Dabigatran,API Impurity Standards,dabigatran-isopropyl-ester-impurity,https://pharmavive.com/products/browse/dabigatran/dabigatran-isopropyl-ester-impurity,https://res.cloudinary.com/dlkh6unr5/image/upload/v1753364445/products/brtdjoveyc09kwxhuhhv.png,2025-07-24 13:36:14,2025-07-24 13:40:45,688236ce63998afe534136cc
263,Dapagliflozin,PV-D002000,461432-26-8,"(1S)-1,5-Anhydro-1-C-[4-chloro-3-[(4-ethoxyphenyl)methyl]phenyl]-D-glucitol",C21H25CIO6,408.9,,In Stock,Dapagliflozin,API Impurity Standards,dapagliflozin,https://pharmavive.com/products/browse/dapagliflozin/dapagliflozin,https://res.cloudinary.com/dlkh6unr5/image/upload/v1753364707/products/bv86cqqsvrfhrmqwgaki.png,2025-07-24 13:42:48,2025-07-24 13:45:07,6882385863998afe5341371a
264,Dapagliflozin Bromo impurity,PV-D002005,461432-23-5,4-bromo-1-chloro-2-(4-ethoxybenzyl)benzene,C15H14BrClO,325.6,,In Stock,Dapagliflozin,API Impurity Standards,dapagliflozin-bromo-impurity,https://pharmavive.com/products/browse/dapagliflozin/dapagliflozin-bromo-impurity,https://res.cloudinary.com/dlkh6unr5/image/upload/v1753364809/products/sfjiws19g29wocenmfs9.png,2025-07-24 13:42:51,2025-07-24 13:46:50,6882385b63998afe5341372e
265,Dapagliflozin Deschloro Impurity,PV-D002002,2444702-80-9,"(1S)-1,5-Anhydro-1-C-[3-[(4-ethoxyphenyl)methyl]phenyl]-D-glucitol",C21H26O6,374.4,,In Stock,Dapagliflozin,API Impurity Standards,dapagliflozin-deschloro-impurity,https://pharmavive.com/products/browse/dapagliflozin/dapagliflozin-deschloro-impurity,https://res.cloudinary.com/dlkh6unr5/image/upload/v1753364758/products/dph7wul1lhmhn4zcxgkw.png,2025-07-24 13:42:49,2025-07-24 13:45:58,6882385963998afe53413722
266,Dapagliflozin EP Impurity A,PV-D002001,1807632-95-6,"(2S,3R,4R,5S,6R)-2-(4-Bromo-3-(4-ethoxybenzyl)phenyl)-6-(hydroxymethyl)tetrahydro-2H-pyran-3,4,5-triol;(1S)-1,5-Anhydro-1-C-[4-bromo-3-[(4-ethoxyphenyl)methyl]phenyl]-D-glucitol",C21H25BrO6,453.3,,In Stock,Dapagliflozin,API Impurity Standards,dapagliflozin-ep-impurity-a,https://pharmavive.com/products/browse/dapagliflozin/dapagliflozin-ep-impurity-a,https://res.cloudinary.com/dlkh6unr5/image/upload/v1753364741/products/f6uhnt4vvpm5b7pnahjd.png,2025-07-24 13:42:49,2025-07-24 13:45:41,6882385963998afe5341371e
267,Dapagliflozin EP Impurity B,PV-D002018,N/A,"(1S)-1,5-Anhydro-1-C-[4-chloro-3-[(4-ethoxy-3-ethylphenyl)methyl]phenyl]-D-glucitol (as per EP) ; (2S,3R,4R,5S,6R)-2-[4-Chloro-3-(4-ethoxy-3-ethylbenzyl)phenyl]-6-(hydroxymethyl)tetrahydro-2H-pyran-3,4,5-triol (as per USP)",C23H29ClO6,436.9,,In Stock,Dapagliflozin,API Impurity Standards,dapagliflozin-ep-impurity-b,https://pharmavive.com/products/browse/dapagliflozin/dapagliflozin-ep-impurity-b,https://res.cloudinary.com/dlkh6unr5/image/upload/v1753365052/products/p3u9fmmwj73fnffqia2z.png,2025-07-24 13:43:00,2025-07-24 13:50:53,6882386463998afe53413762
268,Dapagliflozin Furanose Isomer,PV-D002009,1469910-70-0,"(2S,3R,4R,5R)-2-(4-chloro-3-(4-ethoxybenzyl)phenyl)-5-((R)-1,2-dihydroxyethyl)tetrahydrofuran-3,4-diol",C21H25ClO6,408.8,,In Stock,Dapagliflozin,API Impurity Standards,dapagliflozin-furanose-isomer,https://pharmavive.com/products/browse/dapagliflozin/dapagliflozin-furanose-isomer,https://res.cloudinary.com/dlkh6unr5/image/upload/v1753364913/products/d4lwl7rrnnzu1oqew3mc.png,2025-07-24 13:42:54,2025-07-24 13:48:34,6882385e63998afe5341373e
269,Dapagliflozin Hydroxy Impurity,PV-D002010,960404-86-8,"(2S,3R,4S,5S,6R)-2-(4-chloro-3-(4-ethoxybenzyl)phenyl)-6-(hydroxymethyl)tetrahydro-2H-pyran-2,3,4,5-tetraol",C21H25ClO7,424.9,,In Stock,Dapagliflozin,API Impurity Standards,dapagliflozin-hydroxy-impurity,https://pharmavive.com/products/browse/dapagliflozin/dapagliflozin-hydroxy-impurity,https://res.cloudinary.com/dlkh6unr5/image/upload/v1753364930/products/q6fatfcuw6tapcg20jqv.png,2025-07-24 13:42:55,2025-07-24 13:48:51,6882385f63998afe53413742
270,Dapagliflozin Impurity 20,PV-D002017,1713991-97-9,(5-Bromo-2-chlorophenyl)(2-ethoxyphenyl)methanol,C15H14BrClO2,341.6,,In Stock,Dapagliflozin,API Impurity Standards,dapagliflozin-impurity-20,https://pharmavive.com/products/browse/dapagliflozin/dapagliflozin-impurity-20,https://res.cloudinary.com/dlkh6unr5/image/upload/v1753365034/products/lgunq2scjm9nfo6eeppi.png,2025-07-24 13:42:59,2025-07-24 13:50:35,6882386363998afe5341375e
271,Dapagliflozin Impurity 31,PV-D002019,2069934-29-6,"1,4-Dichloro-2-(4-ethoxybenzyl)benzene",C15H14Cl2O,281.2,,In Stock,Dapagliflozin,API Impurity Standards,dapagliflozin-impurity-31,https://pharmavive.com/products/browse/dapagliflozin/dapagliflozin-impurity-31,https://res.cloudinary.com/dlkh6unr5/image/upload/v1753365068/products/igpl6jjufgtvwetuhhmo.png,2025-07-24 13:43:01,2025-07-24 13:51:08,6882386563998afe53413766
272,Dapagliflozin Impurity 4,PV-D002007,461432-24-6,"(3R,4S,5S,6R)-2-(4-chloro-3-(4-ethoxybenzyl)phenyl)-6-(hydroxymethyl)-2-methoxytetrahydro-2H-pyran-3,4,5-triol",C22H27ClO7,438.9,,In Stock,Dapagliflozin,API Impurity Standards,dapagliflozin-impurity-4,https://pharmavive.com/products/browse/dapagliflozin/dapagliflozin-impurity-4,https://res.cloudinary.com/dlkh6unr5/image/upload/v1753364879/products/jmghkrstfu4gt9ihhhxs.png,2025-07-24 13:42:53,2025-07-24 13:47:59,6882385d63998afe53413736
273,Dapagliflozin Impurity B,PV-D002006,1662702-90-0,1-chloro-2-(4-ethoxybenzyl) benzene,C15H15ClO,246.7,,In Stock,Dapagliflozin,API Impurity Standards,dapagliflozin-impurity-b,https://pharmavive.com/products/browse/dapagliflozin/dapagliflozin-impurity-b,https://res.cloudinary.com/dlkh6unr5/image/upload/v1753364851/products/aqtqv7uryp5yi6cactqg.png,2025-07-24 13:42:52,2025-07-24 13:47:31,6882385c63998afe53413732
274,Dapagliflozin Impurity D,PV-D002008,1373321-04-0,"(2R,3R,4R,5S,6R)-2-(4-chloro-3-(4-ethoxybenzyl)phenyl)-6-(hydroxymethyl)tetrahydro-2H-pyran-3,4,5-triol",C21H25ClO6,408.9,,In Stock,Dapagliflozin,API Impurity Standards,dapagliflozin-impurity-d,https://pharmavive.com/products/browse/dapagliflozin/dapagliflozin-impurity-d,https://res.cloudinary.com/dlkh6unr5/image/upload/v1753364894/products/czzkcum9lazajxkoetkk.png,2025-07-24 13:42:53,2025-07-24 13:48:14,6882385d63998afe5341373a
275,Dapagliflozin Impurity S2A,PV-D002012,N/A,"(2S,3R,4S,5R,6R)-2-[4-chloro-3-(4-ethoxybenzyl)phenyl]-6-(hydroxymethyl)-tetrahydro-2H-pyran-2,3,4,5-tetra-ol",C21H25ClO7,424.9,,In Stock,Dapagliflozin,API Impurity Standards,dapagliflozin-impurity-s2a,https://pharmavive.com/products/browse/dapagliflozin/dapagliflozin-impurity-s2a,https://res.cloudinary.com/dlkh6unr5/image/upload/v1753364960/products/enc1ongwwudiyclc9o1d.png,2025-07-24 13:42:56,2025-07-24 13:49:20,6882386063998afe5341374a
276,Dapagliflozin Methoxy Pyranose Impurity,PV-D002003,714269-57-5,"(2S,3R,4S,5S,6R)-2-(4-Chloro-3-(4-ethoxybenzyl)phenyl)-6-(hydroxymethyl)-2-methoxytetrahydro-2H-pyran-3,4,5-triol",C22H27CIO7,438.9,,In Stock,Dapagliflozin,API Impurity Standards,dapagliflozin-methoxy-pyranose-impurity,https://pharmavive.com/products/browse/dapagliflozin/dapagliflozin-methoxy-pyranose-impurity,https://res.cloudinary.com/dlkh6unr5/image/upload/v1753364772/products/r4skox5ucpaz21a8dtqd.png,2025-07-24 13:42:50,2025-07-24 13:46:12,6882385a63998afe53413726
277,Dapagliflozin Propanediol Monohydrate,PV-D002013,960404-48-2,"(2S,3R,4R,5S,6R)-2-(4-chloro-3-(4-ethoxybenzyl)phenyl)-6-(hydroxymethyl)tetrahydro-2H-pyran-3,4,5-triol compound with (S)-propane-1,2-diol (1:1) hydrate",C21H25ClO6 : C3H8O2 : H2O,408.9 : 76.1 : 18.0,,In Stock,Dapagliflozin,API Impurity Standards,dapagliflozin-propanediol-monohydrate,https://pharmavive.com/products/browse/dapagliflozin/dapagliflozin-propanediol-monohydrate,https://res.cloudinary.com/dlkh6unr5/image/upload/v1753364974/products/xcqddwvcthvpndolzzrp.png,2025-07-24 13:42:57,2025-07-24 13:49:34,6882386163998afe5341374e
278,Dapagliflozin Tetraacetate,PV-D002004,461432-25-7,"(2R,3R,5R,6R)-6-(Acetoxymethyl)-2-(4-chloro-3-(4-ethoxybenzyl)phenyl) tetrahydro-2H-pyran-2,3,4,5-tetrayl tetraacetate",C29H33CIO10,577,,In Stock,Dapagliflozin,API Impurity Standards,dapagliflozin-tetraacetate,https://pharmavive.com/products/browse/dapagliflozin/dapagliflozin-tetraacetate,https://res.cloudinary.com/dlkh6unr5/image/upload/v1753364795/products/xaj9ebmphxxq6dtlq0hu.png,2025-07-24 13:42:51,2025-07-24 13:46:36,6882385b63998afe5341372a
279,Dapagliflozin keto impurity,PV-D002016,2169998-23-4,"(2-Chloro-5-((2S,3R,4R,5S,6R)-3,4,5-trihydroxy-6-(hydroxymethyl)tetrahydro-2H-pyran-2-yl)phenyl)(4-ethoxyphenyl)methanone ; (1S)-1,5-Anhydro-1-[4-chloro-3-(4-ethoxybenzoyl)phenyl]-D-glucitol",C21H23ClO7,422.9,,In Stock,Dapagliflozin,API Impurity Standards,dapagliflozin-keto-impurity,https://pharmavive.com/products/browse/dapagliflozin/dapagliflozin-keto-impurity,https://res.cloudinary.com/dlkh6unr5/image/upload/v1753365020/products/xnsr7tip3pmwrdxnggpn.png,2025-07-24 13:42:59,2025-07-24 13:50:21,6882386363998afe5341375a
280,Daptomycin,PV-D003000,103060-53-3,"2,2'-((3S,6S,9S,15S,18R,21S,24S)-30-((S)-2-((S)-4-amino-2-((S)-2-decanamido-3-(1H-indol-3-yl)propanamido)-4-oxobutanamido)-3-carboxypropanamido)-3-(2-(2-aminophenyl)-2-oxoethyl)-24-(3-aminopropyl)-6-((S)-1-carboxypropan-2-yl)-9-(hydroxymethyl)-18,31-dimethyl-2,5,8,11,14,17,20,23,26,29-decaoxo-1-oxa-4,7,10,13,16,19,22,25,28-nonaazacyclohentriacontane-15,21-diyl)diacetic acid",C72H101N17O26,1620.6,,In Stock,Daptomycin,API Impurity Standards,daptomycin,https://pharmavive.com/products/browse/daptomycin/daptomycin,https://res.cloudinary.com/dlkh6unr5/image/upload/v1753365145/products/ywl9zts1n9aafjy2xwhj.png,2025-07-24 13:51:24,2025-07-24 13:52:26,68823a5c63998afe53413811
281,Daptomycin Anhydro Impurity,PV-D003002,121869-35-0,"(3S)-3-((R)-4-amino-2-((S)-2-decanamido-3-(1H-indol-3-yl)propanamido)-4-oxobutanamido)-4-(((5R,8S,11R,14R,15S,21S,24S,27R,30S)-11-(2-(2-aminophenyl)-2-oxoethyl)-21-(3-aminopropyl)-24-(carboxymethyl)-8-((R)-1-carboxypropan-2-yl)-5-(hydroxymethyl)-14,27-dimethyl-3,6,9,12,16,19,22,25,28,32,33-undecaoxo-13-oxa-1,4,7,10,17,20,23,26,29-nonaazabicyclo[28.2.1]tritriacontan-15-yl)amino)-4-oxobutanoic acid",C72H99N17O25,1602.68,,In Stock,Daptomycin,API Impurity Standards,daptomycin-anhydro-impurity,https://pharmavive.com/products/browse/daptomycin/daptomycin-anhydro-impurity,https://res.cloudinary.com/dlkh6unr5/image/upload/v1753365175/products/lgneaektxdqkrmbtgoaq.png,2025-07-24 13:51:25,2025-07-24 13:52:55,68823a5d63998afe53413819
282,Daptomycin Lactone Open Ring Impurity,PV-D003003,N/A,"(2S,5S,8R,14S,17R,20S,23S,29S,32S)-32-((R)-4-amino-2-((S)-2-decanamido-3-(1H-indol-3-yl)propanamido)-4-oxobutanamido)-2-(2-(2-aminophenyl)-2-oxoethyl)-23-(3-aminopropyl)-14,20-bis(carboxymethyl)-5-((S)-1-carboxypropan-2-yl)-29-((R)-1-hydroxyethyl)-8-(hydroxymethyl)-17-methyl-4,7,10,13,16,19,22,25,28,31-decaoxo-3,6,9,12,15,18,21,24,27,30-decaazatetratriacontanedioic acid",C72H103N17O27,1638.69,,In Stock,Daptomycin,API Impurity Standards,daptomycin-lactone-open-ring-impurity,https://pharmavive.com/products/browse/daptomycin/daptomycin-lactone-open-ring-impurity,https://res.cloudinary.com/dlkh6unr5/image/upload/v1753365189/products/pbb9arigsq0zpbxstzmy.png,2025-07-24 13:51:26,2025-07-24 13:53:10,68823a5e63998afe5341381d
283,Daptomycin beta-Isomer,PV-D003001,123180-72-3,"2,2'-((3S,6S,9R,15S,18S,21S,24S,31S)-30-((R)-2-((R)-4-amino-2-((S)-2-decanamido-3-(1H-indol-3-yl)propanamido)-4-oxobutanamido)-3-carboxypropanamido)-3-(2-(2-aminophenyl)-2-oxoethyl)-24-(3-aminopropyl)-6-((R)-1-carboxypropan-2-yl)-9-(hydroxymethyl)-18,31-dimethyl-2,5,8,11,14,17,20,23,26,29-decaoxo-1-oxa-4,7,10,13,16,19,22,25,28-nonaazacyclohentriacontane-15,21-diyl)diacetic acid",C72H101N17O26,1620.7,,In Stock,Daptomycin,API Impurity Standards,daptomycin-beta-isomer,https://pharmavive.com/products/browse/daptomycin/daptomycin-beta-isomer,https://res.cloudinary.com/dlkh6unr5/image/upload/v1753365159/products/d62bvj0gv6ztj8xgxo7n.png,2025-07-24 13:51:25,2025-07-24 13:52:39,68823a5d63998afe53413815
284,De-Alkylated Ivacaftor,PV-I005003,873054-39-8,"N-(4-(Tert-butyl)-3-hydroxyphenyl)-4-oxo-1,4-dihydroquinoline-3-carboxamide",C20H20N2O3,336.4,,In Stock,Ivacaftor,API Impurity Standards,de-alkylated-ivacaftor,https://pharmavive.com/products/browse/ivacaftor/de-alkylated-ivacaftor,https://res.cloudinary.com/dlkh6unr5/image/upload/v1753371530/products/nrnki7mzdj52jzl1wkeh.png,2025-07-24 15:36:34,2025-07-24 15:38:50,6882530263998afe53414183
285,Decyclopentyl Zafirlukast Methyl Ester,PV-Z001001,1159195-67-1,N-[3-[[2-Methoxy-4-[[[(2-methylphenyl)sulfonyl]amino]carbonyl]phenyl]methyl]-1-methyl-1H-indol-5-yl]carbamic acid methyl ester,C27H27N3O6S,521.6,,In Stock,Zafirlukast,API Impurity Standards,decyclopentyl-zafirlukast-methyl-ester,https://pharmavive.com/products/browse/zafirlukast/decyclopentyl-zafirlukast-methyl-ester,https://res.cloudinary.com/dlkh6unr5/image/upload/v1753722747/products/l9nivypvy2ufts0khkeo.png,2025-07-28 17:11:25,2025-07-28 17:12:28,6887af3d63998afe534164ce
286,Deoxy Micafungin Impurity,PV-M002010,1392514-06-5,"Sodium 5-((1S,2S)-2-((2R,6S,9S,12R,14aS,15S,16S,20S,23S,25aS)-20-((R)-3-amino-1-hydroxy-3-oxopropyl)-2,12,15-trihydroxy-6-((R)-1-hydroxyethyl)-16-methyl-5,8,14,19,22,25-hexaoxo-9-(4-(5-(4-(pentyloxy)phenyl)isoxazol-3-yl)benzamido)tetracosahydro-1H-dipyrrolo[2,1-c:2',1'-l][1,4,7,10,13,16]hexaazacyclohenicosin-23-yl)-1,2-dihydroxyethyl)-2-hydroxyphenyl sulfate",C56H70N9O22S : Na,1253.3 : 23.0,,In Stock,Micafungin,API Impurity Standards,deoxy-micafungin-impurity,https://pharmavive.com/products/browse/micafungin/deoxy-micafungin-impurity,https://res.cloudinary.com/dlkh6unr5/image/upload/v1753453142/products/akdn0jrebidw07cbn3kr.png,2025-07-25 14:14:59,2025-07-25 14:19:03,6883916363998afe534147a2
287,Deoxychloro famciclovir,PV-F001006,N/A,4-(2-Amino-9H-purin-9-yl)-2-(chloromethyl)butyl acetate.,C12H16ClN5O2,297.75,,In Stock,Famciclovir,API Impurity Standards,deoxychloro-famciclovir,https://pharmavive.com/products/browse/famciclovir/deoxychloro-famciclovir,https://res.cloudinary.com/dlkh6unr5/image/upload/v1753368664/products/pniromz2ppmjpfmm6tpi.png,2025-07-24 14:47:28,2025-07-24 14:51:05,6882478063998afe53413bde
288,Deoxystreptamine Kanosaminide,PV-T005005,20744-51-8,"(2S,3R,4S,5S,6R)-4-amino-2-(((1S,2S,3R,4S,6R)-4,6-diamino-2,3-dihydroxycyclohexyl)oxy)-6-(hydroxymethyl)tetrahydro-2H-pyran-3,5-diol",C12H25N3O7,323.3,,In Stock,Tobramycin,API Impurity Standards,deoxystreptamine-kanosaminide,https://pharmavive.com/products/browse/tobramycin/deoxystreptamine-kanosaminide,https://res.cloudinary.com/dlkh6unr5/image/upload/v1753716844/products/fickq0uuf0nhjjstqim2.png,2025-07-28 15:24:51,2025-07-28 15:34:04,6887964363998afe53415c9b
289,Des-Gly(10)-Semaglutide,PV-S003006,NA,"(3S,6S,9S,12S,15S,18S,21S,24S,27S,30S,33S,36S,42S,45S,48S,51S,78S)-51-(((6S,12S,15S,18S,21S,24S,27S,30S,33S)-21-((1H-indol-3-yl)methyl)-1-amino-30-benzyl-27-((R)-sec-butyl)-35-carboxy-6-((carboxymethyl)carbamoyl)-12-(3-guanidinopropyl)-1-imino-18-isobutyl-15-isopropyl-24-methyl-8,11,14,17,20,23,26,29,32-nonaoxo-2,7,10,13,16,19,22,25,28,31-decaazapentatriacontan-33-yl)carbamoyl)-3-(2-((S)-2-amino-3-(1H-imidazol-5-yl)propanamido)-2-methylpropanamido)-42-(3-amino-3-oxopropyl)-9-benzyl-36-(2-carboxyethyl)-18-(carboxymethyl)-30-(4-hydroxybenzyl)-6,12-bis((S)-1-hydroxyethyl)-15,24,27-tris(hydroxymethyl)-33-isobutyl-21-isopropyl-45,48-dimethyl-4,7,10,13,16,19,22,25,28,31,34,37,40,43,46,49,57,66,75,80-icosaoxo-59,62,68,71-tetraoxa-5,8,11,14,17,20,23,26,29,32,35,38,41,44,47,50,56,65,74,79-icosaazahexanonacontane-1,78,96-tricarboxylic acid",C185H288N44O58,4056.59,,In Stock,Semaglutide,API Impurity Standards,des-gly10-semaglutide,https://pharmavive.com/products/browse/semaglutide/des-gly10-semaglutide,https://res.cloudinary.com/dlkh6unr5/image/upload/v1753713519/products/n11p9yvkrk2saixnmsqj.png,2025-07-28 14:35:09,2025-07-28 14:38:39,68878a9d63998afe5341570a
290,Des-Gly-31-Semaglutide,PV-S003007,NA,"(3S,9S,12S,15S,18R,21S,24S,27S,30S,33S,36S,39S,45S,48S,51S,54S)-54-(((6S,12S,15S,18S,21S,24S,27S,30S,33S)-21-((1H-indol-3-yl)methyl)-1-amino-30-benzyl-27-((S)-sec-butyl)-6,35-dicarboxy-12-(3-guanidinopropyl)-1-imino-18-isobutyl-15-isopropyl-24-methyl-8,11,14,17,20,23,26,29,32-nonaoxo-2,7,10,13,16,19,22,25,28,31-decaazapentatriacontan-33-yl)carbamoyl)-3-(2-((S)-2-amino-3-(1H-imidazol-5-yl)propanamido)-2-methylpropanamido)-45-(3-amino-3-oxopropyl)-12-benzyl-39-(2-carboxyethyl)-21-(carboxymethyl)-33-(4-hydroxybenzyl)-9,15-bis((R)-1-hydroxyethyl)-18,27,30-tris(hydroxymethyl)-36-isobutyl-24-isopropyl-48,51-dimethyl-4,7,10,13,16,19,22,25,28,31,34,37,40,43,46,49,52,60,69,78,83-henicosaoxo-62,65,71,74-tetraoxa-5,8,11,14,17,20,23,26,29,32,35,38,41,44,47,50,53,59,68,77,82-henicosaazanonanonacontane-1,81,99-tricarboxylic acid",C185H288N44O58,4056.59,,In Stock,Semaglutide,API Impurity Standards,des-gly-31-semaglutide,https://pharmavive.com/products/browse/semaglutide/des-gly-31-semaglutide,https://res.cloudinary.com/dlkh6unr5/image/upload/v1753713701/products/yz82zg19lreuappjhvrj.png,2025-07-28 14:35:10,2025-07-28 14:41:41,68878a9e63998afe5341570e
291,Des-His(7)-Semaglutide,PV-S003008,NA,"(3S,9S,12S,15S,18S,21S,24S,27S,30S,33S,36S,39S,45S,48S,51S,54S,81S)-54-(((6S,12S,15S,18S,21S,24S,27S,30S,33S)-21-((1H-indol-3-yl)methyl)-1-amino-30-benzyl-27-((S)-sec-butyl)-35-carboxy-6-((carboxymethyl)carbamoyl)-12-(3-guanidinopropyl)-1-imino-18-isobutyl-15-isopropyl-24-methyl-8,11,14,17,20,23,26,29,32-nonaoxo-2,7,10,13,16,19,22,25,28,31-decaazapentatriacontan-33-yl)carbamoyl)-3-(2-amino-2-methylpropanamido)-45-(3-amino-3-oxopropyl)-12-benzyl-39-(2-carboxyethyl)-21-(carboxymethyl)-33-(4-hydroxybenzyl)-9,15-bis((R)-1-hydroxyethyl)-18,27,30-tris(hydroxymethyl)-36-isobutyl-24-isopropyl-48,51-dimethyl-4,7,10,13,16,19,22,25,28,31,34,37,40,43,46,49,52,60,69,78,83-henicosaoxo-62,65,71,74-tetraoxa-5,8,11,14,17,20,23,26,29,32,35,38,41,44,47,50,53,59,68,77,82-henicosaazanonanonacontane-1,81,99-tricarboxylic acid",C181H284N42O58,3976.5,,In Stock,Semaglutide,API Impurity Standards,des-his7-semaglutide,https://pharmavive.com/products/browse/semaglutide/des-his7-semaglutide,https://res.cloudinary.com/dlkh6unr5/image/upload/v1753713730/products/yamumievm3nefqcma5bi.png,2025-07-28 14:35:11,2025-07-28 14:42:10,68878a9f63998afe53415712
292,Des-Thr(11)-Semaglutide,PV-S003009,NA,"(3S,9S,12S,15S,18S,21S,24S,27S,30S,33S,36S,42S,45S,48S,51S,78S)-51-(((6S,12S,15S,18S,21S,24S,27S,30S,33S)-21-((1H-indol-3-yl)methyl)-1-amino-30-benzyl-27-((S)-sec-butyl)-35-carboxy-6-((carboxymethyl)carbamoyl)-12-(3-guanidinopropyl)-1-imino-18-isobutyl-15-isopropyl-24-methyl-8,11,14,17,20,23,26,29,32-nonaoxo-2,7,10,13,16,19,22,25,28,31-decaazapentatriacontan-33-yl)carbamoyl)-3-(2-((S)-2-amino-3-(1H-imidazol-4-yl)propanamido)-2-methylpropanamido)-42-(3-amino-3-oxopropyl)-9-benzyl-36-(2-carboxyethyl)-18-(carboxymethyl)-30-(4-hydroxybenzyl)-12-((R)-1-hydroxyethyl)-15,24,27-tris(hydroxymethyl)-33-isobutyl-21-isopropyl-45,48-dimethyl-4,7,10,13,16,19,22,25,28,31,34,37,40,43,46,49,57,64,75,80-icosaoxo-59,62,66,69,71-pentaoxa-5,8,11,14,17,20,23,26,29,32,35,38,41,44,47,50,56,63,74,79-icosaazahexanonacontane-1,78,96-tricarboxylic acid",C183H284N44O57,4012.54,,In Stock,Semaglutide,API Impurity Standards,des-thr11-semaglutide,https://pharmavive.com/products/browse/semaglutide/des-thr11-semaglutide,https://res.cloudinary.com/dlkh6unr5/image/upload/v1753713744/products/jbjex3qvmzm9kmi9mzkp.png,2025-07-28 14:35:11,2025-07-28 14:42:25,68878a9f63998afe53415716
293,Deshydroxyethoxy Ticagrelor,PV-T004006,220347-05-7,"(1S,2R,3S,4R)-4-(7-(((1R,2S)-2-(3,4-difluorophenyl)cyclopropyl)amino)-5-(propylthio)-3H-[1,2,3]triazolo[4,5-d]pyrimidin-3-yl)cyclopentane-1,2,3-triol",C21H24F2N6O3S,478.5,,In Stock,Ticagrelor,API Impurity Standards,deshydroxyethoxy-ticagrelor,https://pharmavive.com/products/browse/ticagrelor/deshydroxyethoxy-ticagrelor,https://res.cloudinary.com/dlkh6unr5/image/upload/v1753716232/products/pjpujwx35mzgs7zl6kr4.png,2025-07-28 15:22:11,2025-07-28 15:23:52,688795a363998afe53415c21
294,Desmethoxy Keto Esomeprazole,PV-E004008,2362529-32-4,"2-(((5-methoxy-1H-benzo[d]imidazol-2-yl)sulfinyl)methyl)-3,5-dimethylpyridin-4(1H)-one",C16H17N3O3S,331.4,,In Stock,Esomeprazole,API Impurity Standards,desmethoxy-keto-esomeprazole,https://pharmavive.com/products/browse/esomeprazole/desmethoxy-keto-esomeprazole,https://res.cloudinary.com/dlkh6unr5/image/upload/v1753368002/products/zsrbbphph6elqgwz5m4q.png,2025-07-24 14:37:08,2025-07-24 14:40:02,6882451463998afe53413ad7
295,Dimer Impurity of Silodosin Stage-I,PV-S005007,885340-14-7,"(R)-3-(5-(2-(bis(2-(2-(2,2,2-trifluoroethoxy)phenoxy)ethyl)amino)propyl)-7-cyanoindolin-1-yl)propyl benzoate",C42H43F6N3O6,799.8,,In Stock,Silodosin,API Impurity Standards,dimer-impurity-of-silodosin-stage-i,https://pharmavive.com/products/browse/silodosin/dimer-impurity-of-silodosin-stage-i,https://res.cloudinary.com/dlkh6unr5/image/upload/v1753714155/products/vbhygzk4zzwo8rhyabzc.png,2025-07-28 14:45:44,2025-07-28 14:49:15,68878d1863998afe534157d3
296,Dolutegravir,PV-D004000,1051375-16-6,"(4R,12aS)-N-[(2,4-Difluorophenyl)methyl]-3,4,6,8,12,12a-hexahydro-7-hydroxy-4-methyl-6,8-dioxo-2H-pyrido[1’,2’:4,5]pyrazino[2,1-b][1,3]oxazine-9-carboxamide",C20H19F2N3O5,419.4,,In Stock,Dolutegravir,API Impurity Standards,dolutegravir,https://pharmavive.com/products/browse/dolutegravir/dolutegravir,https://res.cloudinary.com/dlkh6unr5/image/upload/v1753365334/products/ynqkindgaefb8fspfldb.png,2025-07-24 13:54:36,2025-07-24 13:55:35,68823b1c63998afe53413867
297,Dolutegravir Impurity A,PV-D004001,1309560-49-3,"(4S,12aR)-N-(2,4-Difluorobenzyl)-7-hydroxy-4-methyl-6,8-dioxo-3,4,6,8,12,12a-hexahydro-2H-pyrido[1’,2’:4,5]pyrazino[2,1-b][1,3]oxazine-9-carboxamide",C20H19F2N3O5,419.38,,In Stock,Dolutegravir,API Impurity Standards,dolutegravir-impurity-a,https://pharmavive.com/products/browse/dolutegravir/dolutegravir-impurity-a,https://res.cloudinary.com/dlkh6unr5/image/upload/v1753365348/products/vb8nqvyjcexycdgqmdws.png,2025-07-24 13:54:37,2025-07-24 13:55:48,68823b1d63998afe5341386b
298,Dolutegravir Impurity B,PV-D004002,1357289-29-2,"(4R,​12aR)​-N-​[(2,​4-Difluorophenyl)​methyl]​-​3,​4,​6,​8,​12,​12a-​hexahydro-​7-​hydroxy-​4-​methyl-​6,​8-​dioxo-​2H-pPyrido[1’,​2’:4,​5]​pyrazino[2,​1-​b]​[1,​3]​oxazine-​9-​carboxamide",C20H19F2N3O5,419.38,,In Stock,Dolutegravir,API Impurity Standards,dolutegravir-impurity-b,https://pharmavive.com/products/browse/dolutegravir/dolutegravir-impurity-b,https://res.cloudinary.com/dlkh6unr5/image/upload/v1753365361/products/qr8cfgsvxa93e7xlhqho.png,2025-07-24 13:54:38,2025-07-24 13:56:01,68823b1e63998afe5341386f
299,Dolutegravir Impurity F,PV-D004004,1246616-73-8,"(4R,12As)-7-Hydroxy-4-methyl-6,8-dioxo-3,4,6,8,12,12a-hexahydro-2h-pyrido[1’,2’:4,5]pyrazino[2,1-b][1,3]oxazine-9-carboxylic Acid",C13H14N2O6,294.26,,In Stock,Dolutegravir,API Impurity Standards,dolutegravir-impurity-f,https://pharmavive.com/products/browse/dolutegravir/dolutegravir-impurity-f,https://res.cloudinary.com/dlkh6unr5/image/upload/v1753365396/products/smmilkltup10h9si07v1.png,2025-07-24 13:54:39,2025-07-24 13:56:37,68823b1f63998afe53413877
300,Doxycycline,PV-D005000,564-25-0,"4-(Dimethylamino)-1,4,4a,5,5a,6,11,12a-octahydro-3,5,10,12,12a-pentahydroxy-6-methyl-1,11-dioxo-2-naphthacenecarboxamide ; Dentistar ; Doximal ; Doxymycin ; Tetradox ; α-6-Deoxy-5-hydroxytetracycline ; α-Doxycycline",C22H24N2O8,444.44,,In Stock,Doxycycline,API Impurity Standards,doxycycline,https://pharmavive.com/products/browse/doxycycline/doxycycline,https://res.cloudinary.com/dlkh6unr5/image/upload/v1753365516/products/tbxddcugglkb1oumilmm.png,2025-07-24 13:57:40,2025-07-24 13:58:37,68823bd463998afe534138c3
301,Doxycycline EP Impurity A (HCl),PV-D005007,41411-66-9,"(4S,4aR,5S,5aR,6S,12aS)-4-(dimethylamino)-3,5,10,12,12a-pentahydroxy-6-methyl-1,11-dioxo-1,4,4a,5,5a,6,11,12a-octahydrotetracene-2-carboxamide hydrochloride (as per EP) ; (4S,4aR,5S,5aR,6S,12aS)-4-(Dimethylamino)-1,4,4a,5,5a,6,11,12a-octahydro-3,5,10,12,12a-pentahydroxy-6-methyl-1,11-dioxo-2-naphthacenecarboxamide, monohydrochloride (as per USP)",C22H24N2O8 : HCl,444.44 : 36.46,,In Stock,Doxycycline,API Impurity Standards,doxycycline-ep-impurity-a-hcl,https://pharmavive.com/products/browse/doxycycline/doxycycline-ep-impurity-a-hcl,https://res.cloudinary.com/dlkh6unr5/image/upload/v1753365651/products/pig8czvlewpzp1bknsmr.png,2025-07-24 13:57:45,2025-07-24 14:00:53,68823bd963998afe534138df
302,Doxycycline EP impurity A,PV-D005001,3219-99-6,"(4S,4aR,5S,5aR,6S,12aS)-4-(Dimethylamino)-3,5,10,12,12a-pentahydroxy-6-methyl-1,11-dioxo-1,4,4a,5,5a,6,11,12a-octahydrotetracene-2-carboxamide",C22H24N2O8,444.44,,In Stock,Doxycycline,API Impurity Standards,doxycycline-ep-impurity-a,https://pharmavive.com/products/browse/doxycycline/doxycycline-ep-impurity-a,https://res.cloudinary.com/dlkh6unr5/image/upload/v1753365531/products/cs6lsetoxqdnubvofjx4.png,2025-07-24 13:57:41,2025-07-24 13:58:51,68823bd563998afe534138c7
303,Doxycycline EP impurity B,PV-D005002,3963-95-9,"(4S,4aR,5S,5aR,12aS)-4-(Dimethylamino)-3,5,10,12,12a-pentahydroxy-6-methylene-1,11-dioxo-1,4,4a,5,5a,6,11,12a-octahydrotetracene-2-carboxamide hydrochloride",C22H22N2O8 : HCl,442.4 : 36.5,,In Stock,Doxycycline,API Impurity Standards,doxycycline-ep-impurity-b,https://pharmavive.com/products/browse/doxycycline/doxycycline-ep-impurity-b,https://res.cloudinary.com/dlkh6unr5/image/upload/v1753365548/products/vonkcaicua0wzvd1hkpo.png,2025-07-24 13:57:42,2025-07-24 13:59:08,68823bd663998afe534138cb
304,Doxycycline EP impurity C,PV-D005003,6543-77-7,"(4R,4aR,5S,5aR,6R,12aS)-4-(Dimethylamino)-3,5,10,12,12a-pentahydroxy-6-methyl-1,11-dioxo-1,4,4a,5,5a,6,11,12a-octahydrotetracene-2-carboxamide",C22H24N2O8,444.44,,In Stock,Doxycycline,API Impurity Standards,doxycycline-ep-impurity-c,https://pharmavive.com/products/browse/doxycycline/doxycycline-ep-impurity-c,https://res.cloudinary.com/dlkh6unr5/image/upload/v1753365575/products/daphalsx5mpbzajrmqh9.png,2025-07-24 13:57:42,2025-07-24 13:59:35,68823bd663998afe534138cf
305,Doxycycline EP impurity D,PV-D005004,97583-08-9,"(4R,4aR,5S,5aR,6S,12aS)-4-(Dimethylamino)-3,5,10,12,12a-pentahydroxy-6-methyl-1,11-dioxo-1,4,4a,5,5a,6,11,12a-octahydrotetracene-2-carboxamide",C22H24N2O8,444.44,,In Stock,Doxycycline,API Impurity Standards,doxycycline-ep-impurity-d,https://pharmavive.com/products/browse/doxycycline/doxycycline-ep-impurity-d,https://res.cloudinary.com/dlkh6unr5/image/upload/v1753365589/products/wyab1xk9niapb0fp35yq.png,2025-07-24 13:57:43,2025-07-24 13:59:50,68823bd763998afe534138d3
306,Doxycycline EP impurity E,PV-D005005,79-57-2,"(4S,4aR,5S,5aR,6S,12aS) -4-(dimethylamino)-3,5,6,10,11,12a-hexahydroxy -6-methyl-1,12-dioxo-1,4,4a,5,5a,6,12,12a-octahydrotetracene -2-carboxamide",C22H24N2O9,460.44,,In Stock,Doxycycline,API Impurity Standards,doxycycline-ep-impurity-e,https://pharmavive.com/products/browse/doxycycline/doxycycline-ep-impurity-e,https://res.cloudinary.com/dlkh6unr5/image/upload/v1753365614/products/qk74zwxn6x4ilmygtuwe.png,2025-07-24 13:57:44,2025-07-24 14:00:15,68823bd863998afe534138d7
307,Doxycycline EP impurity F,PV-D005006,122861-53-4,"(4S,4aR,5S,5aR,6R,12aS)-2-Acetyl-4-(dimethylamino)-3,5,10,12,12a-pentahydroxy-6-methyl-4a,5a,6,12a-tetrahydrotetracene-1,11(4H,5H)-dione",C23H25NO8,443.45,,In Stock,Doxycycline,API Impurity Standards,doxycycline-ep-impurity-f,https://pharmavive.com/products/browse/doxycycline/doxycycline-ep-impurity-f,https://res.cloudinary.com/dlkh6unr5/image/upload/v1753365630/products/ggqjeyie7y3imfspjcjl.png,2025-07-24 13:57:44,2025-07-24 14:00:30,68823bd863998afe534138db
308,Doxycycline Hyclate,PV-D005008,24390-14-5,"(4S,4aR,5S,5aR,6R,12aS)-4-(Dimethylamino)-3,5,10,12,12a-pentahydroxy-6-methyl-1,11-dioxo-1,4,4a,5,5a,6,11,12a-octahydrotetracene-2-carboxamide hydrochloride hemiethanol hemihydrate",C22H24N2O8 : 1/2(C2H6O) : HCl : 1/2(H2O),444.4 : 1/2(46.1) : 36.5 : 1/2(18.0),,In Stock,Doxycycline,API Impurity Standards,doxycycline-hyclate,https://pharmavive.com/products/browse/doxycycline/doxycycline-hyclate,https://res.cloudinary.com/dlkh6unr5/image/upload/v1753365668/products/levqzqndy4foh6m9tmrr.png,2025-07-24 13:57:46,2025-07-24 14:01:09,68823bda63998afe534138e3
309,Elagolix,PV-E001000,834153-87-6,"(R)-4-((2-(5-(2-fluoro-3-methoxyphenyl)-3-(2-fluoro-6-(trifluoromethyl)benzyl)-4-methyl-2,6-dioxo-3,6-dihydropyrimidin-1(2H)-yl)-1-phenylethyl)amino)butanoic acid",C32H30F5N3O5,631.6,,In Stock,Elagolix Sodium,API Impurity Standards,elagolix,https://pharmavive.com/products/browse/elagolix-sodium/elagolix,https://res.cloudinary.com/dlkh6unr5/image/upload/v1753367321/products/ee5vn50oy734igjasctg.png,2025-07-24 14:27:16,2025-07-24 14:28:42,688242c463998afe53413950
310,Elagolix Lactam Impurity,PV-E001001,2248628-93-3,"(R)-5-(2-fluoro-3-methoxyphenyl)-1-(2-fluoro-6-(trifluoromethyl)benzyl)-6-methyl-3-(2-(2-oxopyrrolidin-1-yl)-2-phenylethyl)pyrimidine-2,4(1H,3H)-dione",C32H28F5N3O4,613.6,,In Stock,Elagolix Sodium,API Impurity Standards,elagolix-lactam-impurity,https://pharmavive.com/products/browse/elagolix-sodium/elagolix-lactam-impurity,https://res.cloudinary.com/dlkh6unr5/image/upload/v1753367340/products/tyyvkw6nwllvvunalj2r.png,2025-07-24 14:27:16,2025-07-24 14:29:00,688242c463998afe53413954
311,Empagliflozin,PV-E003000,864070-44-0,"(2S,3R,4R,5S,6R)-2-(4-Chloro-3-(4-((S)-tetrahydrofuran-3-yloxy)benzyl)phenyl)-6-(hydroxymethyl)tetrahydro-2H-pyran-3,4,5-triol",C23H27CIO7,450.9,,In Stock,Empagliflozin,API Impurity Standards,empagliflozin,https://pharmavive.com/products/browse/empagliflozin/empagliflozin,https://res.cloudinary.com/dlkh6unr5/image/upload/v1753367649/products/cijavb374w0nymsslza7.png,2025-07-24 14:33:06,2025-07-24 14:34:09,6882442263998afe53413a35
312,Empagliflozin 3-Epimer,PV-E003001,864070-43-9,"(2S,3R,4R,5S,6R)-2-(4-Chloro-3-(4-(((R)-tetrahydrofuran-3-yl)oxy)benzyl)phenyl)-6-(hydroxymethyl)tetrahydro-2H-pyran-3,4,5-triol",C23H27CIO7,450.9,,In Stock,Empagliflozin,API Impurity Standards,empagliflozin-3-epimer,https://pharmavive.com/products/browse/empagliflozin/empagliflozin-3-epimer,https://res.cloudinary.com/dlkh6unr5/image/upload/v1753367662/products/vfzuawx1o0jwfmfwnebf.png,2025-07-24 14:33:06,2025-07-24 14:34:23,6882442263998afe53413a39
313,Empagliflozin Desbromo Impurity,PV-E003005,2517968-35-1,(S)-3-(4-(2-chlorobenzyl)phenoxy)tetrahydrofuran,C17H17ClO2,288.8,,In Stock,Empagliflozin,API Impurity Standards,empagliflozin-desbromo-impurity,https://pharmavive.com/products/browse/empagliflozin/empagliflozin-desbromo-impurity,https://res.cloudinary.com/dlkh6unr5/image/upload/v1753367713/products/ej6w1rz0ztrxvjzu9bpc.png,2025-07-24 14:33:09,2025-07-24 14:35:13,6882442563998afe53413a49
314,Empagliflozin Impurity 22,PV-E003007,915095-85-1,(5-Bromo-2-chlorophenyl)(4-fluorophenyl)methanone,C13H7BrClFO,313.6,,In Stock,Empagliflozin,API Impurity Standards,empagliflozin-impurity-22,https://pharmavive.com/products/browse/empagliflozin/empagliflozin-impurity-22,https://res.cloudinary.com/dlkh6unr5/image/upload/v1753367741/products/mhwvu6o6icmntohmmywd.png,2025-07-24 14:33:10,2025-07-24 14:35:42,6882442663998afe53413a51
315,Empagliflozin S-Furanose,PV-E003002,1620758-32-8,"(2S,3R,4R,5R)-2-(4-chloro-3-(4-(((S)-tetrahydrofuran-3-yl)oxy)benzyl)phenyl)-5-((R)-1,2-dihydroxyethyl)tetrahydrofuran-3,4-diol",C23H27ClO7,450.9,,In Stock,Empagliflozin,API Impurity Standards,empagliflozin-s-furanose,https://pharmavive.com/products/browse/empagliflozin/empagliflozin-s-furanose,https://res.cloudinary.com/dlkh6unr5/image/upload/v1753367676/products/jmbiunwtyejlfdzaft1p.png,2025-07-24 14:33:07,2025-07-24 14:34:36,6882442363998afe53413a3d
316,Empagliflozin Sulfonate Impurity,PV-E003006,2514922-33-7,(R)-tetrahydrofuran-3-yl benzenesulfonate,C10H12O4S,228.3,,In Stock,Empagliflozin,API Impurity Standards,empagliflozin-sulfonate-impurity,https://pharmavive.com/products/browse/empagliflozin/empagliflozin-sulfonate-impurity,https://res.cloudinary.com/dlkh6unr5/image/upload/v1753367728/products/yydsodfhte3qykzq6z7g.png,2025-07-24 14:33:10,2025-07-24 14:35:28,6882442663998afe53413a4d
317,Empagliflozin α-Anomer,PV-E003003,1620758-33-9,"(2R,3R,4R,5S,6R)-2-(4-chloro-3-(4-(((S)-tetrahydrofuran-3-yl)oxy)benzyl)phenyl)-6-(hydroxymethyl)tetrahydro-2H-pyran-3,4,5-triol",C23H27ClO7,450.9,,In Stock,Empagliflozin,API Impurity Standards,empagliflozin-a-anomer,https://pharmavive.com/products/browse/empagliflozin/empagliflozin-a-anomer,https://res.cloudinary.com/dlkh6unr5/image/upload/v1753367689/products/x2iju54jgf30wurruqoj.png,2025-07-24 14:33:08,2025-07-24 14:34:49,6882442463998afe53413a41
318,Emtricitabine,PV-E002000,143491-57-0,"4-Amino-5-fluoro-1-[(2R,5S)-2-hydroxymethyl)-1,3-oxathiolan-5-yl]-2-(1H-pyrimidinone;  (-)-2’,3’-Dideoxy-5-fluoro-3’-thiacytidine;  (-)-2’-Deoxy-5-fluoro-3’-thiacytidine",C8H10FN3O3S,247.2,,In Stock,Emtricitabine,API Impurity Standards,emtricitabine,https://pharmavive.com/products/browse/emtricitabine/emtricitabine,https://res.cloudinary.com/dlkh6unr5/image/upload/v1753367429/products/fkhx4jqz8nj2t6wsbll3.png,2025-07-24 14:29:31,2025-07-24 14:30:30,6882434b63998afe534139a8
319,Emtricitabine 5-Fluorouracil Analog,PV-E002010,145986-11-4,"5-Fluoro-1-((2R,5S)-2-(hydroxymethyl)-1,3-oxathiolan-5-yl)pyrimidine-2,4(1H,3H)-dione",C8H9FN2O4S,248.2,,In Stock,Emtricitabine,API Impurity Standards,emtricitabine-5-fluorouracil-analog,https://pharmavive.com/products/browse/emtricitabine/emtricitabine-5-fluorouracil-analog,https://res.cloudinary.com/dlkh6unr5/image/upload/v1753367571/products/k4hovb9cey3mqxgmdpa5.png,2025-07-24 14:29:37,2025-07-24 14:32:51,6882435163998afe534139d0
320,Emtricitabine Dimer Impurity,PV-E002007,1962114-97-1,"4,4'-(methylenebis(azanediyl))bis(5-fluoro-1-((2R,5S)-2-(hydroxymethyl)-1,3-oxathiolan-5-yl)pyrimidin-2(1H)-one)",C17H20F2N6O6S2,506.5,,In Stock,Emtricitabine,API Impurity Standards,emtricitabine-dimer-impurity,https://pharmavive.com/products/browse/emtricitabine/emtricitabine-dimer-impurity,https://res.cloudinary.com/dlkh6unr5/image/upload/v1753367527/products/lbghmpn3c6igtlu76te8.png,2025-07-24 14:29:35,2025-07-24 14:32:08,6882434f63998afe534139c4
321,Emtricitabine Disulfide,PV-E002008,2331211-44-8,"1,1'-((2R,2'R,5S,5'S)-(disulfanediylbis(methylene))bis(1,3-oxathiolane-2,5-diyl))bis(4-amino-5-fluoropyrimidin-2(1H)-one)",C16H18F2N6O4S4,524.6,,In Stock,Emtricitabine,API Impurity Standards,emtricitabine-disulfide,https://pharmavive.com/products/browse/emtricitabine/emtricitabine-disulfide,https://res.cloudinary.com/dlkh6unr5/image/upload/v1753367540/products/jt8mtjjfjkjatdz1ktfg.png,2025-07-24 14:29:36,2025-07-24 14:32:21,6882435063998afe534139c8
322,Emtricitabine Enantiomer,PV-E002003,137530-41-7,"4-Amino-5-fluoro-1-[(2S,5R)-2-(hydroxymethyl)-1,3-oxathiolan-5-yl]-2(1H)-pyrimidinone;  (2S-cis)-4-Amino-5-fluoro-1-[2-(hydroxymethyl)-1,3-oxathiolan-5-yl]-2(1H)-pyrimidinone;  (+)-2’-Deoxy-3’-thia-5-fluorocytidine",C8H10FN3O3S,247.3,,In Stock,Emtricitabine,API Impurity Standards,emtricitabine-enantiomer,https://pharmavive.com/products/browse/emtricitabine/emtricitabine-enantiomer,https://res.cloudinary.com/dlkh6unr5/image/upload/v1753367471/products/i6xncqfpflswxnjapxqv.png,2025-07-24 14:29:33,2025-07-24 14:31:12,6882434d63998afe534139b4
323,Emtricitabine Hydrobromide,PV-E002002,2088823-69-0,"4-Amino-5-fluoro-1-[(2R,5S)-2-hydroxymethyl)-1,3-oxathiolan-5-yl]-2-(1H-pyrimidinone Hydrobromide ; (-)-2’,3’-Dideoxy-5-fluoro-3’-thiacytidine Hydrobromide ; (-)-2’-Deoxy-5-fluoro-3’-thiacytidine Hydrobromide",C8H10FN3O3S : HBr,247.2 : 80.9,,In Stock,Emtricitabine,API Impurity Standards,emtricitabine-hydrobromide,https://pharmavive.com/products/browse/emtricitabine/emtricitabine-hydrobromide,https://res.cloudinary.com/dlkh6unr5/image/upload/v1753367458/products/b4eg2q33asybzlhgpanz.png,2025-07-24 14:29:32,2025-07-24 14:30:58,6882434c63998afe534139b0
324,Emtricitabine Hydrochloride,PV-E002001,258832-61-0,"4-Amino-5-fluoro-1-[(2R,5S)-2-hydroxymethyl)-1,3-oxathiolan-5-yl]-2-(1H-pyrimidinone Hydrochloride; (-)-2’,3’-Dideoxy-5-fluoro-3’-thiacytidine Hydrochloride ; (-)-2’-Deoxy-5-fluoro-3’-thiacytidine Hydrochloride",C8H10FN3O3S : HCl,247.2 : 36.5,,In Stock,Emtricitabine,API Impurity Standards,emtricitabine-hydrochloride,https://pharmavive.com/products/browse/emtricitabine/emtricitabine-hydrochloride,https://res.cloudinary.com/dlkh6unr5/image/upload/v1753367442/products/ub8dgd90kdec2pwgkss3.png,2025-07-24 14:29:31,2025-07-24 14:30:43,6882434b63998afe534139ac
325,Emtricitabine S-Oxide [Mixture of diastereomers],PV-E002004,152128-77-3,"4-Amino-5-fluoro-1-[(2R,5S)-2-(hydroxymethyl)-3-oxido-1,3-oxathiolan-5-yl]-2(1H)-pyrimidinone; [2R-(2α,5α)]-4-Amino-5-fluoro-1-[2-(hydroxymethyl)-1,3-oxathiolan-5-yl]-2(1H)-pyrimidinone S-Oxide; [2R-(2α,5α)]-4-Amino-5-fluoro-1-[2-(hydroxymethyl)-3-oxido-1,3-oxathiolan-5-yl]-2(1H)-pyrimidinone",C8H10FN3O4S,263.2,,In Stock,Emtricitabine,API Impurity Standards,emtricitabine-s-oxide-mixture-of-diastereomers,https://pharmavive.com/products/browse/emtricitabine/emtricitabine-s-oxide-mixture-of-diastereomers,https://res.cloudinary.com/dlkh6unr5/image/upload/v1753367488/products/ctimv5mnzvrgz6thcj0z.png,2025-07-24 14:29:33,2025-07-24 14:31:28,6882434d63998afe534139b8
326,Endo Lurasidone,PV-L008003,1318074-25-7,"((3aR,4R,7S,7aS)-2-{[1R,2R]-2-[4-(1,2-Benzisothiazol-3-yl)-piperazin-1-yl-methyl]-cyclohexyl methyl}hexahydro-4,7- methano-2H-isoindole-1,3-dione) (as per USP)",C28H36N4O2S,492.7,,In Stock,Lurasidone,API Impurity Standards,endo-lurasidone,https://pharmavive.com/products/browse/lurasidone/endo-lurasidone,https://res.cloudinary.com/dlkh6unr5/image/upload/v1753452577/products/wuxsfifihd0hsekwb8ks.png,2025-07-25 14:07:55,2025-07-25 14:09:38,68838fbb63998afe5341467e
327,"Endo-2,3-Norbornanedicarboximide",PV-L008001,28871-95-6,"(3aR,4R,7S,7aS)-hexahydro-1H-4,7-methanoisoindole-1,3(2H)-dione",C9H11NO2,165.19,,In Stock,Lurasidone,API Impurity Standards,endo-23-norbornanedicarboximide,https://pharmavive.com/products/browse/lurasidone/endo-23-norbornanedicarboximide,https://res.cloudinary.com/dlkh6unr5/image/upload/v1753452547/products/ns79u3o8fo7oim5d2lo9.png,2025-07-25 14:07:54,2025-07-25 14:09:08,68838fba63998afe53414676
328,Erythromycin,PV-E005000,114-07-8,"(3R,4S,5S,6R,7R,9R,11R,12R,13S,14R)-4-[(2,6-dideoxy-3-C-methyl-3-O-methyl-α-L-ribo-hexopyranosyl)oxy]-14-ethyl-7,12,13-trihydroxy-3,5,7,9,11,13-hexamethyl-6-[[3,4,6-trideoxy-3-(dimethylamino)-β-D-xylo-hexopyranosyl]oxy]-1-oxacyclotetradecane-2,10-dione (as per EP) (3R*,4S*,5S*,6R*,7R*,9R*,11R*,12R*,13S*,14R*)-4-[(2,6-Dideoxy-3-C-methyl-3-O-methyl-α-Lribohexopyranosyl)oxy]-14-ethyl-7,12,13-trihydroxy-3,5,7,9,11,13-hexamethyl-6-[[3,4,6-trideoxy-3- (dimethylamino)-β-D-xylo-hexopyranosyl]oxy]oxacyclotetradecane-2,10-dione (as per USP)",C37H67NO13,733.9,,In Stock,Erythromycin,API Impurity Standards,erythromycin,https://pharmavive.com/products/browse/erythromycin/erythromycin,https://res.cloudinary.com/dlkh6unr5/image/upload/v1753368109/products/ybnqrqjlzlerw1hykvfi.png,2025-07-24 14:40:44,2025-07-24 14:41:49,688245ec63998afe53413b39
329,Erythromycin B,PV-E005010,527-75-3,"(3R,4S,5S,6R,7R,9R,11R,12S,13R,14R)-6-{[(2S,3R,4S,6R)-4-(Dimethylamino)-3-hydroxy-6-methyltetrahydro-2H-pyran-2-yl]oxy}-14-ethyl-7,12-dihydroxy-4-{[(2R,4R,5S,6S)-5-hydroxy-4-methoxy-4,6-dimethyltetrahydro-2H-pyran-2-yl]oxy}-3,5,7,9,11,13-hexamethyloxacyclotetradecane-2,10-dione (as per USP)",C37H67NO12,717.9,,In Stock,Erythromycin,API Impurity Standards,erythromycin-b,https://pharmavive.com/products/browse/erythromycin/erythromycin-b,https://res.cloudinary.com/dlkh6unr5/image/upload/v1753368382/products/gwa6iglkrtrtw7dofupl.png,2025-07-24 14:40:50,2025-07-24 14:46:22,688245f263998afe53413b61
330,Erythromycin EP Impurity B,PV-E005001,992-62-1,"(3R,4S,5S,6R,7R,9R,11R,12R,13S,14R)-4-[(2,6-dideoxy-3-C-methyl-3-O-methyl-α-L-ribo-hexopyranosyl)oxy]-14-ethyl-7,12,13-trihydroxy-3,5,7,9,11,13-hexamethyl-6-[[3,4,6-trideoxy-3-(methylamino)-β-D-xylo-hexopyranosyl]oxy]oxacyclotetradecane-2,10-dione  (as per EP);  (3R,4S,5S,6R,7R,9R,11R,12R,13S,14R)-14-Ethyl-7,12,13-trihydroxy-4-{[(2R,4R,5S,6S)-5-hydroxy-4-methoxy-4,6-dimethyltetrahydro-2H-pyran-2-yl]oxy}-6-{[(2S,3R,4S,6R)-3-hydroxy-6-methyl-4-(methylamino)tetrahydro-2H-pyran-2-yl]oxy}-3,5,7,9,11,13-hexamethyloxacyclotetradecane-2,10-dione (as per USP)",C36H65NO13,719.9,,In Stock,Erythromycin,API Impurity Standards,erythromycin-ep-impurity-b,https://pharmavive.com/products/browse/erythromycin/erythromycin-ep-impurity-b,https://res.cloudinary.com/dlkh6unr5/image/upload/v1753368124/products/gdz6n7a0omdhrnevqrix.png,2025-07-24 14:40:44,2025-07-24 14:42:04,688245ec63998afe53413b3d
331,Erythromycin EP Impurity D,PV-E005002,23893-13-2,"(1S,2R,3R,4S,5R,8R,9S,10S,11R,12R,14R)-9-[(2,6-dideoxy-3-C-methyl-3-O-methyl-α-L-ribo-hexopyranosyl)oxy]-5-ethyl-3-hydroxy-2,4,8,10,12,14-hexamethyl-11-[[3,4,6-trideoxy-3-(dimethylamino)-β-D-xylo-hexopyranosyl]oxy]-6,15,16-trioxatricyclo[10.2.1.11,4]hexadecan-7-one (as per EP)",C37H65NO12,715.9,,In Stock,Erythromycin,API Impurity Standards,erythromycin-ep-impurity-d,https://pharmavive.com/products/browse/erythromycin/erythromycin-ep-impurity-d,https://res.cloudinary.com/dlkh6unr5/image/upload/v1753368137/products/brmzmearbwymhxwnckhv.png,2025-07-24 14:40:45,2025-07-24 14:42:18,688245ed63998afe53413b41
332,Erythromycin EP Impurity E,PV-E005003,33396-29-1,"(2R,3R,4S,5R,8R,9S,10S,11R,12R)-9-[(2,6-dideoxy-3-C-methyl-3-O-methyl-α-L-ribo-hexopyranosyl)oxy]-5-ethyl-3,4-dihydroxy-2,4,8,10,12,14-hexamethyl-11-[[3,4,6-trideoxy-3-(dimethylamino)-β-D-xylo-hexopyranosyl]oxy]-6,15-dioxabicyclo[10.2.1]pentadec-1(14)-en-7-one (as per EP)",C37H65NO12,715.9,,In Stock,Erythromycin,API Impurity Standards,erythromycin-ep-impurity-e,https://pharmavive.com/products/browse/erythromycin/erythromycin-ep-impurity-e,https://res.cloudinary.com/dlkh6unr5/image/upload/v1753368254/products/j5v9miqbizpthngfbafn.png,2025-07-24 14:40:46,2025-07-24 14:44:14,688245ee63998afe53413b45
333,Erythromycin EP Impurity F,PV-E005004,105882-69-7,"(2R,3R,6R,7S,8S,9R,10R)-7-[(2,6-dideoxy-3-C-methyl-3-O-methyl-α-L-ribo-hexopyranosyl)oxy]-3-[(1R,2R)-1,2-dihydroxy-1-methylbutyl]-2,6,8,10,12-pentamethyl-9-[[3,4,6-trideoxy-3-(dimethylamino)-β-D-xylo-hexopyranosyl]oxy]-4,13-dioxabicyclo[8.2.1]tridec-1(12)-en-5-one (as per EP)",C37H65NO12,715.9,,In Stock,Erythromycin,API Impurity Standards,erythromycin-ep-impurity-f,https://pharmavive.com/products/browse/erythromycin/erythromycin-ep-impurity-f,https://res.cloudinary.com/dlkh6unr5/image/upload/v1753368268/products/tfdhcnlsa958qwgzmcag.png,2025-07-24 14:40:46,2025-07-24 14:44:29,688245ee63998afe53413b49
334,Erythromycin EP Impurity H,PV-E005006,992-65-4,"(3R,4S,5S,6R,7R,9R,11R,12R,13S,14R)-4-[(2,6-dideoxy-3-C-methyl-3-O-methyl-α-L-ribo-hexopyranosyl)oxy]-14-ethyl-7,12,13-trihydroxy-3,5,7,9,11,13-hexamethyl-6-[[3,4,6-trideoxy-3-(dimethylamino)-β-D-xylo-hexopyranosyl]oxy]oxacyclotetradecane-2,10-dione N-oxide (as per EP)",C37H67NO14,749.9,,In Stock,Erythromycin,API Impurity Standards,erythromycin-ep-impurity-h,https://pharmavive.com/products/browse/erythromycin/erythromycin-ep-impurity-h,https://res.cloudinary.com/dlkh6unr5/image/upload/v1753368294/products/azrfpnu1ahiarpihdet4.png,2025-07-24 14:40:48,2025-07-24 14:44:55,688245f063998afe53413b51
335,Erythromycin EP Impurity I,PV-E005007,546-57-6,"(1S,4S,5R,8R,9S,10S,11R,12R,14R)-5-ethyl-9-hydroxy-2,4,8,10,12,14-hexamethyl-11-[[3,4,6-trideoxy-3-(dimethylamino)-β-D-xylo-hexopyranosyl]oxy]-6,15,16-trioxatricyclo[10.2.1.11,4]hexadec-2-en-7-one (as per EP)",C29H49NO8,539.7,,In Stock,Erythromycin,API Impurity Standards,erythromycin-ep-impurity-i,https://pharmavive.com/products/browse/erythromycin/erythromycin-ep-impurity-i,https://res.cloudinary.com/dlkh6unr5/image/upload/v1753368309/products/akr2dq9g1nrtscldxhjd.png,2025-07-24 14:40:48,2025-07-24 14:45:10,688245f063998afe53413b55
336,Erythromycin EP Impurity L,PV-E005009,127955-44-6,"(3R,4S,5S,6R,7R,9R,11R,12R,13S,14R)-4-[(2,6-dideoxy-3-C-methyl-3-O-methyl-α-L-ribo-hexopyranosyl)oxy]-14-ethyl-7,12,13-trihydroxy-3,5,7,9,11,13-hexamethyl-6-[[3,4,6-trideoxy-3-(formylmethylamino)-β-D-xylo-hexopyranosyl]oxy]oxacyclotetradecane-2,10-dione (as per EP)",C37H65NO14,747.9,,In Stock,Erythromycin,API Impurity Standards,erythromycin-ep-impurity-l,https://pharmavive.com/products/browse/erythromycin/erythromycin-ep-impurity-l,https://res.cloudinary.com/dlkh6unr5/image/upload/v1753368351/products/srg0ateafoiwfbpvsdvn.png,2025-07-24 14:40:50,2025-07-24 14:45:51,688245f263998afe53413b5d
337,Erythromycin Ethylsuccinate EP Impurity G,PV-E005005,N/A,"(3R,4S,5S,6R,7R,9R,11R,12R,13S,14R)-4-[(2,6-dideoxy-3-C-methyl-3-O-methyl-α-L-ribo-hexopyranosyl)oxy]-14-ethyl-7,12,13-trihydroxy-3,5,7,9,11,13-hexamethyl-6-[[3,4,6-trideoxy-3-[(4-ethoxy-4-oxobutanoyl)methylamino]-β-D-xylo-hexopyranosyl]oxy]oxacyclotetradecane-2,10-dione (as per EP)",C42H73NO16,848,,In Stock,Erythromycin,API Impurity Standards,erythromycin-ethylsuccinate-ep-impurity-g,https://pharmavive.com/products/browse/erythromycin/erythromycin-ethylsuccinate-ep-impurity-g,https://res.cloudinary.com/dlkh6unr5/image/upload/v1753368281/products/ihevbnyah1rupilnrzkm.png,2025-07-24 14:40:47,2025-07-24 14:44:41,688245ef63998afe53413b4d
338,Erythromycin Oxime (USP),PV-E005008,111321-02-9,"(3R,4S,5S,6R,7R,9R,11S,12R,13S,14R,E)-6-(((2S,3R,4S,6R)-4-(dimethylamino)-3-hydroxy-6-methyltetrahydro-2H-pyran-2- yl)oxy)-14-ethyl-7,12,13-trihydroxy-4-(((2R,4R,5S,6S)-5-hydroxy-4-methoxy-4,6-dimethyltetrahydro-2H-pyran-2-yl)oxy)- 10-(hydroxyimino)-3,5,7,9,11,13-hexamethyloxacyclotetradecan-2-one (as per USP)",C37H68N2O13,749.0,,In Stock,Erythromycin,API Impurity Standards,erythromycin-oxime-usp,https://pharmavive.com/products/browse/erythromycin/erythromycin-oxime-usp,https://res.cloudinary.com/dlkh6unr5/image/upload/v1753368334/products/fcwjsbzh0ksmncynpuik.png,2025-07-24 14:40:49,2025-07-24 14:45:35,688245f163998afe53413b59
339,Esomeprazole,PV-E004000,119141-88-7,"Omeprazole S-Isomer ; 5-Methoxy-2-((S)-((4-methoxy-3,5-dimethyl-2- pyridinyl)methyl)sulfinyl)-1H-benzimidazole ;",C17H19N3O3S,345.42,,In Stock,Esomeprazole,API Impurity Standards,esomeprazole,https://pharmavive.com/products/browse/esomeprazole/esomeprazole,https://res.cloudinary.com/dlkh6unr5/image/upload/v1753367889/products/asjpssw8apagwup4ur5k.png,2025-07-24 14:37:03,2025-07-24 14:38:09,6882450f63998afe53413ab7
340,Esomeprazole EP Impurity A,PV-E004001,37052-78-1,5-Methoxy-1H-benzimidazole-2-thiol ;,C8H8N2OS,180.23,,In Stock,Esomeprazole,API Impurity Standards,esomeprazole-ep-impurity-a,https://pharmavive.com/products/browse/esomeprazole/esomeprazole-ep-impurity-a,https://res.cloudinary.com/dlkh6unr5/image/upload/v1753367904/products/hinf8oagdgz6akxlih2g.png,2025-07-24 14:37:04,2025-07-24 14:38:25,6882451063998afe53413abb
341,Esomeprazole EP Impurity B,PV-E004002,110374-16-8,"5-Methoxy-2-[[(3,5-dimethylpyridin-2-yl)methyl]sulfinyl]-1H-benzimidazole ; 2-[(RS)-[(3,5-dimethylpyridin-2-yl)methyl]sulphinyl]-5-methoxy-1H-benzimidazole",C16H17N3O2S,315.39,,In Stock,Esomeprazole,API Impurity Standards,esomeprazole-ep-impurity-b,https://pharmavive.com/products/browse/esomeprazole/esomeprazole-ep-impurity-b,https://res.cloudinary.com/dlkh6unr5/image/upload/v1753367916/products/k8ky2lhushokbdbvimau.png,2025-07-24 14:37:04,2025-07-24 14:38:37,6882451063998afe53413abf
342,Esomeprazole EP Impurity C,PV-E004003,73590-85-9,"5-methoxy-2-[[(4-methoxy-3,5-dimethylpyridin-2-yl)methyl]sulfanyl]-1H-benzimidazole (ufiprazole),",C17H19N3O2S,329.42,,In Stock,Esomeprazole,API Impurity Standards,esomeprazole-ep-impurity-c,https://pharmavive.com/products/browse/esomeprazole/esomeprazole-ep-impurity-c,https://res.cloudinary.com/dlkh6unr5/image/upload/v1753367930/products/dgsppd551wmirapuh798.png,2025-07-24 14:37:05,2025-07-24 14:38:51,6882451163998afe53413ac3
343,Esomeprazole EP Impurity D,PV-E004004,88546-55-8,"5-Methoxy-2-[[(4-methoxy-3,5-dimethylpyridin-2-yl)methyl]sulfonyl]-1H-benzimidazole",C17H19N3O4S,361.42,,In Stock,Esomeprazole,API Impurity Standards,esomeprazole-ep-impurity-d,https://pharmavive.com/products/browse/esomeprazole/esomeprazole-ep-impurity-d,https://res.cloudinary.com/dlkh6unr5/image/upload/v1753367945/products/mbrzpwxk6ohrbjjnfib1.png,2025-07-24 14:37:06,2025-07-24 14:39:05,6882451263998afe53413ac7
344,Esomeprazole EP Impurity E,PV-E004005,176219-04-8,"4-Methoxy-2-[[(RS)-(5-methoxy-1H-benzimidazol-2-yl)sulfinyl]methyl]-3,5-dimethylpyridine 1-oxide ;",C17H19N3O4S,361.42,,In Stock,Esomeprazole,API Impurity Standards,esomeprazole-ep-impurity-e,https://pharmavive.com/products/browse/esomeprazole/esomeprazole-ep-impurity-e,https://res.cloudinary.com/dlkh6unr5/image/upload/v1753367960/products/lokud5bbj8i13te7xnnk.png,2025-07-24 14:37:06,2025-07-24 14:39:20,6882451263998afe53413acb
345,Esomeprazole EP Impurity F,PV-E004006,125656-82-8,"8-methoxy-1,3-dimethyl-12-thioxopyrido[1',2':3,4]imidazo[1,2-a]benzimidazol-2(12H)-one",C16H13N3O2S,311.4,,In Stock,Esomeprazole,API Impurity Standards,esomeprazole-ep-impurity-f,https://pharmavive.com/products/browse/esomeprazole/esomeprazole-ep-impurity-f,https://res.cloudinary.com/dlkh6unr5/image/upload/v1753367974/products/fnzivbfzlmwydnvzfqfv.png,2025-07-24 14:37:07,2025-07-24 14:39:35,6882451363998afe53413acf
346,Esomeprazole Impurity 1,PV-E004009,2080-75-3,5-Methoxy-2-benzimidazolinone,C8H8N2O2,164.2,,In Stock,Esomeprazole,API Impurity Standards,esomeprazole-impurity-1,https://pharmavive.com/products/browse/esomeprazole/esomeprazole-impurity-1,https://res.cloudinary.com/dlkh6unr5/image/upload/v1753368015/products/decgzkdarmgm4lotfqar.png,2025-07-24 14:37:09,2025-07-24 14:40:16,6882451563998afe53413adb
347,Esomeprazole Impurity 2,PV-E004007,2512216-37-2,"1-(5-Methoxy-1H-benzo[d]imidazol-2-yl)-2,3,5-trimethylpyridin-4(1H)-one",C16H17N3O2,283.3,,In Stock,Esomeprazole,API Impurity Standards,esomeprazole-impurity-2,https://pharmavive.com/products/browse/esomeprazole/esomeprazole-impurity-2,https://res.cloudinary.com/dlkh6unr5/image/upload/v1753367986/products/ly551qkrszlj1nxyukzm.png,2025-07-24 14:37:08,2025-07-24 14:39:47,6882451463998afe53413ad3
348,Ethoxy Silodosin,PV-S005011,239463-74-2,(R)-5-(4-((2-ethoxyphenoxy)amino)-2-methylbutyl)-1-(3-hydroxypropyl)indoline-7-carboxamide,C25H35N3O4,441.6,,In Stock,Silodosin,API Impurity Standards,ethoxy-silodosin,https://pharmavive.com/products/browse/silodosin/ethoxy-silodosin,https://res.cloudinary.com/dlkh6unr5/image/upload/v1753714214/products/d4krfriv0jg15mqdri0h.png,2025-07-28 14:45:47,2025-07-28 14:50:15,68878d1b63998afe534157e3
349,Famciclovir,PV-F001000,104227-87-4,"9-[4-Acetoxy-3-(acetoxymethyl)butyl]-2-aminopurine ; 2-[2-(2-Amino-9H-purin-9-yl)ethyl]-1,3-propanediol Diacetate Ester",C14H19N5O4,321.34,,In Stock,Famciclovir,API Impurity Standards,famciclovir,https://pharmavive.com/products/browse/famciclovir/famciclovir,https://res.cloudinary.com/dlkh6unr5/image/upload/v1753368545/products/hjtdkzzyq8sacvumq3gv.png,2025-07-24 14:47:24,2025-07-24 14:49:05,6882477c63998afe53413bc6
350,Famciclovir Impurity 2,PV-F001008,23169-37-1,"2-amino-9-(4-hydroxybutyl)-1,9-dihydro-6H-purin-6-one",C9H13N5O2,223.24,,In Stock,Famciclovir,API Impurity Standards,famciclovir-impurity-2,https://pharmavive.com/products/browse/famciclovir/famciclovir-impurity-2,https://res.cloudinary.com/dlkh6unr5/image/upload/v1753368716/products/wmaisuy9cdgfxfva38kk.png,2025-07-24 14:47:29,2025-07-24 14:51:57,6882478163998afe53413be6
351,Famciclovir N-Acetyl Impurity,PV-F001005,N/A,"2-[2-(2-Acetamido-9H-purin-9-yl)ethyl]propane-1,3-diyl diacetate",C16H21N5O5,363.38,,In Stock,Famciclovir,API Impurity Standards,famciclovir-n-acetyl-impurity,https://pharmavive.com/products/browse/famciclovir/famciclovir-n-acetyl-impurity,https://res.cloudinary.com/dlkh6unr5/image/upload/v1753368638/products/ymut7ekn2orhkgqp847l.png,2025-07-24 14:47:27,2025-07-24 14:50:39,6882477f63998afe53413bda
352,Famciclovir USP Related Compound A,PV-F001001,104227-86-3,"6-Deoxypenciclovir ;  2-[2-(2-Amino-9H-purin-9-yl)ethyl]-1,3-propanediol ; Di-desacetyl Famciclovir ;  BRL 42359",C10H15N5O2,237.26,,In Stock,Famciclovir,API Impurity Standards,famciclovir-usp-related-compound-a,https://pharmavive.com/products/browse/famciclovir/famciclovir-usp-related-compound-a,https://res.cloudinary.com/dlkh6unr5/image/upload/v1753368572/products/v5pausgrtqe1isbvf1nh.png,2025-07-24 14:47:25,2025-07-24 14:49:32,6882477d63998afe53413bca
353,Famciclovir USP Related Compound B,PV-F001002,104227-88-5,"2-[2-(2-Amino-9H-purin-9-yl)ethyl]-1,3-propanediol 1-Acetate",C12H17N5O3,279.3,,In Stock,Famciclovir,API Impurity Standards,famciclovir-usp-related-compound-b,https://pharmavive.com/products/browse/famciclovir/famciclovir-usp-related-compound-b,https://res.cloudinary.com/dlkh6unr5/image/upload/v1753368585/products/ftyml5aaomfi6jro2ifl.png,2025-07-24 14:47:25,2025-07-24 14:49:45,6882477d63998afe53413bce
354,Famciclovir USP Related Compound C,PV-F001003,174155-70-5,2-Amino-β-methyl-9H-purine-9-butanol Acetate (Ester),C12H17N5O2,263.3,,In Stock,Famciclovir,API Impurity Standards,famciclovir-usp-related-compound-c,https://pharmavive.com/products/browse/famciclovir/famciclovir-usp-related-compound-c,https://res.cloudinary.com/dlkh6unr5/image/upload/v1753368598/products/kby1mdvirl9vagi3syuo.png,2025-07-24 14:47:26,2025-07-24 14:49:59,6882477e63998afe53413bd2
355,Famciclovir N7-Isomer,PV-F001004,131266-15-4,7-[4-Acetoxy-3-(acetoxymethyl)but-1-yl]-2-aminopurin;,C14H19N5O4,321.34,,In Stock,Famciclovir,API Impurity Standards,famciclovir-n7-isomer,https://pharmavive.com/products/browse/famciclovir/famciclovir-n7-isomer,https://res.cloudinary.com/dlkh6unr5/image/upload/v1753368622/products/cn2b0ivz4dxhfhtkiqxq.png,2025-07-24 14:47:27,2025-07-24 14:50:23,6882477f63998afe53413bd6
356,Felbamate,PV-F002000,25451-15-4,"2-Phenyl-1,3-propanedioldicarbamate; Carbamic Acid 2-Phenyltrimethylene Ester",C11H14N2O4,238.25,,In Stock,Felbamate,API Impurity Standards,felbamate,https://pharmavive.com/products/browse/felbamate/felbamate,https://res.cloudinary.com/dlkh6unr5/image/upload/v1753368823/products/x14jfordehzuuzseqinm.png,2025-07-24 14:52:52,2025-07-24 14:53:43,688248c463998afe53413c41
357,Felbamate Dimer,PV-F002002,1796927-91-7,"(carbonylbis(oxy))bis(2-phenylpropane-3,1-diyl) dicarbamate",C21H24N2O7,416.4,,In Stock,Felbamate,API Impurity Standards,felbamate-dimer,https://pharmavive.com/products/browse/felbamate/felbamate-dimer,https://res.cloudinary.com/dlkh6unr5/image/upload/v1753368846/products/hzprxe7zsnwlz9dwtzje.png,2025-07-24 14:52:54,2025-07-24 14:54:07,688248c663998afe53413c49
358,Felbamate USP Related Compound A,PV-F002004,25451-53-0,3-Hydroxy-2-phenylpropyl carbamate,C10H13NO3,195.2,,In Stock,Felbamate,API Impurity Standards,felbamate-usp-related-compound-a,https://pharmavive.com/products/browse/felbamate/felbamate-usp-related-compound-a,https://res.cloudinary.com/dlkh6unr5/image/upload/v1753368872/products/ll74dggiy4psemvz8ta3.png,2025-07-24 14:52:55,2025-07-24 14:54:32,688248c763998afe53413c51
359,Fidaxomicin,PV-F003000,873857-62-6,"(2R,3S,4S,5S,6R)-6-(((3Z,5E,8S,9Z,11S,12R,13E,15E,18S)-12-(((2R,3S,4R,5S)-3,4-dihydroxy-5-(isobutyryloxy)-6,6-dimethyltetrahydro-2H-pyran-2-yl)oxy)-11-ethyl-8-hydroxy-18-((R)-1-hydroxyethyl)-9,13,15-trimethyl-2-oxooxacyclooctadeca-3,5,9,13,15-pentaen-3-yl)methoxy)-4-hydroxy-5-methoxy-2-methyltetrahydro-2H-pyran-3-yl 3,5-dichloro-2-ethyl-4,6-dihydroxybenzoate",C52H74Cl2O18,1058,,In Stock,Fidaxomicin,API Impurity Standards,fidaxomicin,https://pharmavive.com/products/browse/fidaxomicin/fidaxomicin,https://res.cloudinary.com/dlkh6unr5/image/upload/v1753369012/products/sfpe20fhi4dhkp0tqfmk.png,2025-07-24 14:54:54,2025-07-24 14:56:52,6882493e63998afe53413c8c
360,Fidaxomicin Impurity 1,PV-F003004,NA,"(2S,3R,4R,5R,6S)-6-(((3E,5E,8R,9E,11R,12S,13E,15E,17R)-11-ethyl-8-hydroxy-12-(((2S,3R,4R,5R)-3-hydroxy-4-(isobutyryloxy)-5,6,6-trimethyltetrahydro-2H-pyran-2-yl)oxy)-17-((R)-1-hydroxyethyl)-9,13,15-trimethyl-2-oxooxacycloheptadeca-3,5,9,13,15-pentaen-3-yl)methoxy)-4-hydroxy-5-methoxy-2-methyltetrahydro-2H-pyran-3-yl 3,5-dichloro-2-ethyl-4,6-dihydroxybenzoate",C52H74Cl2O17,1042,,In Stock,Fidaxomicin,API Impurity Standards,fidaxomicin-impurity-1,https://pharmavive.com/products/browse/fidaxomicin/fidaxomicin-impurity-1,https://res.cloudinary.com/dlkh6unr5/image/upload/v1753369067/products/pfrf3aysansnqe3dhoxm.png,2025-07-24 14:54:57,2025-07-24 14:57:48,6882494163998afe53413c9c
361,Fidaxomicin Impurity A,PV-F003001,112396-61-9,"(2R,3S,4S,5S,6R)-6-(((3E,5E,8S,9E,11S,12R,13E,15E,18S)-12-(((2R,3S,4R,5S)-3,4-dihydroxy-5-(isobutyryloxy)-6,6-dimethyltetrahydro-2H-pyran-2-yl)oxy)-11-ethyl-8-hydroxy-18-((R)-1-hydroxyethyl)-9,13,15-trimethyl-2-oxooxacyclooctadeca-3,5,9,13,15-pentaen-3-yl)methoxy)-4-hydroxy-5-methoxy-2-methyltetrahydro-2H-pyran-3-yl 3,5-dichloro-2,4-dihydroxy-6-methylbenzoate",C51H72Cl2O18,1044,,In Stock,Fidaxomicin,API Impurity Standards,fidaxomicin-impurity-a,https://pharmavive.com/products/browse/fidaxomicin/fidaxomicin-impurity-a,https://res.cloudinary.com/dlkh6unr5/image/upload/v1753369024/products/byuzd3ewhbuxtasxwnv3.png,2025-07-24 14:54:55,2025-07-24 14:57:05,6882493f63998afe53413c90
362,Fidaxomicin Impurity B,PV-F003002,NA,"(2R,3S,4S,5S,6R)-6-(((3E,5E,8S,9E,11S,12R,13E,15E,18S)-12-(((2R,3S,4R,5S)-3,4-dihydroxy-5-(isobutyryloxy)-6,6-dimethyltetrahydro-2H-pyran-2-yl)oxy)-11-ethyl-8-hydroxy-18-((R)-1-hydroxyethyl)-9,13,15-trimethyl-2-oxooxacyclooctadeca-3,5,9,13,15-pentaen-3-yl)methoxy)-4-hydroxy-5-methoxy-2-methyltetrahydro-2H-pyran-3-yl 3,5-dichloro-2,4-dihydroxy-6-isopropylbenzoate",C53H76Cl2O18,1072.1,,In Stock,Fidaxomicin,API Impurity Standards,fidaxomicin-impurity-b,https://pharmavive.com/products/browse/fidaxomicin/fidaxomicin-impurity-b,https://res.cloudinary.com/dlkh6unr5/image/upload/v1753369038/products/dpedl2xdyoqwz7pypwuc.png,2025-07-24 14:54:56,2025-07-24 14:57:18,6882494063998afe53413c94
363,Fidaxomicin Impurity C,PV-F003003,NA,"(2R,3S,4S,5S,6R)-6-(((3E,5E,8S,9E,11S,12R,13E,15E,17S)-12-(((2R,3S,4R,5S)-3,4-dihydroxy-5-(isobutyryloxy)-6,6-dimethyltetrahydro-2H-pyran-2-yl)oxy)-11-ethyl-8-hydroxy-17-((R)-1-hydroxyethyl)-9,13,15-trimethyl-2-oxooxacycloheptadeca-3,5,9,13,15-pentaen-3-yl)methoxy)-4-hydroxy-5-methoxy-2-methyltetrahydro-2H-pyran-3-yl 3,5-dichloro-2-ethyl-4,6-dihydroxybenzoate",C51H72Cl2O18,1044,,In Stock,Fidaxomicin,API Impurity Standards,fidaxomicin-impurity-c,https://pharmavive.com/products/browse/fidaxomicin/fidaxomicin-impurity-c,https://res.cloudinary.com/dlkh6unr5/image/upload/v1753369054/products/iwzvrgb6cbfkm9dnezqf.png,2025-07-24 14:54:56,2025-07-24 14:57:34,6882494063998afe53413c98
364,Finerenone,PV-F004000,1050477-31-0,"(S)-4-(4-cyano-2-methoxyphenyl)-5-ethoxy-2,8-dimethyl-1,4-dihydro-1,6-naphthyridine-3-carboxamide",C21H22N4O3,378.4,,In Stock,Finerenone,API Impurity Standards,finerenone,https://pharmavive.com/products/browse/finerenone/finerenone,https://res.cloudinary.com/dlkh6unr5/image/upload/v1753369151/products/l0lw8szndzpkumoa8wgp.png,2025-07-24 14:58:07,2025-07-24 14:59:12,688249ff63998afe53413cd7
365,Finerenone Impurity 1,PV-F004001,84102-89-6,4-Formyl-3-hydroxybenzonitrile,C8H5NO2,147.1,,In Stock,Finerenone,API Impurity Standards,finerenone-impurity-1,https://pharmavive.com/products/browse/finerenone/finerenone-impurity-1,https://res.cloudinary.com/dlkh6unr5/image/upload/v1753369164/products/nyas7wa0vmwyj0ck62sm.png,2025-07-24 14:58:08,2025-07-24 14:59:24,68824a0063998afe53413cdb
366,Finerenone Impurity 2,PV-F004002,1261439-08-0,3-Hydroxy-4-(hydroxymethyl)benzonitrile,C8H7NO2,149.1,,In Stock,Finerenone,API Impurity Standards,finerenone-impurity-2,https://pharmavive.com/products/browse/finerenone/finerenone-impurity-2,https://res.cloudinary.com/dlkh6unr5/image/upload/v1753369176/products/tbnrlq79idfxv1df5uwn.png,2025-07-24 14:58:09,2025-07-24 14:59:36,68824a0163998afe53413cdf
367,Finerenone Impurity 3,PV-F004003,1261553-82-5,4-(Bromomethyl)-3-hydroxybenzonitrile,C8H6BrNO,212,,In Stock,Finerenone,API Impurity Standards,finerenone-impurity-3,https://pharmavive.com/products/browse/finerenone/finerenone-impurity-3,https://res.cloudinary.com/dlkh6unr5/image/upload/v1753369189/products/pw5plsscjpz1bxmgmm4l.png,2025-07-24 14:58:09,2025-07-24 14:59:49,68824a0163998afe53413ce3
368,Finerenone Impurity 4,PV-F004004,18368-64-4,2-Chloro-5-methylpyridine,C6H6ClN,127.6,,In Stock,Finerenone,API Impurity Standards,finerenone-impurity-4,https://pharmavive.com/products/browse/finerenone/finerenone-impurity-4,https://res.cloudinary.com/dlkh6unr5/image/upload/v1753369200/products/ka5qvh6uj5h52xofvxk9.png,2025-07-24 14:58:10,2025-07-24 15:00:00,68824a0263998afe53413ce7
369,Fingolimod,PV-F005000,162359-55-9,"2-amino-2-(4-octylphenethyl)propane-1,3-diol ; 2-Amino-2-[2-(4-octylphenyl)ethyl]-1,3-propanediol",C19H33NO2,307.5,,In Stock,Fingolimod,API Impurity Standards,fingolimod,https://pharmavive.com/products/browse/fingolimod/fingolimod,https://res.cloudinary.com/dlkh6unr5/image/upload/v1753369282/products/ubjd21tmn28lg5lqabtn.png,2025-07-24 15:00:14,2025-07-24 15:01:22,68824a7e63998afe53413d22
370,Fingolimod EP Impurity B,PV-F005003,745767-97-9,"2-amino-2-(4-heptylphenethyl)propane-1,3-diol",C18H31NO2,293.5,,In Stock,Fingolimod,API Impurity Standards,fingolimod-ep-impurity-b,https://pharmavive.com/products/browse/fingolimod/fingolimod-ep-impurity-b,https://res.cloudinary.com/dlkh6unr5/image/upload/v1753369329/products/mjyxlhlcouvegtayausa.png,2025-07-24 15:00:16,2025-07-24 15:02:09,68824a8063998afe53413d2e
371,Fingolimod EP Impurity C,PV-F005004,746594-44-5,"Fingolimod Nonyl Impurity ; 2-Amino-2-(4-nonylphenethyl)propane-1,3-diol",C20H35NO2,321.5,,In Stock,Fingolimod,API Impurity Standards,fingolimod-ep-impurity-c,https://pharmavive.com/products/browse/fingolimod/fingolimod-ep-impurity-c,https://res.cloudinary.com/dlkh6unr5/image/upload/v1753369340/products/urlpfkpesonvqperqtd9.png,2025-07-24 15:00:16,2025-07-24 15:02:21,68824a8063998afe53413d32
372,Fingolimod EP Impurity H,PV-F005009,162358-09-0,2-acetamido-2-[(acetyloxy)methyl]-4-(4-octylphenyl)butyl acetate,C25H39NO5,433.59,,In Stock,Fingolimod,API Impurity Standards,fingolimod-ep-impurity-h,https://pharmavive.com/products/browse/fingolimod/fingolimod-ep-impurity-h,https://res.cloudinary.com/dlkh6unr5/image/upload/v1753369407/products/ugeowx2erorivovgp0zj.png,2025-07-24 15:00:20,2025-07-24 15:03:28,68824a8463998afe53413d46
373,Fingolimod EP Impurity I,PV-F005010,249289-10-9,N-(1-hydroxy-2-(hydroxymethyl)-4-(4-octylphenyl)butan-2-yl)acetamide,C21H35NO3,349.52,,In Stock,Fingolimod,API Impurity Standards,fingolimod-ep-impurity-i,https://pharmavive.com/products/browse/fingolimod/fingolimod-ep-impurity-i,https://res.cloudinary.com/dlkh6unr5/image/upload/v1753369420/products/klf7qdyxtmsepctra8it.png,2025-07-24 15:00:20,2025-07-24 15:03:41,68824a8463998afe53413d4a
374,Fingolimod Hydrochloride,PV-F005001,162359-56-0,"2-Amino-2-[2-(4-octylphenyl)ethyl]propane-1,3-diol hydrochloride",C19H33NO2 : HCl,307.5 : 36.5,,In Stock,Fingolimod,API Impurity Standards,fingolimod-hydrochloride,https://pharmavive.com/products/browse/fingolimod/fingolimod-hydrochloride,https://res.cloudinary.com/dlkh6unr5/image/upload/v1753369297/products/zqlc4qnligoh3s0ccdg1.png,2025-07-24 15:00:14,2025-07-24 15:01:38,68824a7e63998afe53413d26
375,Fingolimod EP Impurity A,PV-F005002,1201794-93-5,"Fingolimod Hexyl Impurity ; 2-amino-2-(4-hexylphenethyl)propane-1,3-diol",C17H29NO2,279.42,,In Stock,Fingolimod,API Impurity Standards,fingolimod-ep-impurity-a,https://pharmavive.com/products/browse/fingolimod/fingolimod-ep-impurity-a,https://res.cloudinary.com/dlkh6unr5/image/upload/v1753369314/products/r1bwfrhn2ecpjzea5hrq.png,2025-07-24 15:00:15,2025-07-24 15:01:54,68824a7f63998afe53413d2a
376,Fingolimod EP Impurity D,PV-F005005,780729-32-0,"Fingolimod Decyl Impurity ; 2-amino-2-(4-decylphenethyl)propane-1,3-diol",C21H37NO2,335.53,,In Stock,Fingolimod,API Impurity Standards,fingolimod-ep-impurity-d,https://pharmavive.com/products/browse/fingolimod/fingolimod-ep-impurity-d,https://res.cloudinary.com/dlkh6unr5/image/upload/v1753369354/products/wkv9nuirrcjtlc5okzu2.png,2025-07-24 15:00:17,2025-07-24 15:02:35,68824a8163998afe53413d36
377,Fingolimod EP Impurity E,PV-F005006,851039-25-3,"2-(2-(4-Octylphenethyl)-4-octylphenethyl)-2-aminopropane-1,3-diol ; 2-amino-2-(4-octyl-2-(4-octylphenethyl)phenethyl)propane-1,3-diol ; 2-Amino-2-[2-[4-octyl-2-[2-(4-octylphenyl)ethyl]phenyl]ethyl]-1,3-propanediol",C35H57NO2,523.83,,In Stock,Fingolimod,API Impurity Standards,fingolimod-ep-impurity-e,https://pharmavive.com/products/browse/fingolimod/fingolimod-ep-impurity-e,https://res.cloudinary.com/dlkh6unr5/image/upload/v1753369368/products/y1snooxsume1uh3a5qhs.png,2025-07-24 15:00:18,2025-07-24 15:02:49,68824a8263998afe53413d3a
378,Fingolimod EP Impurity F,PV-F005007,851039-24-2,"2-(3-(4-Octylphenethyl)-4-octylphenethyl)-2-aminopropane-1,3-diol ; 2-amino-2-(4-octyl-3-(4-octylphenethyl)phenethyl)propane-1,3-diol",C35H57NO2,523.83,,In Stock,Fingolimod,API Impurity Standards,fingolimod-ep-impurity-f,https://pharmavive.com/products/browse/fingolimod/fingolimod-ep-impurity-f,https://res.cloudinary.com/dlkh6unr5/image/upload/v1753369380/products/bahaaqb85toutjg0ztkp.png,2025-07-24 15:00:18,2025-07-24 15:03:01,68824a8263998afe53413d3e
379,Fingolimod EP Impurity G,PV-F005008,1807973-92-7,Fingolimod 2-amino-2-(hydroxymethyl)-4-(4-octylphenyl)butyl acetate,C21H35NO3,349.52,,In Stock,Fingolimod,API Impurity Standards,fingolimod-ep-impurity-g,https://pharmavive.com/products/browse/fingolimod/fingolimod-ep-impurity-g,https://res.cloudinary.com/dlkh6unr5/image/upload/v1753369393/products/llndybrrxagieftoqq6a.png,2025-07-24 15:00:19,2025-07-24 15:03:14,68824a8363998afe53413d42
380,Fluconazole,PV-F006000,86386-73-4,"2-(2,4-Difluorophenyl)-1,3-bis(1H-1,2,4-triazol-1-yl)propan-2-ol",C13H12F2N6O,306.27,,In Stock,Fluconazole,API Impurity Standards,fluconazole,https://pharmavive.com/products/browse/fluconazole/fluconazole,https://res.cloudinary.com/dlkh6unr5/image/upload/v1753369533/products/af6p1t8it4jyjaj44iiu.png,2025-07-24 15:04:01,2025-07-24 15:05:34,68824b6163998afe53413daf
381,Fluconazole EP Impurity A,PV-F006002,89429-59-4,"(2RS)-2-(2,4-Difluorophenyl)-1-(1H-1,2,4-triazol-1-yl)-3-(4H-1,2,4-triazol-4-yl)propan-2-ol ;",C13H12F2N6O,306.27,,In Stock,Fluconazole,API Impurity Standards,fluconazole-ep-impurity-a,https://pharmavive.com/products/browse/fluconazole/fluconazole-ep-impurity-a,https://res.cloudinary.com/dlkh6unr5/image/upload/v1753369562/products/ldc363xbesveneflpr2n.png,2025-07-24 15:04:03,2025-07-24 15:06:02,68824b6363998afe53413db7
382,Fluconazole EP Impurity B,PV-F006003,871550-15-1,"2-[2-Fluoro-4-(1H-1,2,4-triazol-1-yl)phenyl]-1,3-bis(1H-1,2,4-triazol-1-yl)propan-2-ol",C15H14FN9O,355.33,,In Stock,Fluconazole,API Impurity Standards,fluconazole-ep-impurity-b,https://pharmavive.com/products/browse/fluconazole/fluconazole-ep-impurity-b,https://res.cloudinary.com/dlkh6unr5/image/upload/v1753369575/products/vdnsi1qpvfx8zdcld8xm.png,2025-07-24 15:04:03,2025-07-24 15:06:16,68824b6363998afe53413dbb
383,Fluconazole EP Impurity C,PV-F006004,514222-44-7,"1,1′-(1,3-Phenylene)di-1H-1,2,4-triazole ;",C10H8N6,212.21,,In Stock,Fluconazole,API Impurity Standards,fluconazole-ep-impurity-c,https://pharmavive.com/products/browse/fluconazole/fluconazole-ep-impurity-c,https://res.cloudinary.com/dlkh6unr5/image/upload/v1753369595/products/j7hotpoo4e9kfs7hqfdr.png,2025-07-24 15:04:04,2025-07-24 15:06:36,68824b6463998afe53413dbf
384,Fluconazole EP Impurity D,PV-F006005,81886-51-3,"2-(4-Fluorophenyl)-1,3-bis(1H-1,2,4-triazol-1-yl)propan-2-ol ;",C13H13FN6O,288.28,,In Stock,Fluconazole,API Impurity Standards,fluconazole-ep-impurity-d,https://pharmavive.com/products/browse/fluconazole/fluconazole-ep-impurity-d,,2025-07-24 15:04:05,2025-07-24 15:04:05,68824b6563998afe53413dc3
385,Fluconazole EP Impurity E,PV-F006006,86404-63-9,"1-(2,4-Difluorophenyl)-2-(1H-1,2,4-triazol-1-yl)ethanone ;",C10H7F2N3O,223.18,,In Stock,Fluconazole,API Impurity Standards,fluconazole-ep-impurity-e,https://pharmavive.com/products/browse/fluconazole/fluconazole-ep-impurity-e,https://res.cloudinary.com/dlkh6unr5/image/upload/v1753369608/products/yaesxsuyyumxbdfu7slf.png,2025-07-24 15:04:05,2025-07-24 15:06:49,68824b6563998afe53413dc7
386,Fluconazole EP Impurity F,PV-F006007,118689-07-9,"(2RS)-2-(2,4-Difluorophenyl)-3-(1H-1,2,4-triazol-1-yl)propane-1,2-diol ;",C11H11F2N3O2,255.22,,In Stock,Fluconazole,API Impurity Standards,fluconazole-ep-impurity-f,https://pharmavive.com/products/browse/fluconazole/fluconazole-ep-impurity-f,https://res.cloudinary.com/dlkh6unr5/image/upload/v1753369621/products/nqbtmnti2epcf6j2geis.png,2025-07-24 15:04:06,2025-07-24 15:07:01,68824b6663998afe53413dcb
387,Fluconazole EP Impurity G,PV-F006008,86386-77-8,"1-[[(2RS)-2-(2,4-Difluorophenyl)oxiran-2-yl]methyl]-1H-1,2,4-triazole methanesulfonate ;",C11H9F2N3O : CH4O3S,237.2 : 96.1,,In Stock,Fluconazole,API Impurity Standards,fluconazole-ep-impurity-g,https://pharmavive.com/products/browse/fluconazole/fluconazole-ep-impurity-g,https://res.cloudinary.com/dlkh6unr5/image/upload/v1753369633/products/ou8turx0cwgfoxac5q70.png,2025-07-24 15:04:07,2025-07-24 15:07:13,68824b6763998afe53413dcf
388,Fluconazole EP Impurity H,PV-F006009,150194-52-8,"(2RS)-1-Bromo-2-(2,4-difluorophenyl)-3-(1H-1,2,4-triazol-1-yl)propan-2-ol ;",C11H10BrF2N3O,318.12,,In Stock,Fluconazole,API Impurity Standards,fluconazole-ep-impurity-h,https://pharmavive.com/products/browse/fluconazole/fluconazole-ep-impurity-h,https://res.cloudinary.com/dlkh6unr5/image/upload/v1753369645/products/j0skybssbn4sysuu10f7.png,2025-07-24 15:04:07,2025-07-24 15:07:25,68824b6763998afe53413dd3
389,Fluconazole EP Impurity I,PV-F006010,150168-54-0,"4-Amino-1-[(2RS)-2-(2,4-difluorophenyl)-2-hydroxy-3(1H-1,2,4-triazol-1-yl)propyl]-4H-1,2,4-triazolium bromide ;",C13H14F2N7O : Br,322.3 : 79.9,,In Stock,Fluconazole,API Impurity Standards,fluconazole-ep-impurity-i,https://pharmavive.com/products/browse/fluconazole/fluconazole-ep-impurity-i,https://res.cloudinary.com/dlkh6unr5/image/upload/v1753369657/products/he5wanpozi1t11ejooy7.png,2025-07-24 15:04:08,2025-07-24 15:07:37,68824b6863998afe53413dd7
390,Fosfluconazole,PV-F006001,194798-83-9,"1H-​1,​2,​4-​Triazole-​1-​ethanol, α-​(2,​4-​difluorophenyl)​-​α-​(1H-​1,​2,​4-​triazol-​1-​ylmethyl)​-​, 1-​(dihydrogen phosphate); 1H-1,2,4-Triazole-1-ethanol, α-(2,4-difluorophenyl)-α-(1H-1,2,4-triazol-1-ylmethyl)-, dihydrogen phosphate (ester) (9CI);",C13H13F2N6O4P,386.26,,In Stock,Fluconazole,API Impurity Standards,fosfluconazole,https://pharmavive.com/products/browse/fluconazole/fosfluconazole,https://res.cloudinary.com/dlkh6unr5/image/upload/v1753369549/products/dzdskjsnnhdngacjgk8v.png,2025-07-24 15:04:02,2025-07-24 15:05:49,68824b6263998afe53413db3
391,Fosfomycin,PV-F007000,23155-02-4,"[(2R,3S)-3-Methyloxiranyl]phosphonic Acid",C3H7O4P,138.06,,In Stock,Fosfomycin,API Impurity Standards,fosfomycin,https://pharmavive.com/products/browse/fosfomycin/fosfomycin,https://res.cloudinary.com/dlkh6unr5/image/upload/v1753369736/products/xzydt4ldegiwtdb4xe4u.png,2025-07-24 15:07:57,2025-07-24 15:08:57,68824c4d63998afe53413e48
392,Fosfomycin Methoxy Open Ring Impurity,PV-F007003,N/A,"((1R,2R)-1-hydroxy-2-methoxypropyl)phosphonic acid",C4H11O5P,170.1,,In Stock,Fosfomycin,API Impurity Standards,fosfomycin-methoxy-open-ring-impurity,https://pharmavive.com/products/browse/fosfomycin/fosfomycin-methoxy-open-ring-impurity,https://res.cloudinary.com/dlkh6unr5/image/upload/v1753369789/products/tgpexqyahukbqcss4j54.png,2025-07-24 15:07:59,2025-07-24 15:09:49,68824c4f63998afe53413e54
393,Fosfomycin Trometamol EP Impurity B,PV-F007002,1262243-11-7,(2-(2-amino-3-hydroxy-2-(hydroxymethyl)propoxy)-1-hydroxypropyl)phosphonic acid,C7H18NO7P,259.8,,In Stock,Fosfomycin,API Impurity Standards,fosfomycin-trometamol-ep-impurity-b,https://pharmavive.com/products/browse/fosfomycin/fosfomycin-trometamol-ep-impurity-b,https://res.cloudinary.com/dlkh6unr5/image/upload/v1753369772/products/dojb2zkyj6x9c66bsvs5.png,2025-07-24 15:07:58,2025-07-24 15:09:32,68824c4e63998afe53413e50
394,Fosfomycin Tromethamine,PV-F007001,78964-85-9,"(2R-cis)-(3-Methyloxiranyl)phosphonic acid compound with 2-amino-2-(hydroxymethyl)propane-1,3-diol (1:1)",C3H7O4P : C4H11NO3,138.1 : 121.1,,In Stock,Fosfomycin,API Impurity Standards,fosfomycin-tromethamine,https://pharmavive.com/products/browse/fosfomycin/fosfomycin-tromethamine,https://res.cloudinary.com/dlkh6unr5/image/upload/v1753369752/products/gqgxav0ozijjzmondejs.png,2025-07-24 15:07:58,2025-07-24 15:09:12,68824c4e63998afe53413e4c
395,Fragment-[3-31]-Semaglutide,PV-S003004,NA,"(3S,9S,12S,15S,18S,21S,24S,27S,30S,33S,36S,39S,45S,48S,51S,54S,81R)-54-(((6S,12S,15S,18S,21S,24S,27S,30S,33S)-21-((1H-indol-3-yl)methyl)-1-amino-30-benzyl-27-((S)-sec-butyl)-35-carboxy-6-((carboxymethyl)carbamoyl)-12-(3-guanidinopropyl)-1-imino-18-isobutyl-15-isopropyl-24-methyl-8,11,14,17,20,23,26,29,32-nonaoxo-2,7,10,13,16,19,22,25,28,31-decaazapentatriacontan-33-yl)carbamoyl)-3-amino-45-(3-amino-3-oxopropyl)-12-benzyl-39-(2-carboxyethyl)-21-(carboxymethyl)-33-(4-hydroxybenzyl)-9,15-bis((R)-1-hydroxyethyl)-18,27,30-tris(hydroxymethyl)-36-isobutyl-24-isopropyl-48,51-dimethyl-4,7,10,13,16,19,22,25,28,31,34,37,40,43,46,49,52,60,69,78,83-henicosaoxo-62,65,71,74-tetraoxa-5,8,11,14,17,20,23,26,29,32,35,38,41,44,47,50,53,59,68,77,82-henicosaazanonanonacontane-1,81,99-tricarboxylic acid",C177H277N41O57,3891.39,,In Stock,Semaglutide,API Impurity Standards,fragment-3-31-semaglutide,https://pharmavive.com/products/browse/semaglutide/fragment-3-31-semaglutide,https://res.cloudinary.com/dlkh6unr5/image/upload/v1753713491/products/gzwpchh0epigipl372vf.png,2025-07-28 14:35:08,2025-07-28 14:38:11,68878a9c63998afe53415702
396,Gabapentin,PV-G001000,60142-96-3,1-(Aminomethyl)cyclohexaneacetic acid ;,C9H17NO2,171.24,,In Stock,Gabapentin,API Impurity Standards,gabapentin,https://pharmavive.com/products/browse/gabapentin/gabapentin,https://res.cloudinary.com/dlkh6unr5/image/upload/v1753369927/products/pc2ghlrikxbhdqxcklky.png,2025-07-24 15:10:42,2025-07-24 15:12:07,68824cf263998afe53413e88
397,Gabapentin Di-Nitrile Impurity,PV-G001007,4172-99-0,1-Cyanocyclohexaneacetonitrile ; 1-Cyanomethyl-1-cyclohexanenitrile ;,C9H12N2,148.2,,In Stock,Gabapentin,API Impurity Standards,gabapentin-di-nitrile-impurity,https://pharmavive.com/products/browse/gabapentin/gabapentin-di-nitrile-impurity,https://res.cloudinary.com/dlkh6unr5/image/upload/v1753370045/products/guatvbbyfnxulartckcl.png,2025-07-24 15:10:47,2025-07-24 15:14:06,68824cf763998afe53413ea4
398,Gabapentin EP Impurity A,PV-G001001,64744-50-9,"2-Azaspiro-[4,5]decan-3-one ; 3,3-Pentamethylene-5-butyrolactam ; 4,4-Pentamethylene-2-pyrrolidinone ;",C9H15NO,153.22,,In Stock,Gabapentin,API Impurity Standards,gabapentin-ep-impurity-a,https://pharmavive.com/products/browse/gabapentin/gabapentin-ep-impurity-a,https://res.cloudinary.com/dlkh6unr5/image/upload/v1753369940/products/zvk5852qmt7mhoenwg80.png,2025-07-24 15:10:43,2025-07-24 15:12:20,68824cf363998afe53413e8c
399,Gabapentin EP Impurity B,PV-G001002,133481-09-1,(1-Cyanocyclohexyl)acetic acid ;,C9H13NO2,167.21,,In Stock,Gabapentin,API Impurity Standards,gabapentin-ep-impurity-b,https://pharmavive.com/products/browse/gabapentin/gabapentin-ep-impurity-b,https://res.cloudinary.com/dlkh6unr5/image/upload/v1753369954/products/snhfyqreebqrkthuph6o.png,2025-07-24 15:10:43,2025-07-24 15:12:34,68824cf363998afe53413e90
400,Gabapentin EP Impurity D,PV-G001003,1076198-17-8,(1-(3-Oxo-2-aza-spiro[4.5]dec-2-ylmethyl)-cyclohexyl)acetic acid,C18H29NO3,307.43,,In Stock,Gabapentin,API Impurity Standards,gabapentin-ep-impurity-d,https://pharmavive.com/products/browse/gabapentin/gabapentin-ep-impurity-d,https://res.cloudinary.com/dlkh6unr5/image/upload/v1753369976/products/if5wayzrepd6djby3szt.png,2025-07-24 15:10:44,2025-07-24 15:12:56,68824cf463998afe53413e94
401,Gabapentin EP Impurity E,PV-G001004,67950-95-2,1-(carboxymethyl)cyclohexanecarboxylic acid,C9H14O4,186.21,,In Stock,Gabapentin,API Impurity Standards,gabapentin-ep-impurity-e,https://pharmavive.com/products/browse/gabapentin/gabapentin-ep-impurity-e,https://res.cloudinary.com/dlkh6unr5/image/upload/v1753369990/products/eq5grckosw9cukgj1yvm.png,2025-07-24 15:10:45,2025-07-24 15:13:10,68824cf563998afe53413e98
402,Gabapentin EP Impurity G,PV-G001005,1500558-49-5,[1-(2-Aminoethyl)cyclohexyl]acetic acid ;,C10H19NO2,185.26,,In Stock,Gabapentin,API Impurity Standards,gabapentin-ep-impurity-g,https://pharmavive.com/products/browse/gabapentin/gabapentin-ep-impurity-g,https://res.cloudinary.com/dlkh6unr5/image/upload/v1753370006/products/ekzorolfyi2mtmfytuzo.png,2025-07-24 15:10:45,2025-07-24 15:13:26,68824cf563998afe53413e9c
403,Gabapentin Enacarbil,PV-G001006,478296-72-9,2-(1-((((1-(isobutyryloxy)ethoxy)carbonyl)amino)methyl)cyclohexyl)acetic acid,C16H27NO6,329.4,,In Stock,Gabapentin,API Impurity Standards,gabapentin-enacarbil,https://pharmavive.com/products/browse/gabapentin/gabapentin-enacarbil,https://res.cloudinary.com/dlkh6unr5/image/upload/v1753370025/products/blx5cne71ptw1z5ghcbt.png,2025-07-24 15:10:46,2025-07-24 15:13:45,68824cf663998afe53413ea0
404,Gabapentin acid Impurity,PV-G001008,1281568-83-9,2-(1-(isobutyramidomethyl)cyclohexyl)acetic acid,C13H23NO3,241.33,,In Stock,Gabapentin,API Impurity Standards,gabapentin-acid-impurity,https://pharmavive.com/products/browse/gabapentin/gabapentin-acid-impurity,https://res.cloudinary.com/dlkh6unr5/image/upload/v1753370060/products/vfxwry3lk22fpvptah63.png,2025-07-24 15:10:47,2025-07-24 15:14:20,68824cf763998afe53413ea8
405,Gabapentine CAI Impurity,PV-G001009,1130-32-1,"3-Azaspiro[5.5]undecane-2,4-dione",C10H15NO2,181.2,,In Stock,Gabapentin,API Impurity Standards,gabapentine-cai-impurity,https://pharmavive.com/products/browse/gabapentin/gabapentine-cai-impurity,https://res.cloudinary.com/dlkh6unr5/image/upload/v1753370074/products/bykkw4dwebkzdtwi1moc.png,2025-07-24 15:10:48,2025-07-24 15:14:35,68824cf863998afe53413eac
406,Gadoterate Impurity 1,PV-G003002,NA,"2,2',2''-(10-(2-(methyl((2S,3R,4R,5R)-2,3,4,5,6-pentahydroxyhexyl)amino)-2-oxoethyl)-1,4,7,10-tetraazacyclododecane-1,4,7-triyl)triacetic acid",C23H43N5O12,581.6,,In Stock,Gadoterate,API Impurity Standards,gadoterate-impurity-1,https://pharmavive.com/products/browse/gadoterate/gadoterate-impurity-1,https://res.cloudinary.com/dlkh6unr5/image/upload/v1753370309/products/yfnys6mv2uum3dciairs.png,2025-07-24 15:17:06,2025-07-24 15:18:29,68824e7263998afe53413f63
407,Gadoterate Impurity 2,PV-G003003,NA,,C23H40GdN5O13,751.8,,In Stock,Gadoterate,API Impurity Standards,gadoterate-impurity-2,https://pharmavive.com/products/browse/gadoterate/gadoterate-impurity-2,https://res.cloudinary.com/dlkh6unr5/image/upload/v1753370327/products/umifj8mf1hrxbjazvmpr.png,2025-07-24 15:17:07,2025-07-24 15:18:47,68824e7363998afe53413f67
408,Gadoterate Meglumine,PV-G003000,92943-93-6,Gadolinium-DOTA meglumine,C16H24GdN4O8 : C7H17NO5,557.6 : 195.2,,In Stock,Gadoterate,API Impurity Standards,gadoterate-meglumine,https://pharmavive.com/products/browse/gadoterate/gadoterate-meglumine,https://res.cloudinary.com/dlkh6unr5/image/upload/v1753370277/products/j9hjnjhxerk1pwdaclcu.png,2025-07-24 15:17:05,2025-07-24 15:17:58,68824e7163998afe53413f5b
409,Gadoteric Acid,PV-G003001,72573-82-1,"1,4,7,10-Tetraazacyclododecane-1,4,7,10-tetraacetic Acid Gadolinium Complex",C16H25GdN4O8,558.6,,In Stock,Gadoterate,API Impurity Standards,gadoteric-acid,https://pharmavive.com/products/browse/gadoterate/gadoteric-acid,https://res.cloudinary.com/dlkh6unr5/image/upload/v1753370292/products/aznwjj023ccf2ejwfuxb.png,2025-07-24 15:17:06,2025-07-24 15:18:13,68824e7263998afe53413f5f
410,Ganciclovir,PV-G002000,82410-32-0,"2-amino-9-(((1,3-dihydroxypropan-2-yl)oxy)methyl)-1,9-dihydro-6H-purin-6-one",C9H13N5O4,255.23,,In Stock,Ganciclovir,API Impurity Standards,ganciclovir,https://pharmavive.com/products/browse/ganciclovir/ganciclovir,https://res.cloudinary.com/dlkh6unr5/image/upload/v1753370148/products/flm7w7cwwoyv45fcwa24.png,2025-07-24 15:15:00,2025-07-24 15:15:49,68824df463998afe53413f10
411,Ganciclovir EP Impurity B,PV-G002002,194159-18-7,"(2RS)-2-[(2-Amino-6-oxo-1,6-dihydro-9H-purin-9-yl)methoxy]-3-hydroxypropyl propionate(as per EP) ; 2-[(2-Amino-6-oxo-1,6-dihydro-9H-purin-9-yl)methoxy]-3-hydroxypropyl propionate (as per USP)",C12H17N5O5,311.29,,In Stock,Ganciclovir,API Impurity Standards,ganciclovir-ep-impurity-b,https://pharmavive.com/products/browse/ganciclovir/ganciclovir-ep-impurity-b,https://res.cloudinary.com/dlkh6unr5/image/upload/v1753370178/products/tswo0d3ttdyp0kbnndnp.png,2025-07-24 15:15:01,2025-07-24 15:16:19,68824df563998afe53413f18
412,Ganciclovir EP Impurity C,PV-G002003,108436-36-8,"2-Amino-9-[[(1RS)-2-chloro-1-(hydroxymethyl)ethoxy]methyl]-1,9-dihydro-6H-purin-6-one",C9H12ClN5O3,273.68,,In Stock,Ganciclovir,API Impurity Standards,ganciclovir-ep-impurity-c,https://pharmavive.com/products/browse/ganciclovir/ganciclovir-ep-impurity-c,https://res.cloudinary.com/dlkh6unr5/image/upload/v1753370196/products/qwv069zianp5ixm8dmbf.png,2025-07-24 15:15:02,2025-07-24 15:16:37,68824df663998afe53413f1c
413,Ganciclovir EP Impurity I,PV-G002004,86357-20-2,"2-[(2-Amino-6-oxo-1,6-dihydro-9H-purin-9-yl)methoxy]propane-1,3-diyl dipropanoate",C15H21N5O6,367.36,,In Stock,Ganciclovir,API Impurity Standards,ganciclovir-ep-impurity-i,https://pharmavive.com/products/browse/ganciclovir/ganciclovir-ep-impurity-i,https://res.cloudinary.com/dlkh6unr5/image/upload/v1753370210/products/tldaa7laritnlnlh6pvz.png,2025-07-24 15:15:03,2025-07-24 15:16:51,68824df763998afe53413f20
414,Ganciclovir Sodium,PV-G002001,107910-75-8,"Sodium 2-amino-9-(((1,3-dihydroxypropan-2-yl)oxy)methyl)-1,9-dihydro-6H-purin-6-one",C9H13N5O4 : Na,255.2 : 23.0,,In Stock,Ganciclovir,API Impurity Standards,ganciclovir-sodium,https://pharmavive.com/products/browse/ganciclovir/ganciclovir-sodium,https://res.cloudinary.com/dlkh6unr5/image/upload/v1753370161/products/rbovgb49bdrfpkzcfnoq.png,2025-07-24 15:15:01,2025-07-24 15:16:02,68824df563998afe53413f14
415,Hexamidine Diisethionate,PV-H001000,659-40-5,"4,4′-[Hexane-1,6-diylbis(oxy)]dibenzimidamide bis(2-hydroxyethanesulfonate) (As per EP)",C20H26N4O2 : 2(C2H6O4S),354.5 : 2(126.1),,In Stock,Hexamidine,API Impurity Standards,hexamidine-diisethionate,https://pharmavive.com/products/browse/hexamidine/hexamidine-diisethionate,https://res.cloudinary.com/dlkh6unr5/image/upload/v1753370465/products/hmzuafz4vyjmzerw7qxl.png,2025-07-24 15:20:12,2025-07-24 15:21:06,68824f2c63998afe53413f9b
416,Hexamidine EP Impurity A,PV-H001001,N/A,4-[[6-(4-carbamimidoylphenoxy)hexyl]oxy]benzamide,C20H25N3O3,355.4,,In Stock,Hexamidine,API Impurity Standards,hexamidine-ep-impurity-a,https://pharmavive.com/products/browse/hexamidine/hexamidine-ep-impurity-a,https://res.cloudinary.com/dlkh6unr5/image/upload/v1753370479/products/ck6fgpuuear4e6jtwsbq.png,2025-07-24 15:20:13,2025-07-24 15:21:19,68824f2d63998afe53413f9f
417,Hexamidine EP Impurity B,PV-H001002,2469554-78-5,ethyl 4-[[6-(4-carbamimidoylphenoxy)hexyl]oxy]benzimidoate,C22H29N3O3,383.5,,In Stock,Hexamidine,API Impurity Standards,hexamidine-ep-impurity-b,https://pharmavive.com/products/browse/hexamidine/hexamidine-ep-impurity-b,https://res.cloudinary.com/dlkh6unr5/image/upload/v1753370495/products/mfogmanmewide5bgip3t.png,2025-07-24 15:20:13,2025-07-24 15:21:35,68824f2d63998afe53413fa3
418,Hexamidine EP Impurity C,PV-H001003,N/A,"4-Imino-9,16-dioxa-3-azatricyclo[15.2.2.25,8]tricosa-1(19),2,5,7,17,20,22-heptaen-2-amine",C20H23N3O2,337.4,,In Stock,Hexamidine,API Impurity Standards,hexamidine-ep-impurity-c,https://pharmavive.com/products/browse/hexamidine/hexamidine-ep-impurity-c,https://res.cloudinary.com/dlkh6unr5/image/upload/v1753370509/products/bgfbutihrvtit9zgufrt.png,2025-07-24 15:20:14,2025-07-24 15:21:50,68824f2e63998afe53413fa7
419,Hexamidine EP Impurity D,PV-H001004,2514722-87-1,Ethyl 4-[[6-(4-carbamimidoylphenoxy)hexyl]oxy]benzoate,C22H28N2O4,384.5,,In Stock,Hexamidine,API Impurity Standards,hexamidine-ep-impurity-d,https://pharmavive.com/products/browse/hexamidine/hexamidine-ep-impurity-d,https://res.cloudinary.com/dlkh6unr5/image/upload/v1753370522/products/hpzrweifb84amwzsczdc.png,2025-07-24 15:20:14,2025-07-24 15:22:02,68824f2e63998afe53413fab
420,His-Cyclic-Semaglutide,PV-S003002,NA,"(3S,9S,12S,15S,18S,21S,24S,27S,30S,33S,36S,39S,45S,48S,51S,54S,81R)-54-(((6S,12S,15S,18S,21S,24S,27S,30S,33S)-21-((1H-indol-3-yl)methyl)-1-amino-30-benzyl-27-((S)-sec-butyl)-35-carboxy-6-((carboxymethyl)carbamoyl)-12-(3-guanidinopropyl)-1-imino-18-isobutyl-15-isopropyl-24-methyl-8,11,14,17,20,23,26,29,32-nonaoxo-2,7,10,13,16,19,22,25,28,31-decaazapentatriacontan-33-yl)carbamoyl)-45-(3-amino-3-oxopropyl)-12-benzyl-39-(2-carboxyethyl)-21-(carboxymethyl)-33-(4-hydroxybenzyl)-9,15-bis((R)-1-hydroxyethyl)-18,27,30-tris(hydroxymethyl)-36-isobutyl-24-isopropyl-48,51-dimethyl-3-(2-methyl-2-((S)-4,5,6,7-tetrahydro-3H-imidazo[4,5-c]pyridine-6-carboxamido)propanamido)-4,7,10,13,16,19,22,25,28,31,34,37,40,43,46,49,52,60,69,78,83-henicosaoxo-62,65,71,74-tetraoxa-5,8,11,14,17,20,23,26,29,32,35,38,41,44,47,50,53,59,68,77,82-henicosaazanonanonacontane-1,81,99-tricarboxylic acid",C188H291N45O59,4125.7,,In Stock,Semaglutide,API Impurity Standards,his-cyclic-semaglutide,https://pharmavive.com/products/browse/semaglutide/his-cyclic-semaglutide,https://res.cloudinary.com/dlkh6unr5/image/upload/v1753713453/products/ozrroh0d9dwtowmkiabr.png,2025-07-28 14:35:07,2025-07-28 14:37:33,68878a9b63998afe534156fa
421,Hydroxy Dapagliflozin (USP),PV-D002014,1204222-85-4,"(2S,3R,4R,5S,6R)-2-(4-Chloro-3-((4-ethoxyphenyl)(hydroxy)methyl)phenyl)-6-(hydroxymethyl)tetrahydro-2H-pyran-3,4,5-triol ; (1S)-1,5-Anhydro-1-[4-chloro-3-[(Ξ)-(4-ethoxyphenyl)(hydroxy)methyl]phenyl]-D-glucitol ; (1S)-1,5-anhydro-1-C-[4-chloro-3-[(3)-(4-ethoxyphenyl)(hydroxy)methyl]phenyl]-D-glucitol",C21H25ClO7,424.9,,In Stock,Dapagliflozin,API Impurity Standards,hydroxy-dapagliflozin-usp,https://pharmavive.com/products/browse/dapagliflozin/hydroxy-dapagliflozin-usp,https://res.cloudinary.com/dlkh6unr5/image/upload/v1753364988/products/thphrvxwkq58cbqgjf3d.png,2025-07-24 13:42:57,2025-07-24 13:49:49,6882386163998afe53413752
422,Hydroxy Derivative of Daptomycin,PV-D003004,N/A,"2,2'-((3S,6S,9R,15S,18R,21S,24S,30S,31R)-30-((S)-2-((R)-4-Amino-2-((S)-2-decanamido-3-(1H-indol-3-yl)propanamido)-4-oxobutanamido)-3-carboxypropanamido)-3-(2-(2-aminophenyl)-2-oxoethyl)-24-(3-aminopropyl)-6-((R)-1-carboxypropan-2-yl)-9,18-bis(hydroxymethyl)-31-methyl-2,5,8,11,14,17,20,23,26,29-decaoxo-1-oxa-4,7,10,13,16,19,22,25,28-nonaazacyclohentriacontane-15,21-diyl)diacetic acid",C72H101N17O27,1636.69,,In Stock,Daptomycin,API Impurity Standards,hydroxy-derivative-of-daptomycin,https://pharmavive.com/products/browse/daptomycin/hydroxy-derivative-of-daptomycin,https://res.cloudinary.com/dlkh6unr5/image/upload/v1753365211/products/hiqyflix9hsuji7hcvxd.png,2025-07-24 13:51:27,2025-07-24 13:53:32,68823a5f63998afe53413821
423,Hydroxy Empagliflozin Impurity,PV-E003008,2137418-13-2,"(2S,3R,4R,5S,6R)-2-(4-chloro-3-(hydroxy(4-(((S)-tetrahydrofuran-3-yl)oxy)phenyl)methyl)phenyl)-6-(hydroxymethyl)tetrahydro-2H-pyran-3,4,5-triol",C23H27ClO8,466.9,,In Stock,Empagliflozin,API Impurity Standards,hydroxy-empagliflozin-impurity,https://pharmavive.com/products/browse/empagliflozin/hydroxy-empagliflozin-impurity,https://res.cloudinary.com/dlkh6unr5/image/upload/v1753367770/products/oyfjnuzd0j6cm9v06p6p.png,2025-07-24 14:33:11,2025-07-24 14:36:10,6882442763998afe53413a55
424,Ibrutinib,PV-I001000,936563-96-1,"1-[(3R)-3-[4-Amino-3-(4-phenoxyphenyl)-1H-pyrazolo[3,4-d]pyrimidin-1-yl]-1-piperidinyl]-2-propen-1-one; PCI 32765; PCI 32765-00; CRA 032765; (R)-1-(3-(4-Amino-3-(4-phenoxyphenyl)-1H-pyrazolo[3,4-d]pyrimidin-1-yl)piperidin-1-yl)prop-2-en-1-one",C25H24N6O2,440.5,,In Stock,Ibrutinib,API Impurity Standards,ibrutinib,https://pharmavive.com/products/browse/ibrutinib/ibrutinib,https://res.cloudinary.com/dlkh6unr5/image/upload/v1753370593/products/shkryo01jpwb8sm6tnzs.png,2025-07-24 15:22:22,2025-07-24 15:23:16,68824fae63998afe53413fea
425,Ibrutinib dimer impurity,PV-I001001,2417548-83-3,"N-(1-((R)-1-acryloylpiperidin-3-yl)-3-(4-phenoxyphenyl)-1H-pyrazolo[3,4-d]pyrimidin-4-yl)-3-((R)-3-(4-amino-3-(4-phenoxyphenyl)-1H-pyrazolo[3,4-d]pyrimidin-1-yl)piperidin-1-yl)propanamide",C50H48N12O4,881.01,,In Stock,Ibrutinib,API Impurity Standards,ibrutinib-dimer-impurity,https://pharmavive.com/products/browse/ibrutinib/ibrutinib-dimer-impurity,https://res.cloudinary.com/dlkh6unr5/image/upload/v1753370608/products/nmzol5lz6ck9wf4orfli.png,2025-07-24 15:22:22,2025-07-24 15:23:28,68824fae63998afe53413fee
426,Ibuprofen,PV-I002000,15687-27-1,(2RS)-2-(4-isobutylphenyl)propanoic acid ; 2-(4-Isobutylphenyl)propionic Acid,C13H18O2,206.3,,In Stock,Ibuprofen,API Impurity Standards,ibuprofen,https://pharmavive.com/products/browse/ibuprofen/ibuprofen,https://res.cloudinary.com/dlkh6unr5/image/upload/v1753370709/products/tredlwf5tmqci7khqd9y.png,2025-07-24 15:24:03,2025-07-24 15:25:10,6882501363998afe5341401d
427,Ibuprofen EP Impurity B,PV-I002001,3585-49-7,(2RS)-2-(4-butylphenyl)propanoic acid,C13H18O2,206.3,,In Stock,Ibuprofen,API Impurity Standards,ibuprofen-ep-impurity-b,https://pharmavive.com/products/browse/ibuprofen/ibuprofen-ep-impurity-b,https://res.cloudinary.com/dlkh6unr5/image/upload/v1753370721/products/byigrrb3txibqwizf8gm.png,2025-07-24 15:24:03,2025-07-24 15:25:22,6882501363998afe53414021
428,Ibuprofen EP Impurity E,PV-I002002,38861-78-8,1-(4-Isobutylphenyl)ethan-1-one ; 1-[4-(2-methylpropyl)phenyl]ethanone,C12H16O,176.3,,In Stock,Ibuprofen,API Impurity Standards,ibuprofen-ep-impurity-e,https://pharmavive.com/products/browse/ibuprofen/ibuprofen-ep-impurity-e,https://res.cloudinary.com/dlkh6unr5/image/upload/v1753370736/products/r4biqxstg95dj6pxzfpt.png,2025-07-24 15:24:04,2025-07-24 15:25:36,6882501463998afe53414025
429,Ibuprofen EP Impurity J,PV-I002003,65813-55-0,(2RS)-2-(4-Isobutyrylphenyl)propanoic acid ; (2RS)-2-[4-(2-methylpropanoyl)phenyl]propanoic acid,C13H16O3,220.3,,In Stock,Ibuprofen,API Impurity Standards,ibuprofen-ep-impurity-j,https://pharmavive.com/products/browse/ibuprofen/ibuprofen-ep-impurity-j,https://res.cloudinary.com/dlkh6unr5/image/upload/v1753370776/products/wwmjzbyzec6uhvq61djw.png,2025-07-24 15:24:05,2025-07-24 15:26:17,6882501563998afe53414029
430,Ibuprofen Impurity 1,PV-I002004,75625-99-9,2-(4-(2-methyl-1-propenyl)phenyl)propanoic acid,C13H16O2,204.3,,In Stock,Ibuprofen,API Impurity Standards,ibuprofen-impurity-1,https://pharmavive.com/products/browse/ibuprofen/ibuprofen-impurity-1,https://res.cloudinary.com/dlkh6unr5/image/upload/v1753370793/products/qqvv0emp7byszhz5ef3z.png,2025-07-24 15:24:05,2025-07-24 15:26:33,6882501563998afe5341402d
431,Imatinib,PV-I003000,152459-95-5,4-[(4-Methylpiperazin-1-yl)methyl]-N-(4-methyl-3-{[4-(pyridin-3-yl)pyrimidin-2-yl]amino}phenyl)benzamide,C29H31N7O,493.6,,In Stock,Imatinib,API Impurity Standards,imatinib,https://pharmavive.com/products/browse/imatinib/imatinib,https://res.cloudinary.com/dlkh6unr5/image/upload/v1753370888/products/tuhz6khr4ubf3gkzyhwu.png,2025-07-24 15:27:09,2025-07-24 15:28:08,688250cd63998afe53414068
432,Imatinib EP Impurity A,PV-I003002,55314-16-4,(2E)​-​3-​(Dimethylamino)​-​1-​(​pyridin-3-yl)​prop-​2-​en-​1-​one;  (2E)-3-(Dimethylamino)-1-(3-pyridyl)prop-2-en-1-one; (E)-3-(Dimethylamino)-1-(pyridin-3-yl)prop-2-en-1-one,C10H12N2O,176.2,,In Stock,Imatinib,API Impurity Standards,imatinib-ep-impurity-a,https://pharmavive.com/products/browse/imatinib/imatinib-ep-impurity-a,https://res.cloudinary.com/dlkh6unr5/image/upload/v1753370937/products/bbzinud6a26aggsukbv4.png,2025-07-24 15:27:10,2025-07-24 15:28:58,688250ce63998afe53414070
433,Imatinib EP Impurity B (2HCl salt),PV-I003003,581076-67-7,N-(3-carbamimidamido-4-methylphenyl)-4-[(4-methylpiperazin-1-yl)methyl]benzamide Dihydrochloride,C21H28N6O : 2HCl,380.5 : 2(36.5),,In Stock,Imatinib,API Impurity Standards,imatinib-ep-impurity-b-2hcl-salt,https://pharmavive.com/products/browse/imatinib/imatinib-ep-impurity-b-2hcl-salt,https://res.cloudinary.com/dlkh6unr5/image/upload/v1753370950/products/yaqfwnvg6lqxrpc0kdhp.png,2025-07-24 15:27:11,2025-07-24 15:29:10,688250cf63998afe53414074
434,Imatinib EP Impurity C,PV-I003012,404844-02-6,N-(4-Methyl-3-[[4-(pyridin-3-yl)pyrimidin-2-yl]amino]phenyl)-4-(piperazin-1- ylmethyl)benzamide,C28H29N7O,479.6,,In Stock,Imatinib,API Impurity Standards,imatinib-ep-impurity-c,https://pharmavive.com/products/browse/imatinib/imatinib-ep-impurity-c,https://res.cloudinary.com/dlkh6unr5/image/upload/v1753371105/products/bpooqhahs0v8rqhlh3gb.png,2025-07-24 15:27:17,2025-07-24 15:31:46,688250d563998afe5341409a
435,Imatinib EP Impurity C (HCl salt),PV-I003004,1820893-54-6,N-[4-Methyl-3-[[4-(3-pyridinyl)-2-pyrimidinyl]amino]phenyl]-4-(1-piperazinylmethyl)-benzamide;,C28H29N7O : HCl,479.6 : 36.5,,In Stock,Imatinib,API Impurity Standards,imatinib-ep-impurity-c-hcl-salt,https://pharmavive.com/products/browse/imatinib/imatinib-ep-impurity-c-hcl-salt,https://res.cloudinary.com/dlkh6unr5/image/upload/v1753370964/products/ucod96fro0oapr6smscp.png,2025-07-24 15:27:12,2025-07-24 15:29:25,688250d063998afe5341407a
436,Imatinib EP Impurity C Trihydrochloride,PV-I003005,N/A,N-[4-methyl-3-[[4-(pyridin-3-yl)pyrimidin-2-yl]amino]phenyl]-4-(piperazin-1-ylmethyl)benzamide Trihydrate,C28H29N7O : 3(HCl),479.6 : 3(36.5),,In Stock,Imatinib,API Impurity Standards,imatinib-ep-impurity-c-trihydrochloride,https://pharmavive.com/products/browse/imatinib/imatinib-ep-impurity-c-trihydrochloride,https://res.cloudinary.com/dlkh6unr5/image/upload/v1753370981/products/zbp11ddlqryhn1ae9du0.png,2025-07-24 15:27:12,2025-07-24 15:29:41,688250d063998afe5341407e
437,Imatinib EP Impurity D,PV-I003006,1821122-73-9,"1-methyl-1,4-bis(4-((4-methyl-3-((4-(pyridin-3-yl)pyrimidin-2-yl)amino)phenyl)carbamoyl)benzyl)piperazin-1-ium",C53H51N12O2,888.1,,In Stock,Imatinib,API Impurity Standards,imatinib-ep-impurity-d,https://pharmavive.com/products/browse/imatinib/imatinib-ep-impurity-d,https://res.cloudinary.com/dlkh6unr5/image/upload/v1753370995/products/y85si05wzye1apfjw02q.png,2025-07-24 15:27:13,2025-07-24 15:29:56,688250d163998afe53414082
438,Imatinib EP Impurity D Tetrahydrochloride,PV-I003007,N/A,"1-methyl-1,4-bis[4-[[4-methyl-3-[[4-(pyridin-3-yl)pyrimidin-2-yl]amino]phenyl]carbamoyl]benzyl]piperazin-1-ium tetrahydrocloride",C53H51N12O2 : 4(HCl),888.1 : 4(36.5),,In Stock,Imatinib,API Impurity Standards,imatinib-ep-impurity-d-tetrahydrochloride,https://pharmavive.com/products/browse/imatinib/imatinib-ep-impurity-d-tetrahydrochloride,https://res.cloudinary.com/dlkh6unr5/image/upload/v1753371013/products/jivnfidpjvdkzjvtv40g.png,2025-07-24 15:27:14,2025-07-24 15:30:14,688250d263998afe53414086
439,Imatinib EP Impurity F,PV-I003008,152460-10-1,"Imatinib Diamine Impurity ; N-(5-Amino-2-methylphenyl)-4-(3-pyridyl)-2-pyrimidineamine; 4-Methyl-3-[4-(3-pyridyl)pyrimidin-2-ylamino]aniline; 4-Methyl-N3-[4-(3-pyridinyl)-2-pyrimidinyl]-1,3-benzenediamine;",C16H15N5,277.3,,In Stock,Imatinib,API Impurity Standards,imatinib-ep-impurity-f,https://pharmavive.com/products/browse/imatinib/imatinib-ep-impurity-f,https://res.cloudinary.com/dlkh6unr5/image/upload/v1753371035/products/zunii7gauc68k6dru5v7.png,2025-07-24 15:27:14,2025-07-24 15:30:35,688250d263998afe5341408a
440,Imatinib EP Impurity H,PV-I003009,350-03-8,1-(Pyridin-3-yl)ethan-1-one,C7H7NO,121.1,,In Stock,Imatinib,API Impurity Standards,imatinib-ep-impurity-h,https://pharmavive.com/products/browse/imatinib/imatinib-ep-impurity-h,https://res.cloudinary.com/dlkh6unr5/image/upload/v1753371047/products/cgpwd6yv5ovxwelhocib.png,2025-07-24 15:27:15,2025-07-24 15:30:47,688250d363998afe5341408e
441,Imatinib EP Impurity J,PV-I003010,571186-91-9,4-[(4-Methyl-4-oxidopiperazin-1-yl)methyl]-N-(4-methyl-3-[[4-(pyridin-3-yl)pyrimidin-2-yl]amino]phenyl)benzamide,C29H31N7O2,509.6,,In Stock,Imatinib,API Impurity Standards,imatinib-ep-impurity-j,https://pharmavive.com/products/browse/imatinib/imatinib-ep-impurity-j,https://res.cloudinary.com/dlkh6unr5/image/upload/v1753371060/products/xsc3efqqeu7lscd4nukm.png,2025-07-24 15:27:16,2025-07-24 15:31:00,688250d463998afe53414092
442,Imatinib Hydrochloride Impurity G,PV-I003011,50398-09-9,1-methylpiperazine hydrochloride;,C5H12N2 : HCl,100.2 : 36.5,,In Stock,Imatinib,API Impurity Standards,imatinib-hydrochloride-impurity-g,https://pharmavive.com/products/browse/imatinib/imatinib-hydrochloride-impurity-g,https://res.cloudinary.com/dlkh6unr5/image/upload/v1753371092/products/yteyvtgnouooo2zzfvgu.png,2025-07-24 15:27:16,2025-07-24 15:31:33,688250d463998afe53414096
443,Imatinib Mesylate,PV-I003001,220127-57-1,4-[(4-Methyl-1-piperazinyl)methyl]-N-[4-methyl-3-[[4-(3-pyridinyl)-2-pyrimidinyl]amino]phenyl]benzamide Methanesulfonate;,C29H31N7O : CH4O3S,493.6 : 96.1,,In Stock,Imatinib,API Impurity Standards,imatinib-mesylate,https://pharmavive.com/products/browse/imatinib/imatinib-mesylate,https://res.cloudinary.com/dlkh6unr5/image/upload/v1753370921/products/bqs30qo1acptbcqmeivy.png,2025-07-24 15:27:10,2025-07-24 15:28:42,688250ce63998afe5341406c
444,Isobutylglutarmonoamide,PV-P006004,181289-33-8,(R)-3-(2-amino-2-oxoethyl)-5-methylhexanoic acid,C9H17NO3,187.2,,In Stock,Pregabalin,API Impurity Standards,isobutylglutarmonoamide,https://pharmavive.com/products/browse/pregabalin/isobutylglutarmonoamide,https://res.cloudinary.com/dlkh6unr5/image/upload/v1753458241/products/ksfpxx8o2pwumdpaqlgr.png,2025-07-25 15:41:39,2025-07-25 15:44:02,6883a5b363998afe53415102
445,Isoconazole,PV-I006000,27523-40-6,"1-[(2RS)-2-(2,4-Dichlorophenyl)-2-[(2,6-dichlorophenyl)methoxy]ethyl]-1H-imidazole (as per EP)",C18H14Cl4N2O,416.1,,In Stock,Isoconazole,API Impurity Standards,isoconazole,https://pharmavive.com/products/browse/isoconazole/isoconazole,https://res.cloudinary.com/dlkh6unr5/image/upload/v1753371773/products/aurpbl1khmvnvydschgu.png,2025-07-24 15:41:44,2025-07-24 15:42:54,6882543863998afe5341420b
446,Isoconazole EP Impurity B,PV-I006001,24155-42-8,"(1RS)-1-(2,4-dichlorophenyl)-2-(1H-imidazol-1-yl)ethan-1-ol (as per EP)",C11H10Cl2N2O,257.1,,In Stock,Isoconazole,API Impurity Standards,isoconazole-ep-impurity-b,https://pharmavive.com/products/browse/isoconazole/isoconazole-ep-impurity-b,https://res.cloudinary.com/dlkh6unr5/image/upload/v1753371784/products/mocjbicst5cza3opgr4l.png,2025-07-24 15:41:45,2025-07-24 15:43:04,6882543963998afe5341420f
447,Isoconazole EP Impurity C,PV-I006002,1305320-62-0,"(2RS)-2-(2,4-dichlorophenyl)-2-[(2,6-dichlorophenyl)methoxy]ethan-1-amine (as per EP)",C15H13Cl4NO,365.1,,In Stock,Isoconazole,API Impurity Standards,isoconazole-ep-impurity-c,https://pharmavive.com/products/browse/isoconazole/isoconazole-ep-impurity-c,https://res.cloudinary.com/dlkh6unr5/image/upload/v1753371797/products/rrrt8974iaqzziuvvrmf.png,2025-07-24 15:41:45,2025-07-24 15:43:17,6882543963998afe53414213
448,Isoconazole EP Impurity D,PV-I006003,22916-47-8,"1-[(2RS)-2-(2,4-dichlorophenyl)-2-[(2,4-dichlorophenyl)methoxy]ethyl]-1H-imidazole (as per EP)",C18H14Cl4N2O,416.1,,In Stock,Isoconazole,API Impurity Standards,isoconazole-ep-impurity-d,https://pharmavive.com/products/browse/isoconazole/isoconazole-ep-impurity-d,https://res.cloudinary.com/dlkh6unr5/image/upload/v1753371821/products/ddfs33k1jserjolvifaf.png,2025-07-24 15:41:46,2025-07-24 15:43:41,6882543a63998afe53414217
449,Isodecyl isomer of Daptomycin,PV-D003005,N/A,"2,2'-(30-(2-(2-(3-(1H-indol-3-yl)-2-(8-methylnonanamido)propanamido)-4-amino-4-oxobutanamido)-3-carboxypropanamido)-3-(2-(2-aminophenyl)-2-oxoethyl)-24-(3-aminopropyl)-6-(1-carboxypropan-2-yl)-9-(hydroxymethyl)-18,31-dimethyl-2,5,8,11,14,17,20,23,26,29-decaoxo-1-oxa-4,7,10,13,16,19,22,25,28-nonaazacyclohentriacontane-15,21-diyl)diacetic acid",C72H101N17O26,1620.69,,In Stock,Daptomycin,API Impurity Standards,isodecyl-isomer-of-daptomycin,https://pharmavive.com/products/browse/daptomycin/isodecyl-isomer-of-daptomycin,https://res.cloudinary.com/dlkh6unr5/image/upload/v1753365227/products/nwyae0dqjlox2wwpdxtf.png,2025-07-24 13:51:27,2025-07-24 13:53:47,68823a5f63998afe53413825
450,Isoleucine Valsartan (Impurity D),PV-V003006,137862-78-3,"N-((2'-(1H-tetrazol-5-yl)-[1,1'-biphenyl]-4-yl)methyl)-N-pentanoyl-L-alloisoleucine",C25H31N5O3,449.6,,In Stock,Valsartan,API Impurity Standards,isoleucine-valsartan-impurity-d,https://pharmavive.com/products/browse/valsartan/isoleucine-valsartan-impurity-d,https://res.cloudinary.com/dlkh6unr5/image/upload/v1753719533/products/mtn7caqfcnd1xjvytasp.png,2025-07-28 16:15:32,2025-07-28 16:18:54,6887a22463998afe534160b0
451,Isorhamnetin,PV-Q001001,480-19-3,"3’-O-Methyl Quercetin ; 3,5,7-Trihydroxy-2-(4-hydroxy-3-methoxyphenyl)-4H-1-benzopyran-4-one; 3,3’,5,7-Tetrahydroxy-3’-methoxyflavone ; 3’-Methoxyquercetin; 3’-Methylquercetin ; C.I. 75680; Isorhamnetol",C16H12O7,316.3,,In Stock,Quercetin,API Impurity Standards,isorhamnetin,https://pharmavive.com/products/browse/quercetin/isorhamnetin,https://res.cloudinary.com/dlkh6unr5/image/upload/v1753458483/products/nrd6ocwm35lksyt40hn6.png,2025-07-25 15:47:16,2025-07-25 15:48:04,6883a70463998afe534151b6
452,Isouridine,PV-U004003,6745-33-1,3-(β-D-ribofuranosyl)uracil,C9H12N2O6,244.2,,In Stock,Uridine,API Impurity Standards,isouridine,https://pharmavive.com/products/browse/uridine/isouridine,https://res.cloudinary.com/dlkh6unr5/image/upload/v1753718449/products/oji5y2firxpmzhqzikbe.png,2025-07-28 15:59:39,2025-07-28 16:00:49,68879e6b63998afe53415f44
453,Itraconazole,PV-I004000,84625-61-6,"4-(4-(4-(4-(((2R,4S)-2-((1H-1,2,4-triazol-1-yl)methyl)-2-(2,4-dichlorophenyl)-1,3-dioxolan-4-yl)methoxy)phenyl)piperazin-1-yl)phenyl)-2-((R)-sec-butyl)-2,4-dihydro-3H-1,2,4-triazol-3-one",C35H38Cl2N8O4,705.6,,In Stock,Itraconazole,API Impurity Standards,itraconazole,https://pharmavive.com/products/browse/itraconazole/itraconazole,https://res.cloudinary.com/dlkh6unr5/image/upload/v1753371228/products/tuamcydl9cp2naxztg1x.png,2025-07-24 15:32:04,2025-07-24 15:33:49,688251f463998afe5341410b
454,Itraconazole EP Impurity A,PV-I004001,252964-68-4,"2,4-Dihydro-4-[4-[4-(4-methoxyphenyl)-1-piperazinyl]phenyl]-2-(1-methylpropyl)-3H-1,2,4-triazol-3-one",C23H29N5O2,407.52,,In Stock,Itraconazole,API Impurity Standards,itraconazole-ep-impurity-a,https://pharmavive.com/products/browse/itraconazole/itraconazole-ep-impurity-a,https://res.cloudinary.com/dlkh6unr5/image/upload/v1753371240/products/ewk0n7xclx5bnydfqbut.png,2025-07-24 15:32:05,2025-07-24 15:34:00,688251f563998afe5341410f
455,Itraconazole EP Impurity B,PV-I004002,854372-77-3,"rel-4-[4-[4-[4-[[(2R,4S)-2-(2,4-Dichlorophenyl)-2-(4H-1,2,4-triazol-4-ylmethyl)-1,3-dioxolan-4-yl]methoxy]phenyl]-1-piperazinyl]phenyl]-2,4-dihydro-2-(1-methylpropyl)-3H-1,2,4-triazol-3-one",C35H38Cl2N8O4,705.6,,In Stock,Itraconazole,API Impurity Standards,itraconazole-ep-impurity-b,https://pharmavive.com/products/browse/itraconazole/itraconazole-ep-impurity-b,https://res.cloudinary.com/dlkh6unr5/image/upload/v1753371260/products/hxrdldtwbyvl2qm3lshp.png,2025-07-24 15:32:06,2025-07-24 15:34:20,688251f663998afe53414113
456,Itraconazole EP Impurity C,PV-I004003,74855-91-7,"Cis-4-[4-[4-[4-[[2-(2,4-Dichlorophenyl)-2-(1H-1,2,4-triazol-1-ylmethyl)-1,3-dioxolan-4-yl]methoxy]phenyl]-1-piperazinyl]phenyl]-2,4-dihydro-2-propyl-3H-1,2,4-triazol-3-one",C34H36Cl2N8O4,691.6,,In Stock,Itraconazole,API Impurity Standards,itraconazole-ep-impurity-c,https://pharmavive.com/products/browse/itraconazole/itraconazole-ep-impurity-c,https://res.cloudinary.com/dlkh6unr5/image/upload/v1753371278/products/oipsfu3x67rgeuh1yg8n.png,2025-07-24 15:32:07,2025-07-24 15:34:38,688251f763998afe53414117
457,Itraconazole EP Impurity D,PV-I004004,89848-49-7,"Cis-4-[4-[4-[4-[[2-(2,4-Dichlorophenyl)-2-(1H-1,2,4-triazol-1-ylmethyl)-1,3-dioxolan-4-yl]methoxy]phenyl]-1-piperazinyl]phenyl]-2,4-dihydro-2-(1-methylethyl)-3H-1,2,4-triazol-3-one",C34H36Cl2N8O4,691.6,,In Stock,Itraconazole,API Impurity Standards,itraconazole-ep-impurity-d,https://pharmavive.com/products/browse/itraconazole/itraconazole-ep-impurity-d,https://res.cloudinary.com/dlkh6unr5/image/upload/v1753371292/products/gqyn0zqqeiswlpujrsph.png,2025-07-24 15:32:07,2025-07-24 15:34:53,688251f763998afe5341411b
458,Itraconazole EP Impurity E,PV-I004005,252964-65-1,"Srel-4-[4-[4-[4-[[(2R,4R)-2-(2,4-Dichlorophenyl)-2-(1H-1,2,4-triazol-1-ylmethyl)-1,3-dioxolan-4-yl]methoxy]phenyl]-1-piperazinyl]phenyl]-2,4-dihydro-2-(1-methylpropyl)-3H-1,2,4-triazol-3-one ; trans-Itraconazole",C35H38Cl2N8O4,705.6,,In Stock,Itraconazole,API Impurity Standards,itraconazole-ep-impurity-e,https://pharmavive.com/products/browse/itraconazole/itraconazole-ep-impurity-e,https://res.cloudinary.com/dlkh6unr5/image/upload/v1753371305/products/n36lemrggdhbhaqntjac.png,2025-07-24 15:32:08,2025-07-24 15:35:06,688251f863998afe5341411f
459,Itraconazole EP Impurity F,PV-I004006,89848-51-1,"2-Butyl-4-(4-(4-(4-(((2S,4S)-4-((R)-(2,4-dichlorophenyl)(1H-1,2,4-triazol-1-yl)methyl)-1,3-dioxolan-2-yl)methoxy)phenyl)piperazin-1-yl)phenyl)-2,4-dihydro-3H-1,2,4-triazol-3-one",C35H38Cl2N8O4,705.6,,In Stock,Itraconazole,API Impurity Standards,itraconazole-ep-impurity-f,https://pharmavive.com/products/browse/itraconazole/itraconazole-ep-impurity-f,https://res.cloudinary.com/dlkh6unr5/image/upload/v1753371328/products/dxdk1adywvtlzvwls8xq.png,2025-07-24 15:32:09,2025-07-24 15:35:28,688251f963998afe53414123
460,Itraconazole EP Impurity G,PV-I004007,N/A,"4-[4-[4-[4-[[Cis-2-(2,4-dichlorophenyl)-2-(1H-1,2,4-triazol-1-ylmethyl)-1,3-dioxolan-4-yl]methoxy]phenyl]piperazin-1-yl]phenyl]-2-[[cis-2-(2,4-dichlorophenyl)-2-(1H-1,2,4-triazol-1-ylmethyl)-1,3-dioxolan-4-yl]methyl]-2,4-dihydro-3H-1,2,4-triazol-3-one",C44H41Cl4N11O6,961.7,,In Stock,Itraconazole,API Impurity Standards,itraconazole-ep-impurity-g,https://pharmavive.com/products/browse/itraconazole/itraconazole-ep-impurity-g,https://res.cloudinary.com/dlkh6unr5/image/upload/v1753371352/products/zrff4fmyp9wieual9qt6.png,2025-07-24 15:32:09,2025-07-24 15:35:52,688251f963998afe53414127
461,Ivacaftor,PV-I005000,873054-44-5,"3-​Quinolinecarboxamide​, N-​[2,​4-​bis(1,​1-​dimethylethyl)​-​5-​hydroxyphenyl]​-​1,​4-​dihydro-​4-​oxo-",C24H28N2O3,392.5,,In Stock,Ivacaftor,API Impurity Standards,ivacaftor,https://pharmavive.com/products/browse/ivacaftor/ivacaftor,https://res.cloudinary.com/dlkh6unr5/image/upload/v1753371472/products/szcncucwbncrccyzaj3p.png,2025-07-24 15:36:32,2025-07-24 15:37:52,6882530063998afe53414177
462,Ivacaftor Amine Impurity,PV-I005006,873055-58-4,"5-amino-2,4-di-tert-butylphenol",C14H23NO,221.3,,In Stock,Ivacaftor,API Impurity Standards,ivacaftor-amine-impurity,https://pharmavive.com/products/browse/ivacaftor/ivacaftor-amine-impurity,https://res.cloudinary.com/dlkh6unr5/image/upload/v1753371586/products/wdm88blvx3d41t6i2ccs.png,2025-07-24 15:36:36,2025-07-24 15:39:47,6882530463998afe5341418f
463,Ivacaftor Impurity 1,PV-I005004,54535-22-7,diethyl 2-((phenylamino)methylene)malonate,C14H17NO4,263.3,,In Stock,Ivacaftor,API Impurity Standards,ivacaftor-impurity-1,https://pharmavive.com/products/browse/ivacaftor/ivacaftor-impurity-1,https://res.cloudinary.com/dlkh6unr5/image/upload/v1753371546/products/ufrclulwrfbpz2rmyyba.png,2025-07-24 15:36:34,2025-07-24 15:39:07,6882530263998afe53414187
464,Ivacaftor Impurity 18,PV-I005009,2760759-55-3,"2,4-Di-tert-butyl-5-(4-oxo-1,4-dihydroquinoline-3-carboxamido)phenyl 4-oxo-1,4-dihydroquinoline-3-carboxylate",C34H33N3O5,563.7,,In Stock,Ivacaftor,API Impurity Standards,ivacaftor-impurity-18,https://pharmavive.com/products/browse/ivacaftor/ivacaftor-impurity-18,https://res.cloudinary.com/dlkh6unr5/image/upload/v1753371636/products/mipehxpsddnuzww3temc.png,2025-07-24 15:36:38,2025-07-24 15:40:37,6882530663998afe5341419b
465,Ivacaftor Impurity 2,PV-I005005,20039-94-5,"2,4-di-tert-butyl-6-nitrophenol",C14H21NO3,251.3,,In Stock,Ivacaftor,API Impurity Standards,ivacaftor-impurity-2,https://pharmavive.com/products/browse/ivacaftor/ivacaftor-impurity-2,https://res.cloudinary.com/dlkh6unr5/image/upload/v1753371564/products/wtopwuegajzolgpxphxu.png,2025-07-24 15:36:35,2025-07-24 15:39:24,6882530363998afe5341418b
466,Ivacaftor Impurity 28,PV-I005010,873055-56-2,"Carbonic acid, 2,4-bis(1,1-dimethylethyl)-6-nitrophenyl methyl ester",C16H23NO5,309.36,,In Stock,Ivacaftor,API Impurity Standards,ivacaftor-impurity-28,https://pharmavive.com/products/browse/ivacaftor/ivacaftor-impurity-28,https://res.cloudinary.com/dlkh6unr5/image/upload/v1753371666/products/vufbamfegbm34azadbin.png,2025-07-24 15:36:38,2025-07-24 15:41:06,6882530663998afe5341419f
467,Ivacaftor Impurity 7,PV-I005007,1643-39-6,"2-Amino-4,6-di-tert-butylphenol",C14H23NO,221.3,,In Stock,Ivacaftor,API Impurity Standards,ivacaftor-impurity-7,https://pharmavive.com/products/browse/ivacaftor/ivacaftor-impurity-7,https://res.cloudinary.com/dlkh6unr5/image/upload/v1753371603/products/ylm5hgxtdby3o5tyfpi4.png,2025-07-24 15:36:36,2025-07-24 15:40:03,6882530463998afe53414193
468,Ivacaftor Impurity 8,PV-I005008,1182822-31-6,"5-Amino-2,4-di-tert-butylphenyl methyl carbonate",C16H25NO3,279.4,,In Stock,Ivacaftor,API Impurity Standards,ivacaftor-impurity-8,https://pharmavive.com/products/browse/ivacaftor/ivacaftor-impurity-8,https://res.cloudinary.com/dlkh6unr5/image/upload/v1753371619/products/icdqtq6qykf5yk0bhddc.png,2025-07-24 15:36:37,2025-07-24 15:40:20,6882530563998afe53414197
469,Ivacaftor Nitro phenol Impurity,PV-I005002,873055-57-3,"2,4-Di-tert-butyl-5-nitrophenol",C14H21NO3,251.3,,In Stock,Ivacaftor,API Impurity Standards,ivacaftor-nitro-phenol-impurity,https://pharmavive.com/products/browse/ivacaftor/ivacaftor-nitro-phenol-impurity,https://res.cloudinary.com/dlkh6unr5/image/upload/v1753371514/products/yiszuar3lrsi3tvc8dxf.png,2025-07-24 15:36:33,2025-07-24 15:38:34,6882530163998afe5341417f
470,Ivacaftor Ortho Isomer,PV-I005001,873051-52-6,"N-(3,5-di-tert-butyl-2-hydroxyphenyl)-4-oxo-1,4-dihydroquinoline-3-carboxamide",C24H28N2O3,392.5,,In Stock,Ivacaftor,API Impurity Standards,ivacaftor-ortho-isomer,https://pharmavive.com/products/browse/ivacaftor/ivacaftor-ortho-isomer,https://res.cloudinary.com/dlkh6unr5/image/upload/v1753371497/products/n7slw5agf03lecjovap9.png,2025-07-24 15:36:32,2025-07-24 15:38:18,6882530063998afe5341417b
471,Josamycin,PV-J001000,16846-24-5,"(4R,5S,6S,7R,9R,10R,11E,13E,16R)-4-(Acetyloxy)-6-[[3,6-dideoxy-4-O-[2,6-dideoxy-3-C-methyl-4-O-(3-methylbutanoyl)-α-L-ribo-hexopyranosyl]-3-(dimethylamino)-β-D-glucopyranosyl]oxy]-10-hydroxy-5-methoxy-9,16-dimethyl-7-(2-oxoethyl)oxacyclohexadeca-11,13-dien-2-one (as per EP)",C42H69NO15,828,,In Stock,Josamycin,API Impurity Standards,josamycin,https://pharmavive.com/products/browse/josamycin/josamycin,https://res.cloudinary.com/dlkh6unr5/image/upload/v1753371919/products/lino5alosazzb0e1ydqp.png,2025-07-24 15:44:25,2025-07-24 15:45:19,688254d963998afe53414256
472,Josamycin EP Impurity A,PV-J001001,18361-46-1,"(4R,5S,6S,7R,9R,10R,11E,13E,16R)-4-(Acetyloxy)-6-[[3,6-dideoxy-4-O-(2,6-dideoxy-4-O-butanoyl-3-C-methyl-α-L-ribo-hexopyranosyl)-3-(dimethylamino)-β-D-glucopyranosyl]oxy]-10-hydroxy-5-methoxy-9,16-dimethyl-7-(2-oxoethyl)oxacyclohexadeca-11,13-dien-2-one (as per EP)",C41H67NO15,814,,In Stock,Josamycin,API Impurity Standards,josamycin-ep-impurity-a,https://pharmavive.com/products/browse/josamycin/josamycin-ep-impurity-a,https://res.cloudinary.com/dlkh6unr5/image/upload/v1753371931/products/ddk5dejf9n5rufma4xhc.png,2025-07-24 15:44:26,2025-07-24 15:45:32,688254da63998afe5341425a
473,Josamycin EP Impurity B,PV-J001002,40361-41-9,"(4R,5S,6S,7R,9R,10R,11E,13E,16R)-4-(Acetyloxy)-6-[[3,6-dideoxy-4-O-[2,6-dideoxy-3-C-methyl-4-O-(3-methylbutanoyl)-α-L-ribo-hexopyranosyl]-3-(dimethylamino)-β-D-glucopyranosyl]oxy]-10-hydroxy-7-(2-hydroxyethyl)-5-methoxy-9,16-dimethyloxacyclohexadeca-11,13-dien-2-one (as per EP)",C42H71NO15,830,,In Stock,Josamycin,API Impurity Standards,josamycin-ep-impurity-b,https://pharmavive.com/products/browse/josamycin/josamycin-ep-impurity-b,https://res.cloudinary.com/dlkh6unr5/image/upload/v1753371943/products/cixudrpgbutyi2sv6vcz.png,2025-07-24 15:44:26,2025-07-24 15:45:44,688254da63998afe5341425e
474,Josamycin EP Impurity D,PV-J001003,NA,"(4R,5S,6S,7R,9R,10Z,12E,14R,16R)-4-(Acetyloxy)-6-[[3,6-dideoxy-4-O-[2,6-dideoxy-3-C-methyl-4-O-(3-methylbutanoyl)-α-L-ribo-hexopyranosyl]-3-(dimethylamino)-β-D-glucopyranosyl]oxy]-14-hydroxy-5-methoxy-9,16-dimethyl-7-(2-oxoethyl)oxacyclohexadeca-10,12-dien-2-one (as per EP)",C42H69NO15,828,,In Stock,Josamycin,API Impurity Standards,josamycin-ep-impurity-d,https://pharmavive.com/products/browse/josamycin/josamycin-ep-impurity-d,https://res.cloudinary.com/dlkh6unr5/image/upload/v1753371956/products/eelbtmzyobr4oe8n5hgw.png,2025-07-24 15:44:27,2025-07-24 15:45:57,688254db63998afe53414262
475,Josamycin EP Impurity E,PV-J001004,40615-47-2,"(4R,5S,6S,7R,9R,10R,11E,13E,16R)-6-[[3,6-Dideoxy-4-O-[2,6-dideoxy-3-C-methyl-4-O-(3-methylbutanoyl)-α-L-ribo-hexopyranosyl]-3-(dimethylamino)-β-D-glucopyranosyl]oxy]-10-hydroxy-5-methoxy-9,16-dimethyl-7-(2-oxoethyl)-4-(propanoyloxy)oxacyclohexadeca-11,13-dien-2-one (as per EP)",C43H71NO15,842,,In Stock,Josamycin,API Impurity Standards,josamycin-ep-impurity-e,https://pharmavive.com/products/browse/josamycin/josamycin-ep-impurity-e,https://res.cloudinary.com/dlkh6unr5/image/upload/v1753371970/products/dyjmnmvngukqbavwhkx2.png,2025-07-24 15:44:28,2025-07-24 15:46:11,688254dc63998afe53414266
476,Kaempferol,PV-K001000,520-18-3,"3,5,7-trihydroxy-2-(4-hydroxyphenyl)-4H-chromen-4-one",C15H10O6,286.2,,In Stock,Kaempferol,API Impurity Standards,kaempferol,https://pharmavive.com/products/browse/kaempferol/kaempferol,https://res.cloudinary.com/dlkh6unr5/image/upload/v1753450952/products/vryuq0iw2b6wm7j1kcma.png,2025-07-25 13:40:39,2025-07-25 13:42:33,6883895763998afe534142f4
477,Kaempferol 3-O-Galactoside,PV-K001001,23627-87-4,"5,7-dihydroxy-2-(4-hydroxyphenyl)-3-(((2S,3R,4S,5R,6R)-3,4,5-trihydroxy-6-(hydroxymethyl)tetrahydro-2H-pyran-2-yl)oxy)-4H-chromen-4-one",C21H20O11,448.4,,In Stock,Kaempferol,API Impurity Standards,kaempferol-3-o-galactoside,https://pharmavive.com/products/browse/kaempferol/kaempferol-3-o-galactoside,https://res.cloudinary.com/dlkh6unr5/image/upload/v1753450976/products/b5ztzh3kdswxsrvlsztf.png,2025-07-25 13:40:39,2025-07-25 13:42:56,6883895763998afe534142f8
478,Kaempferol-3-Glucuronide,PV-K001002,22688-78-4,"(2S,3S,4S,5R,6S)-6-((5,7-dihydroxy-2-(4-hydroxyphenyl)-4-oxo-4H-chromen-3-yl)oxy)-3,4,5-trihydroxytetrahydro-2H-pyran-2-carboxylic acid",C21H18O12,462.4,,In Stock,Kaempferol,API Impurity Standards,kaempferol-3-glucuronide,https://pharmavive.com/products/browse/kaempferol/kaempferol-3-glucuronide,https://res.cloudinary.com/dlkh6unr5/image/upload/v1753450997/products/pdbtey62szhdqami4nwi.png,2025-07-25 13:40:40,2025-07-25 13:43:17,6883895863998afe534142fc
479,Kaempferol-3-O-(6''-O-p-Coumaroyl)Glucoside,PV-K001004,20316-62-5,"((2R,3S,4S,5R,6S)-6-((5,7-dihydroxy-2-(4-hydroxyphenyl)-4-oxo-4H-chromen-3-yl)oxy)-3,4,5-trihydroxytetrahydro-2H-pyran-2-yl)methyl (E)-3-(4-hydroxyphenyl)acrylate",C30H26O13,594.5,,In Stock,Kaempferol,API Impurity Standards,kaempferol-3-o-6-o-p-coumaroylglucoside,https://pharmavive.com/products/browse/kaempferol/kaempferol-3-o-6-o-p-coumaroylglucoside,https://res.cloudinary.com/dlkh6unr5/image/upload/v1753451027/products/c3xshbhpovgiqmge40kx.png,2025-07-25 13:40:41,2025-07-25 13:43:48,6883895963998afe53414304
480,Kaempferol-3-O-(6-Malonyl-Glucoside),PV-K001003,81149-02-2,"3-(((2R,3S,4S,5R,6S)-6-((5,7-dihydroxy-2-(4-hydroxyphenyl)-4-oxo-4H-chromen-3-yl)oxy)-3,4,5-trihydroxytetrahydro-2H-pyran-2-yl)methoxy)-3-oxopropanoic acid",C24H22O14,534.4,,In Stock,Kaempferol,API Impurity Standards,kaempferol-3-o-6-malonyl-glucoside,https://pharmavive.com/products/browse/kaempferol/kaempferol-3-o-6-malonyl-glucoside,https://res.cloudinary.com/dlkh6unr5/image/upload/v1753451014/products/wdmxardiwyb9twygqfn3.png,2025-07-25 13:40:41,2025-07-25 13:43:35,6883895963998afe53414300
481,Ketobemidone EP Impurity A,PV-K002001,79032-63-6,1-[4-(3-Hydroxyphenyl)-1-methyl-1-oxidopiperidin-4-yl]propan-1-one (as per EP),C15H21NO3,263.3,,In Stock,Ketobemidone,API Impurity Standards,ketobemidone-ep-impurity-a,https://pharmavive.com/products/browse/ketobemidone/ketobemidone-ep-impurity-a,https://res.cloudinary.com/dlkh6unr5/image/upload/v1753451128/products/hp9tmkakm0yo7mtqqvur.png,2025-07-25 13:44:04,2025-07-25 13:45:28,68838a2463998afe53414352
482,Ketobemidone EP Impurity B,PV-K002002,64058-44-2,1-[4-(3-Hydroxyphenyl)-1-methylpiperidin-4-yl]ethanone (as per EP),C14H19NO2,233.3,,In Stock,Ketobemidone,API Impurity Standards,ketobemidone-ep-impurity-b,https://pharmavive.com/products/browse/ketobemidone/ketobemidone-ep-impurity-b,https://res.cloudinary.com/dlkh6unr5/image/upload/v1753451146/products/yyetlumymuohzdhhcjtn.png,2025-07-25 13:44:05,2025-07-25 13:45:47,68838a2563998afe53414356
483,Ketobemidone EP Impurity C,PV-K002003,15847-72-0,1-[4-(3-Hydroxyphenyl)piperidin-4-yl]propan-1-one (as per EP),C14H19NO2,233.3,,In Stock,Ketobemidone,API Impurity Standards,ketobemidone-ep-impurity-c,https://pharmavive.com/products/browse/ketobemidone/ketobemidone-ep-impurity-c,https://res.cloudinary.com/dlkh6unr5/image/upload/v1753451169/products/z20bwpqvwwqp5ql7tsd7.png,2025-07-25 13:44:05,2025-07-25 13:46:10,68838a2563998afe5341435a
484,Ketobemidone Hydrochloride,PV-K002000,5965-49-1,1-[4-(3-Hydroxyphenyl)-1-methylpiperidin-4-yl]propan-1-one hydrochloride (as per EP),C15H21NO2 : HCl,247.3 : 36.5,,In Stock,Ketobemidone,API Impurity Standards,ketobemidone-hydrochloride,https://pharmavive.com/products/browse/ketobemidone/ketobemidone-hydrochloride,https://res.cloudinary.com/dlkh6unr5/image/upload/v1753451104/products/paucyph7l2uuyyhz0f0a.png,2025-07-25 13:44:03,2025-07-25 13:45:05,68838a2363998afe5341434e
485,Lacosamide,PV-L001000,175481-36-4,(2R)-2-(Acetylamino)-3-methoxy-N-(phenylmethyl)propanamide,C13H18N2O3,250.3,,In Stock,Lacosamide,API Impurity Standards,lacosamide,https://pharmavive.com/products/browse/lacosamide/lacosamide,https://res.cloudinary.com/dlkh6unr5/image/upload/v1753451301/products/xd4ptg2u1trem6dlviur.png,2025-07-25 13:47:27,2025-07-25 13:48:22,68838aef63998afe5341438e
486,Lacosamide EP Impurity A,PV-L001001,175481-37-5,(S)-2-(Acetylamino)-3-methoxy-N-(phenylmethyl)propanamide,C13H18N2O3,250.3,,In Stock,Lacosamide,API Impurity Standards,lacosamide-ep-impurity-a,https://pharmavive.com/products/browse/lacosamide/lacosamide-ep-impurity-a,https://res.cloudinary.com/dlkh6unr5/image/upload/v1753451314/products/iidiykhuq7bvd80et84s.png,2025-07-25 13:47:27,2025-07-25 13:48:34,68838aef63998afe53414392
487,Lacosamide EP Impurity B (R-Isomer),PV-L001002,1318777-54-6,(2R)-2-(Acetylamino)-3-(acetyloxy)-N-(phenylmethyl)-propanamide,C14H18N2O4,278.3,,In Stock,Lacosamide,API Impurity Standards,lacosamide-ep-impurity-b-r-isomer,https://pharmavive.com/products/browse/lacosamide/lacosamide-ep-impurity-b-r-isomer,https://res.cloudinary.com/dlkh6unr5/image/upload/v1753451330/products/gwbt1nzz1v2ilhkaqrb9.png,2025-07-25 13:47:28,2025-07-25 13:48:50,68838af063998afe53414396
488,Lacosamide EP Impurity C (R-isomer),PV-L001003,2742962-60-1,(R)-N-Benzyl-3-methoxy-2-(N-methylacetamido)propanamide; (R)-N-Benzyl-2-[N-acetyl N-Methyl-amino]-3-methoxypropionamide;,C14H20N2O3,264.3,,In Stock,Lacosamide,API Impurity Standards,lacosamide-ep-impurity-c-r-isomer,https://pharmavive.com/products/browse/lacosamide/lacosamide-ep-impurity-c-r-isomer,https://res.cloudinary.com/dlkh6unr5/image/upload/v1753451345/products/gvx3i5z9ec01pfmj2nja.png,2025-07-25 13:47:29,2025-07-25 13:49:05,68838af163998afe5341439a
489,Lacosamide EP Impurity D (R-isomer),PV-L001004,196601-69-1,(2R)-2-Amino-3-methoxy-N-(phenylmethyl)-propanamide,C11H16N2O2,208.3,,In Stock,Lacosamide,API Impurity Standards,lacosamide-ep-impurity-d-r-isomer,https://pharmavive.com/products/browse/lacosamide/lacosamide-ep-impurity-d-r-isomer,https://res.cloudinary.com/dlkh6unr5/image/upload/v1753451361/products/c87nhls7rkop8ueeljtp.png,2025-07-25 13:47:29,2025-07-25 13:49:21,68838af163998afe5341439e
490,Lamivudine,PV-L002000,134678-17-4,"4-amino-1-((2R,5S)-2-(hydroxymethyl)-1,3-oxathiolan-5-yl)pyrimidin-2(1H)-one",C8H11N3O3S,229.3,,In Stock,Lamivudine,API Impurity Standards,lamivudine,https://pharmavive.com/products/browse/lamivudine/lamivudine,https://res.cloudinary.com/dlkh6unr5/image/upload/v1753451433/products/c4bxpb5gttin2gxgdj7b.png,2025-07-25 13:49:47,2025-07-25 13:50:34,68838b7b63998afe534143df
491,Lamivudine EP Impurity A,PV-L002001,1822826-02-7,"(2RS,5SR)-5-(4-Amino-2-oxopyrimidin-1(2H)-yl)-1,3-oxathiolane-2-carboxylic acid",C8H9N3O4S,243.24,,In Stock,Lamivudine,API Impurity Standards,lamivudine-ep-impurity-a,https://pharmavive.com/products/browse/lamivudine/lamivudine-ep-impurity-a,https://res.cloudinary.com/dlkh6unr5/image/upload/v1753451445/products/upkxmvd0d5wumxqjvtwr.png,2025-07-25 13:49:48,2025-07-25 13:50:45,68838b7c63998afe534143e3
492,Lamivudine EP Impurity B,PV-L002002,141434-39-1,"4-amino-1-[(2RS,5RS)-2-(hydroxymethyl)-1,3-oxathiolan-5-yl]pyrimidin-2(1H)-one",C8H11N3O3S,229.3,,In Stock,Lamivudine,API Impurity Standards,lamivudine-ep-impurity-b,https://pharmavive.com/products/browse/lamivudine/lamivudine-ep-impurity-b,https://res.cloudinary.com/dlkh6unr5/image/upload/v1753451457/products/wgrbhw932trljb4pzndc.png,2025-07-25 13:49:49,2025-07-25 13:50:58,68838b7d63998afe534143e7
493,Lamivudine EP Impurity C,PV-L002003,69-72-7,2-hydroxybenzoic acid,C7H6O3,138.1,,In Stock,Lamivudine,API Impurity Standards,lamivudine-ep-impurity-c,https://pharmavive.com/products/browse/lamivudine/lamivudine-ep-impurity-c,https://res.cloudinary.com/dlkh6unr5/image/upload/v1753451471/products/kci3hvou2klb8n2xmn8s.png,2025-07-25 13:49:49,2025-07-25 13:51:12,68838b7d63998afe534143eb
494,Lamivudine EP Impurity D,PV-L002004,134680-32-3,"4-amino-1-((2S,5R)-2-(hydroxymethyl)-1,3-oxathiolan-5-yl)pyrimidin-2(1H)-one ; (2S-Cis)(-)-1-[(2S,5R)-2-(Hydroxymethyl)-1,3-oxathiolan-5-yl]cytosine",C8H11N3O3S,229.3,,In Stock,Lamivudine,API Impurity Standards,lamivudine-ep-impurity-d,https://pharmavive.com/products/browse/lamivudine/lamivudine-ep-impurity-d,https://res.cloudinary.com/dlkh6unr5/image/upload/v1753451486/products/uxwablwqxogkb96adg4g.png,2025-07-25 13:49:50,2025-07-25 13:51:26,68838b7e63998afe534143ef
495,Lamivudine EP Impurity G,PV-L002005,160552-55-6,"4-amino-1-((2R,3S,5S)-2-(hydroxymethyl)-3-oxido-1,3-oxathiolan-5-yl)pyrimidin-2(1H)-one",C8H11N3O4S,245.3,,In Stock,Lamivudine,API Impurity Standards,lamivudine-ep-impurity-g,https://pharmavive.com/products/browse/lamivudine/lamivudine-ep-impurity-g,https://res.cloudinary.com/dlkh6unr5/image/upload/v1753451500/products/mvbc9zfqtouanhewrr6c.png,2025-07-25 13:49:51,2025-07-25 13:51:40,68838b7f63998afe534143f3
496,Lamivudine Impurity 14,PV-L002006,147027-10-9,"(1R,2S,5R)-2-isopropyl-5-methylcyclohexyl (2R,5S)-5-(4-amino-2-oxopyrimidin-1(2H)-yl)-1,3-oxathiolane-2-carboxylate",C18H27N3O4S,381.5,,In Stock,Lamivudine,API Impurity Standards,lamivudine-impurity-14,https://pharmavive.com/products/browse/lamivudine/lamivudine-impurity-14,https://res.cloudinary.com/dlkh6unr5/image/upload/v1753451512/products/faiofa7bu1sdj3tryadu.png,2025-07-25 13:49:51,2025-07-25 13:51:52,68838b7f63998afe534143f7
497,Lansoprazole,PV-L003000,103577-45-3,"2-(((3-methyl-4-(2,2,2-trifluoroethoxy)pyridin-2-yl)methyl)sulfinyl)-1H-benzo[d]imidazole",C16H14F3N3O2S,369.4,,In Stock,Lansoprazole,API Impurity Standards,lansoprazole,https://pharmavive.com/products/browse/lansoprazole/lansoprazole,https://res.cloudinary.com/dlkh6unr5/image/upload/v1753451568/products/ie8mctplwb4rijpxeb7y.png,2025-07-25 13:52:05,2025-07-25 13:52:49,68838c0563998afe53414440
498,Lansoprazole Chloromethyl Impurity,PV-L003009,127337-60-4,"2-Chloromethyl-3-methyl-4-(2,2,2-trifluoroethoxy)pyridine hydrochloride",C9H9ClF3NO : HCl,239.6 : 36.5,,In Stock,Lansoprazole,API Impurity Standards,lansoprazole-chloromethyl-impurity,https://pharmavive.com/products/browse/lansoprazole/lansoprazole-chloromethyl-impurity,https://res.cloudinary.com/dlkh6unr5/image/upload/v1753451693/products/zzuqjh8cmrlpv8zbvgjg.png,2025-07-25 13:52:11,2025-07-25 13:54:53,68838c0b63998afe53414464
499,Lansoprazole EP Impurity A,PV-L003001,213476-12-1,"2-[(RS)-[[3-Methyl-1-oxido-4-(2,2,2-trifluoroethoxy)pyridin-2-yl]methyl]sulfinyl]-1H-benzimidazole (as per EP)",C16H14F3N3O3S,385.4,,In Stock,Lansoprazole,API Impurity Standards,lansoprazole-ep-impurity-a,https://pharmavive.com/products/browse/lansoprazole/lansoprazole-ep-impurity-a,https://res.cloudinary.com/dlkh6unr5/image/upload/v1753451582/products/yuzqzt9lm6jgjlprz5oy.png,2025-07-25 13:52:05,2025-07-25 13:53:02,68838c0563998afe53414444
500,Lansoprazole EP Impurity B,PV-L003002,131926-99-3,"2-[[[3-Methyl-4-(2,2,2-trifluoroethoxy)pyridin-2-yl]methyl]sulfonyl]-1H-benzimidazole (as per EP)",C16H14F3N3O3S,385.4,,In Stock,Lansoprazole,API Impurity Standards,lansoprazole-ep-impurity-b,https://pharmavive.com/products/browse/lansoprazole/lansoprazole-ep-impurity-b,https://res.cloudinary.com/dlkh6unr5/image/upload/v1753451597/products/esqymcosqvdpadfxwhba.png,2025-07-25 13:52:06,2025-07-25 13:53:18,68838c0663998afe53414448
501,Lansoprazole EP Impurity C,PV-L003003,103577-40-8,"2-[[[3-Methyl-4-(2,2,2-trifluoroethoxy)-2-pyridinyl]methyl]thio]-1H-benzimidazole ; 2-((4-(2,2,2-trifluoroethoxy)-3-methylpyridin-2-yl)methyl thio) -1H-benzo[d]imidazole",C16H14F3N3OS,353.4,,In Stock,Lansoprazole,API Impurity Standards,lansoprazole-ep-impurity-c,https://pharmavive.com/products/browse/lansoprazole/lansoprazole-ep-impurity-c,https://res.cloudinary.com/dlkh6unr5/image/upload/v1753451610/products/qz7jrhieegibtet5t3z4.png,2025-07-25 13:52:07,2025-07-25 13:53:30,68838c0763998afe5341444c
502,Lansoprazole EP Impurity D,PV-L003004,615-16-7,1H-Benzimidazol-2-ol ; 2-Hydroxybenzimidazole ;,C7H6N2O,134.1,,In Stock,Lansoprazole,API Impurity Standards,lansoprazole-ep-impurity-d,https://pharmavive.com/products/browse/lansoprazole/lansoprazole-ep-impurity-d,https://res.cloudinary.com/dlkh6unr5/image/upload/v1753451620/products/b1jabyw2krannzz1mnhy.png,2025-07-25 13:52:07,2025-07-25 13:53:41,68838c0763998afe53414450
503,Lansoprazole EP Impurity E,PV-L003005,583-39-1,1H-Benzimidazole-2-thiol ; 2-Mercaptobenzimidazole ;,C7H6N2S,150.2,,In Stock,Lansoprazole,API Impurity Standards,lansoprazole-ep-impurity-e,https://pharmavive.com/products/browse/lansoprazole/lansoprazole-ep-impurity-e,https://res.cloudinary.com/dlkh6unr5/image/upload/v1753451633/products/vgb1o6odjk1pxlutwn0k.png,2025-07-25 13:52:08,2025-07-25 13:53:53,68838c0863998afe53414454
504,Lansoprazole EP Impurity F,PV-L003006,168167-42-8,2-[(RS)-[(4-Chloro-3-methylpyridin-2-yl)methyl]sulphinyl]-1H-benzimidazole ; 4-Desmethoxypropoxyl-4-Chloro Rabeprazole,C14H12ClN3OS,305.8,,In Stock,Lansoprazole,API Impurity Standards,lansoprazole-ep-impurity-f,https://pharmavive.com/products/browse/lansoprazole/lansoprazole-ep-impurity-f,https://res.cloudinary.com/dlkh6unr5/image/upload/v1753451647/products/ozpbodmjo638qlhiiz3i.png,2025-07-25 13:52:09,2025-07-25 13:54:07,68838c0963998afe53414458
505,Lansoprazole Sulfide N-Oxide,PV-L003007,163119-30-0,"2-[[[3-Methyl-4-(2,2,2-trifluoroethoxy)-2-pyridinyl]methyl]thio]-1H-benzimidazole N-Oxide",C16H14F3N3O2S,369.4,,In Stock,Lansoprazole,API Impurity Standards,lansoprazole-sulfide-n-oxide,https://pharmavive.com/products/browse/lansoprazole/lansoprazole-sulfide-n-oxide,https://res.cloudinary.com/dlkh6unr5/image/upload/v1753451662/products/mgriohbrysmrachijqcc.png,2025-07-25 13:52:09,2025-07-25 13:54:23,68838c0963998afe5341445c
506,Lansoprazole Sulfone N-Oxide,PV-L003008,953787-54-7,"2-[[[3-Methyl-1-oxido-4-(2,2,2-trifluoroethoxy)-2-pyridinyl]methyl]sulfonyl]-1H-benzimidazole",C16H14F3N3O4S,401.4,,In Stock,Lansoprazole,API Impurity Standards,lansoprazole-sulfone-n-oxide,https://pharmavive.com/products/browse/lansoprazole/lansoprazole-sulfone-n-oxide,https://res.cloudinary.com/dlkh6unr5/image/upload/v1753451675/products/j5x0fntzelygpw9ldaek.png,2025-07-25 13:52:10,2025-07-25 13:54:35,68838c0a63998afe53414460
507,Levosimendan,PV-L005000,141505-33-1,"[[4-[(4R)-1,4,5,6-Terahydro-4-methyl-6-oxo-3-pyridazinyl]phenyl]hydrazono]propanedinitrile",C14H12N6O,280.3,,In Stock,Levosimendan,API Impurity Standards,levosimendan,https://pharmavive.com/products/browse/levosimendan/levosimendan,https://res.cloudinary.com/dlkh6unr5/image/upload/v1753451939/products/dqnqnckxw5sgwj6t6vjp.png,2025-07-25 13:58:09,2025-07-25 13:59:00,68838d7163998afe53414523
508,Levosimendan Dimer,PV-L005001,618458-79-0,"(Z)-6-ethoxy-4-imino-N-(4-((R)-4-methyl-6-oxo-1,4,5,6-tetrahydropyridazin-3-yl)phenyl)-5-((E)-(4-((R)-4-methyl-6-oxo-1,4,5,6-tetrahydropyridazin-3-yl)phenyl)diazenyl)-1,4-dihydropyrimidine-2-carbohydrazonoyl cyanide",C30H30N12O3,606.7,,In Stock,Levosimendan,API Impurity Standards,levosimendan-dimer,https://pharmavive.com/products/browse/levosimendan/levosimendan-dimer,https://res.cloudinary.com/dlkh6unr5/image/upload/v1753451952/products/yuhorofqytqyl8sflojl.png,2025-07-25 13:58:10,2025-07-25 13:59:12,68838d7263998afe53414527
509,Levosimendan Related Compound F,PV-L005002,N/A,4-(4-(2-(dicyanomethylene)hydrazinyl)phenyl)-3-methyl-4-oxobutanoic acid,C14H12N4O3,284.3,,In Stock,Levosimendan,API Impurity Standards,levosimendan-related-compound-f,https://pharmavive.com/products/browse/levosimendan/levosimendan-related-compound-f,https://res.cloudinary.com/dlkh6unr5/image/upload/v1753451963/products/ctdnqxqb4vgdto5olctt.png,2025-07-25 13:58:10,2025-07-25 13:59:24,68838d7263998afe5341452b
510,Lidocaine,PV-L006000,137-58-6,"2-(Diethylamino)-N-(2,6-dimethylphenyl)acetamide",C14H22N2O,234.3,,In Stock,Lidocaine,API Impurity Standards,lidocaine,https://pharmavive.com/products/browse/lidocaine/lidocaine,https://res.cloudinary.com/dlkh6unr5/image/upload/v1753452033/products/t8pwu9pnxvowjl3pg3fe.png,2025-07-25 13:59:40,2025-07-25 14:00:33,68838dcc63998afe53414558
511,Lidocaine EP Impurity A,PV-L006001,87-62-7,"2,6-Dimethylaniline",C8H11N,121.2,,In Stock,Lidocaine,API Impurity Standards,lidocaine-ep-impurity-a,https://pharmavive.com/products/browse/lidocaine/lidocaine-ep-impurity-a,https://res.cloudinary.com/dlkh6unr5/image/upload/v1753452044/products/fb6pdqfjtnkyjostvqne.png,2025-07-25 13:59:41,2025-07-25 14:00:45,68838dcd63998afe5341455c
512,Lidocaine EP Impurity B,PV-L006002,2903-45-9,"2-(Diethylazinoyl)-N-(2,6-dimethylphenyl)acetamide",C14H22N2O2,250.3,,In Stock,Lidocaine,API Impurity Standards,lidocaine-ep-impurity-b,https://pharmavive.com/products/browse/lidocaine/lidocaine-ep-impurity-b,https://res.cloudinary.com/dlkh6unr5/image/upload/v1753452056/products/gchto4nun3qenddnripi.png,2025-07-25 13:59:42,2025-07-25 14:00:57,68838dce63998afe53414560
513,Lidocaine EP Impurity C,PV-L006003,2198-53-0,"N-(2,6-Dimethylphenyl)acetamide",C10H13NO,163.2,,In Stock,Lidocaine,API Impurity Standards,lidocaine-ep-impurity-c,https://pharmavive.com/products/browse/lidocaine/lidocaine-ep-impurity-c,https://res.cloudinary.com/dlkh6unr5/image/upload/v1753452067/products/cgqpjdedjgzs9lsxkuok.png,2025-07-25 13:59:42,2025-07-25 14:01:08,68838dce63998afe53414564
514,Lidocaine EP Impurity D  (HCL),PV-L006004,7729-94-4,"N-(2,6-Dimethylphenyl)-2-(ethylamino)acetamide HCl",C12H18N2O : HCl,206.3 : 36.5,,In Stock,Lidocaine,API Impurity Standards,lidocaine-ep-impurity-d-hcl,https://pharmavive.com/products/browse/lidocaine/lidocaine-ep-impurity-d-hcl,https://res.cloudinary.com/dlkh6unr5/image/upload/v1753452089/products/ccovudjchqkhidhfvwyv.png,2025-07-25 13:59:43,2025-07-25 14:01:29,68838dcf63998afe53414568
515,Lidocaine EP Impurity E,PV-L006005,745798-07-6,"2-2′-(Azanediyl)bis[N-(2,6-dimethylphenyl)acetamide] HCl",C20H26CIN3O2,275.9,,In Stock,Lidocaine,API Impurity Standards,lidocaine-ep-impurity-e,https://pharmavive.com/products/browse/lidocaine/lidocaine-ep-impurity-e,https://res.cloudinary.com/dlkh6unr5/image/upload/v1753452102/products/zoxlrll9kldwp9gwlodq.png,2025-07-25 13:59:44,2025-07-25 14:01:43,68838dd063998afe5341456c
516,Lidocaine EP Impurity F,PV-L006006,857170-72-0,"2-(Diethylamino)-N-(2,3-dimethylphenyl)acetamide HCl",C14H22N2O : HCl,234.3 : 36.5,,In Stock,Lidocaine,API Impurity Standards,lidocaine-ep-impurity-f,https://pharmavive.com/products/browse/lidocaine/lidocaine-ep-impurity-f,https://res.cloudinary.com/dlkh6unr5/image/upload/v1753452152/products/jivsbimm6jzsmtxygn5p.png,2025-07-25 13:59:44,2025-07-25 14:02:32,68838dd063998afe53414570
517,Lidocaine EP Impurity G,PV-L006007,35891-87-3,"N-(2,6-dimethylphenyl)-2-((1-methylethyl)amino)acetamide hydrochloride",C13H20N2O : HCl,220.3 : 36.5,,In Stock,Lidocaine,API Impurity Standards,lidocaine-ep-impurity-g,https://pharmavive.com/products/browse/lidocaine/lidocaine-ep-impurity-g,https://res.cloudinary.com/dlkh6unr5/image/upload/v1753452183/products/kygyud38bebgomybmaar.png,2025-07-25 13:59:45,2025-07-25 14:03:04,68838dd163998afe53414574
518,Lidocaine EP Impurity H,PV-L006008,1131-01-7,"2-Chloro-N-(2,6-dimethylphenyl)acetamide",C10H12CINO,197.7,,In Stock,Lidocaine,API Impurity Standards,lidocaine-ep-impurity-h,https://pharmavive.com/products/browse/lidocaine/lidocaine-ep-impurity-h,https://res.cloudinary.com/dlkh6unr5/image/upload/v1753452198/products/csdcay0vd40ctpnsnfji.png,2025-07-25 13:59:46,2025-07-25 14:03:19,68838dd263998afe53414578
519,Lidocaine EP Impurity I,PV-L006009,17289-54-2,"2-(Diethylamino)-N-(2,4-dimethylphenyl)acetamide HCl",C14H22N2O : HCl,234.3 : 36.5,,In Stock,Lidocaine,API Impurity Standards,lidocaine-ep-impurity-i,https://pharmavive.com/products/browse/lidocaine/lidocaine-ep-impurity-i,https://res.cloudinary.com/dlkh6unr5/image/upload/v1753452211/products/gs6cuy9lbzrad1tvziqj.png,2025-07-25 13:59:46,2025-07-25 14:03:32,68838dd263998afe5341457c
520,Lidocaine EP Impurity J,PV-L006010,1012864-23-1,"2-(Diethylamino)-N-(2,5-dimethylphenyl)acetamide HCl",C14H22N2O : HCl,234.3 : 36.5,,In Stock,Lidocaine,API Impurity Standards,lidocaine-ep-impurity-j,https://pharmavive.com/products/browse/lidocaine/lidocaine-ep-impurity-j,https://res.cloudinary.com/dlkh6unr5/image/upload/v1753452228/products/rlcsxb6osbtyeoygifbf.png,2025-07-25 13:59:47,2025-07-25 14:03:49,68838dd363998afe53414580
521,Lidocaine EP Impurity K (HCL),PV-L006011,50295-20-0,"N-(2,6-dimethylphenyl)-2-(ethyl(methyl)amino)acetamide hydrochloride",C13H20N2O : HCl,220.3 : 36.5,,In Stock,Lidocaine,API Impurity Standards,lidocaine-ep-impurity-k-hcl,https://pharmavive.com/products/browse/lidocaine/lidocaine-ep-impurity-k-hcl,https://res.cloudinary.com/dlkh6unr5/image/upload/v1753452241/products/vsez0mmtsttcxhy1p5ng.png,2025-07-25 13:59:48,2025-07-25 14:04:01,68838dd463998afe53414584
522,Linagliptin,PV-L004000,668270-12-0,"(R)-8-(3-aminopiperidin-1-yl)-7-(but-2-yn-1-yl)-3-methyl-1-((4-methylquinazolin-2-yl)methyl)-3,7-dihydro-1H-purine-2,6-dione; ONDERO; Tradjenta; Trazenta; 1H-Purine-2,6-dione, 8-[(3R)-3-amino-1-piperidinyl]-7-(2-butynyl)-3,7-dihydro-3-methyl-1-[(4-methyl-2-quinazolinyl)methyl]- (9CI);",C25H28N8O2,472.6,,In Stock,Linagliptin,API Impurity Standards,linagliptin,https://pharmavive.com/products/browse/linagliptin/linagliptin,https://res.cloudinary.com/dlkh6unr5/image/upload/v1753451794/products/ijsr4lkiy7vfywmmvzwe.png,2025-07-25 13:55:49,2025-07-25 13:56:35,68838ce563998afe534144c2
523,Linagliptin Impurity 18,PV-L004006,1646355-34-1,"7-(but-2-yn-1-yl)-8-(dimethylamino)-3-methyl-1-((4-methylquinazolin-2-yl)methyl)-3,7-dihydro-1H-purine-2,6-dione",C22H23N7O2,417.5,,In Stock,Linagliptin,API Impurity Standards,linagliptin-impurity-18,https://pharmavive.com/products/browse/linagliptin/linagliptin-impurity-18,https://res.cloudinary.com/dlkh6unr5/image/upload/v1753451877/products/ciroplnsnrgtr01ptvl1.png,2025-07-25 13:55:53,2025-07-25 13:57:57,68838ce963998afe534144da
524,Linagliptin Related Compound A,PV-L004001,666816-98-4,"8-Bromo-7-(but-2-yn-1-yl)-3-methyl-3,7-dihydro-1H-purine-2,6-dione",C10H9BrN4O2,297.1,,In Stock,Linagliptin,API Impurity Standards,linagliptin-related-compound-a,https://pharmavive.com/products/browse/linagliptin/linagliptin-related-compound-a,https://res.cloudinary.com/dlkh6unr5/image/upload/v1753451809/products/ueusqyzlv923vfqzwavd.png,2025-07-25 13:55:50,2025-07-25 13:56:49,68838ce663998afe534144c6
525,Linagliptin Related Compound B,PV-L004002,668273-75-4,"Tert-butyl (R)-(1-(7-(but-2-yn-1-yl)-3-methyl-1-((4-methylquinazolin-2-yl)methyl)-2,6-dioxo-2,3,6,7-tetrahydro-1H-purin-8-yl)piperidin-3-yl)carbamate",C30H36N8O4,572.7,,In Stock,Linagliptin,API Impurity Standards,linagliptin-related-compound-b,https://pharmavive.com/products/browse/linagliptin/linagliptin-related-compound-b,https://res.cloudinary.com/dlkh6unr5/image/upload/v1753451822/products/idakwfld62xkozlxf5md.png,2025-07-25 13:55:50,2025-07-25 13:57:02,68838ce663998afe534144ca
526,Linagliptin Related Compound C,PV-L004003,2137744-33-1,"(R)-N-(1-(7-(but-2-yn-1-yl)-3-methyl-1-((4-methylquinazolin-2-yl)methyl)-2,6-dioxo-2,3,6,7-tetrahydro-1H-purin-8-yl)piperidin-3-yl)formamide",C26H28N8O3,500.6,,In Stock,Linagliptin,API Impurity Standards,linagliptin-related-compound-c,https://pharmavive.com/products/browse/linagliptin/linagliptin-related-compound-c,https://res.cloudinary.com/dlkh6unr5/image/upload/v1753451835/products/tx3twjb90f9eywoqwzul.png,2025-07-25 13:55:51,2025-07-25 13:57:16,68838ce763998afe534144ce
527,Linagliptin S-Isomer,PV-L004005,668270-11-9,"(S)-8-(3-aminopiperidin-1-yl)-7-(but-2-yn-1-yl)-3-methyl-1-((4-methylquinazolin-2-yl)methyl)-3,7-dihydro-1H-purine-2,6-dione ; (S)-8-(3-aminopiperidin-1-yl)-7-(but-2-yn-1-yl)-3-methyl-1-((4-methylquinazolin-2-yl) methyl)-1H-purine-2,6(3H,7H)-dione",C25H28N8O2,472.6,,In Stock,Linagliptin,API Impurity Standards,linagliptin-s-isomer,https://pharmavive.com/products/browse/linagliptin/linagliptin-s-isomer,https://res.cloudinary.com/dlkh6unr5/image/upload/v1753451864/products/n4ngf752ogcujgamp6ks.png,2025-07-25 13:55:52,2025-07-25 13:57:45,68838ce863998afe534144d6
528,Lincomycin,PV-L007000,154-21-2,"(2S,4R)-N-((1R,2R)-2-hydroxy-1-((2R,3R,4S,5R,6R)-3,4,5-trihydroxy-6-(methylthio)tetrahydro-2H-pyran-2-yl)propyl)-1-methyl-4-propylpyrrolidine-2-carboxamide",C18H34N2O6S,406.5,,In Stock,Lincomycin Hydrochloride,API Impurity Standards,lincomycin,https://pharmavive.com/products/browse/lincomycin-hydrochloride/lincomycin,https://res.cloudinary.com/dlkh6unr5/image/upload/v1753452317/products/sajrvm2giwji94wn1pdh.png,2025-07-25 14:04:14,2025-07-25 14:05:17,68838ede63998afe534145f0
529,Lincomycin B,PV-L007009,2520-24-3,"(2S,4R)-4-Ethyl-N-((1R,2R)-2-hydroxy-1-((2R,3R,4S,5R,6R)-3,4,5-trihydroxy-6-(methylthio)tetrahydro-2H-pyran-2-yl)propyl)-1-methylpyrrolidine-2-carboxamide",C17H32N2O6S,392.51,,In Stock,Lincomycin Hydrochloride,API Impurity Standards,lincomycin-b,https://pharmavive.com/products/browse/lincomycin-hydrochloride/lincomycin-b,https://res.cloudinary.com/dlkh6unr5/image/upload/v1753452456/products/q7jfrbqnnclxo2qimlxd.png,2025-07-25 14:04:20,2025-07-25 14:07:37,68838ee463998afe53414614
530,Lincomycin EP Impurity A,PV-L007002,N/A,"Methyl 6,8-Dideoxy-6-[[[(2R,4R)-1-methyl-4-propylpyrrolidin-2-yl]carbonyl]amino]-1-thio-D-erythro-a-D-galacto-octopyranoside",C18H34N2O6S,406.5,,In Stock,Lincomycin Hydrochloride,API Impurity Standards,lincomycin-ep-impurity-a,https://pharmavive.com/products/browse/lincomycin-hydrochloride/lincomycin-ep-impurity-a,https://res.cloudinary.com/dlkh6unr5/image/upload/v1753452346/products/hqr0ndryih0g3xxrsa7w.png,2025-07-25 14:04:15,2025-07-25 14:05:47,68838edf63998afe534145f8
531,Lincomycin EP Impurity B,PV-L007003,37744-65-3,"Methyl 6,8-Dideoxy-6-[[[(2S,4EZ)-1-methyl-4-propylidenepyrrolidin-2-yl]carbonyl]amino]-1-thio-D-erythro-a-D-galacto-octopyranoside",C18H32N2O6S,404.5,,In Stock,Lincomycin Hydrochloride,API Impurity Standards,lincomycin-ep-impurity-b,https://pharmavive.com/products/browse/lincomycin-hydrochloride/lincomycin-ep-impurity-b,https://res.cloudinary.com/dlkh6unr5/image/upload/v1753452361/products/sswufvxmcdrlnn3rfesl.png,2025-07-25 14:04:16,2025-07-25 14:06:01,68838ee063998afe534145fc
532,Lincomycin EP Impurity C,PV-L007004,14600-41-0,"(2S,4R)-N-((1R,2R)-2-Hydroxy-1-((2R,3R,4S,5R,6R)-3,4,5-trihydroxy-6-(methylthio)tetrahydro-2H-pyran-2-yl)propyl)-4-propylpyrrolidine-2-carboxamide Hydrochloride;Methyl 6,8-dideoxy-6-[[[(2S,4R)-4-propylpyrrolidin-2-yl]carbonyl]amino]-1-thio-D-erythro-α-D-galacto-octopyranoside Hydrochloride",C17H33ClN2O6S,428.97,,In Stock,Lincomycin Hydrochloride,API Impurity Standards,lincomycin-ep-impurity-c,https://pharmavive.com/products/browse/lincomycin-hydrochloride/lincomycin-ep-impurity-c,https://res.cloudinary.com/dlkh6unr5/image/upload/v1753452382/products/pb6gjeh60vuffu7crwhi.png,2025-07-25 14:04:16,2025-07-25 14:06:23,68838ee063998afe53414600
533,Lincomycin EP Impurity D,PV-L007005,17017-22-0,"Methyl 6,8-Dideoxy-6-[[[(2S,4R)-1-methyl-4-propylpyrrolidin-2-yl]carbonyl]amino]-1-thio-L-threo-a-D-galacto-octopyranoside",C18H34N2O6S,406.5,,In Stock,Lincomycin Hydrochloride,API Impurity Standards,lincomycin-ep-impurity-d,https://pharmavive.com/products/browse/lincomycin-hydrochloride/lincomycin-ep-impurity-d,https://res.cloudinary.com/dlkh6unr5/image/upload/v1753452398/products/tf9disfeghxl10docgsk.png,2025-07-25 14:04:17,2025-07-25 14:06:39,68838ee163998afe53414604
534,Lincomycin EP Impurity E,PV-L007006,13380-36-4,"(2S,4R)-1-Methyl-4-propylpyrrolidine-2-carboxylic acid",C9H17NO2,171.2,,In Stock,Lincomycin Hydrochloride,API Impurity Standards,lincomycin-ep-impurity-e,https://pharmavive.com/products/browse/lincomycin-hydrochloride/lincomycin-ep-impurity-e,https://res.cloudinary.com/dlkh6unr5/image/upload/v1753452413/products/x9pu1qmlkwdwtblgj1ok.png,2025-07-25 14:04:18,2025-07-25 14:06:53,68838ee263998afe53414608
535,Lincomycin EP Impurity F,PV-L007007,14810-93-6,"Methyl 6-Amino-6,8-dideoxy-1-thio-D-erythro-a-D-galactooctopyranoside ;",C9H19NO5S,253.3,,In Stock,Lincomycin Hydrochloride,API Impurity Standards,lincomycin-ep-impurity-f,https://pharmavive.com/products/browse/lincomycin-hydrochloride/lincomycin-ep-impurity-f,https://res.cloudinary.com/dlkh6unr5/image/upload/v1753452426/products/ohxk8modbrszdgiepzc9.png,2025-07-25 14:04:18,2025-07-25 14:07:06,68838ee263998afe5341460c
536,Lincomycin Hydrochloride Monohydrate,PV-L007008,7179-49-9,"(2S,4R)-N-((1R,2R)-2-hydroxy-1-((2R,3R,4S,5R,6R)-3,4,5-trihydroxy-6-(methylthio)tetrahydro-2H-pyran-2-yl)propyl)-1-methyl-4-propylpyrrolidine-2-carboxamide hydrochloride hydrate.",C18H34N2O6S : HCl : H2O,406.5 : 36.5 : 18.0,,In Stock,Lincomycin Hydrochloride,API Impurity Standards,lincomycin-hydrochloride-monohydrate,https://pharmavive.com/products/browse/lincomycin-hydrochloride/lincomycin-hydrochloride-monohydrate,https://res.cloudinary.com/dlkh6unr5/image/upload/v1753452441/products/bftmkdqxvojup5dqgp80.png,2025-07-25 14:04:19,2025-07-25 14:07:21,68838ee363998afe53414610
537,Lurasidone,PV-L008000,367514-87-2,"(3aR,4S,7R,7aS)-2-{(1R,2R)-2-[4-(1,2-Benzisothiazol-3-yl)piperazin-1-yl methyl] cyclohexylmethyl}hexahydro-4,7-methano-2H-isoindole-1,3-dione",C28H36N4O2S,492.7,,In Stock,Lurasidone,API Impurity Standards,lurasidone,https://pharmavive.com/products/browse/lurasidone/lurasidone,https://res.cloudinary.com/dlkh6unr5/image/upload/v1753452534/products/fzvckjh3tkm7hwnu58nr.png,2025-07-25 14:07:53,2025-07-25 14:08:54,68838fb963998afe53414672
538,Lurasidone 2-Epimer,PV-L008006,1318074-18-8,"(3aR,4S,7R,7aS)-2-(((1R,2S)-2-((4-(benzo[d]isothiazol-3-yl)piperazin-1-yl)methyl)cyclohexyl)methyl)hexahydro-1H-4,7-methanoisoindole-1,3(2H)-dione",C28H36N4O2S,492.7,,In Stock,Lurasidone,API Impurity Standards,lurasidone-2-epimer,https://pharmavive.com/products/browse/lurasidone/lurasidone-2-epimer,https://res.cloudinary.com/dlkh6unr5/image/upload/v1753452617/products/vfnpoc1de1hkgpdcpbdc.png,2025-07-25 14:07:57,2025-07-25 14:10:17,68838fbd63998afe5341468a
539,Lurasidone Impurity A,PV-L008008,223586-82-1,"1,4-bis(benzo[d]isothiazol-3-yl)piperazine",C18H16N4S2,352.48,,In Stock,Lurasidone,API Impurity Standards,lurasidone-impurity-a,https://pharmavive.com/products/browse/lurasidone/lurasidone-impurity-a,https://res.cloudinary.com/dlkh6unr5/image/upload/v1753452647/products/qvw59iwd5r5qawizt5xe.png,2025-07-25 14:07:59,2025-07-25 14:10:48,68838fbf63998afe53414692
540,Lurasidone Impurity-P-DP5,PV-L008009,1807607-99-3,"(3aR,4S,7R,7aS)-2-(((1R,2R)-2-((4-(1,1-dioxidobenzo[d]isothiazol-3-yl)piperazin-1-yl)methyl)cyclohexyl)methyl)hexahydro-1H-4,7-methanoisoindole-1,3(2H)-dione",C28H36N4O4S,524.69,,In Stock,Lurasidone,API Impurity Standards,lurasidone-impurity-p-dp5,https://pharmavive.com/products/browse/lurasidone/lurasidone-impurity-p-dp5,https://res.cloudinary.com/dlkh6unr5/image/upload/v1753452661/products/rbglq6llbb2qlixeqhy8.png,2025-07-25 14:07:59,2025-07-25 14:11:01,68838fbf63998afe53414696
541,Lurasidone LH1 Impurity,PV-L008002,14805-29-9,"(3aR,4S,7R,7aS)-rel-Hexahydro-4,7-methano-1H-isoindole-1,3(2H)-dione",C9H11NO2,165.19,,In Stock,Lurasidone,API Impurity Standards,lurasidone-lh1-impurity,https://pharmavive.com/products/browse/lurasidone/lurasidone-lh1-impurity,https://res.cloudinary.com/dlkh6unr5/image/upload/v1753452563/products/gwzabuqmosjhyemvdzks.png,2025-07-25 14:07:55,2025-07-25 14:09:24,68838fbb63998afe5341467a
542,Lurasidone Piperazine N-Oxide,PV-L008005,1574569-32-6,"4-(Benzo[d]isothiazol-3-yl)-1-(((1R,2R)-2-(((3aR,4S,7R,7aS)-1,3-dioxooctahydro-2H-4,7-methanoisoindol-2-yl)methyl)cyclohexyl)methyl)piperazine 1-oxide",C28H36N4O3S,508.69,,In Stock,Lurasidone,API Impurity Standards,lurasidone-piperazine-n-oxide,https://pharmavive.com/products/browse/lurasidone/lurasidone-piperazine-n-oxide,https://res.cloudinary.com/dlkh6unr5/image/upload/v1753452603/products/ilbbxxchuhvxddfvld5i.png,2025-07-25 14:07:57,2025-07-25 14:10:04,68838fbd63998afe53414686
543,Lurasidone Sulfoxide,PV-L008007,1809325-45-8,"(3aR,4S,7R,7aS)-2-((1R,2R)-2-(4-(1,2-Benzothiazol-3-yl)piperazin-1-ylmethyl) cyclohexylmethyl)hexahydro-4,7-methano-2H-isoindole-1,3-dione Sulfoxide",C28H36N4O3S,508.7,,In Stock,Lurasidone,API Impurity Standards,lurasidone-sulfoxide,https://pharmavive.com/products/browse/lurasidone/lurasidone-sulfoxide,https://res.cloudinary.com/dlkh6unr5/image/upload/v1753452634/products/ojxzec3yhwbfov6ww6ce.png,2025-07-25 14:07:58,2025-07-25 14:10:35,68838fbe63998afe5341468e
544,Metformin,PV-M001000,657-24-9,"1,1-Dimethylbiguanide",C4H11N5,129.2,,In Stock,Metformin,API Impurity Standards,metformin,https://pharmavive.com/products/browse/metformin/metformin,https://res.cloudinary.com/dlkh6unr5/image/upload/v1753452754/products/uawquidpxtnjohindfqs.png,2025-07-25 14:11:37,2025-07-25 14:12:35,6883909963998afe534146f4
545,Metformin EP Impurity A,PV-M001001,461-58-5,1-Cyanoguanidine,C2H4N4,84.1,,In Stock,Metformin,API Impurity Standards,metformin-ep-impurity-a,https://pharmavive.com/products/browse/metformin/metformin-ep-impurity-a,https://res.cloudinary.com/dlkh6unr5/image/upload/v1753452765/products/r5ujpfqo2wccoejr38ug.png,2025-07-25 14:11:38,2025-07-25 14:12:45,6883909a63998afe534146f8
546,Metformin EP Impurity B,PV-M001009,4405-08-7,"(4,6-Diamino-1,3,5-triazin-2-yl)guanidine",C4H8N8,168.2,,In Stock,Metformin,API Impurity Standards,metformin-ep-impurity-b,https://pharmavive.com/products/browse/metformin/metformin-ep-impurity-b,https://res.cloudinary.com/dlkh6unr5/image/upload/v1753452877/products/d4yk3kgffira5nihc3ni.png,2025-07-25 14:11:43,2025-07-25 14:14:37,6883909f63998afe53414718
547,Metformin EP Impurity B (HCl salt),PV-M001002,2959-04-8,"(4,6-Diamino-1,3,5-triazin-2-yl)guanidine HCl ;",C4H8N8 : HCl,168.2 : 36.5,,In Stock,Metformin,API Impurity Standards,metformin-ep-impurity-b-hcl-salt,https://pharmavive.com/products/browse/metformin/metformin-ep-impurity-b-hcl-salt,https://res.cloudinary.com/dlkh6unr5/image/upload/v1753452778/products/pemkuisq4nuwkmtxa7zb.png,2025-07-25 14:11:38,2025-07-25 14:12:58,6883909a63998afe534146fc
548,Metformin EP Impurity C,PV-M001003,1985-46-2,"N,N-Dimethyl-1,3,5-triazine-2,4,6-triamine ;",C5H10N6,154.2,,In Stock,Metformin,API Impurity Standards,metformin-ep-impurity-c,https://pharmavive.com/products/browse/metformin/metformin-ep-impurity-c,https://res.cloudinary.com/dlkh6unr5/image/upload/v1753452791/products/mkbffqcm405vwlbpybld.png,2025-07-25 14:11:39,2025-07-25 14:13:11,6883909b63998afe53414700
549,Metformin EP Impurity D,PV-M001004,108-78-1,"1,3,5-Triazine-2,4,6-triamine ; 2,4,6-Triamino-s-triazine",C3H6N6,126.1,,In Stock,Metformin,API Impurity Standards,metformin-ep-impurity-d,https://pharmavive.com/products/browse/metformin/metformin-ep-impurity-d,https://res.cloudinary.com/dlkh6unr5/image/upload/v1753452804/products/k98sqylka9l7dqrpksvl.png,2025-07-25 14:11:40,2025-07-25 14:13:24,6883909c63998afe53414704
550,Metformin EP Impurity E,PV-M001005,36801-25-9,-Methyl Biguanide Sulfate (as per EP),C3H9N5 : H2SO4,115.1 : 98.1,,In Stock,Metformin,API Impurity Standards,metformin-ep-impurity-e,https://pharmavive.com/products/browse/metformin/metformin-ep-impurity-e,https://res.cloudinary.com/dlkh6unr5/image/upload/v1753452818/products/ogzigawsqqhngvwcw8ci.png,2025-07-25 14:11:40,2025-07-25 14:13:39,6883909c63998afe53414708
551,Metformin EP Impurity E (HCl salt),PV-M001007,1674-62-0,1-Methyl Biguanide hydrochloride (as per EP),C3H9N5 : HCl,115.1 : 36.5,,In Stock,Metformin,API Impurity Standards,metformin-ep-impurity-e-hcl-salt,https://pharmavive.com/products/browse/metformin/metformin-ep-impurity-e-hcl-salt,https://res.cloudinary.com/dlkh6unr5/image/upload/v1753452848/products/glfhtkimwhdmsie86aoc.png,2025-07-25 14:11:42,2025-07-25 14:14:08,6883909e63998afe53414710
552,Metformin EP Impurity F (HCl salt),PV-M001006,506-59-2,Dimethylamine hydrochloride,C2H7N : HCl,45.09 : 36.5,,In Stock,Metformin,API Impurity Standards,metformin-ep-impurity-f-hcl-salt,https://pharmavive.com/products/browse/metformin/metformin-ep-impurity-f-hcl-salt,https://res.cloudinary.com/dlkh6unr5/image/upload/v1753452832/products/xlweukqmp9wl1d4ark9r.png,2025-07-25 14:11:41,2025-07-25 14:13:53,6883909d63998afe5341470c
553,Metformin Impurity 1,PV-M001008,27369-26-2,"1-(4,6-Diamino-1,3,5-triazin-2-yl)guanidine dinitrate",C4H8N8 : 2(HNO3),168.2 : 2(63.0),,In Stock,Metformin,API Impurity Standards,metformin-impurity-1,https://pharmavive.com/products/browse/metformin/metformin-impurity-1,https://res.cloudinary.com/dlkh6unr5/image/upload/v1753452864/products/vug1iy7uljb1agnw1yum.png,2025-07-25 14:11:42,2025-07-25 14:14:24,6883909e63998afe53414714
554,Micafungin Deshydroxy Impurity,PV-M002016,N/A,"5-((1S,2S)-2-((2R,6S,9S,12R,14aS,15S,16S,20S,23S,25aS)-9-amino-20-((R)-3-amino-1-hydroxy-3-oxopropyl)-2,12,15-trihydroxy-6-((R)-1-hydroxyethyl)-16-methyl-5,8,14,19,22,25-hexaoxotetracosahydro-1H-dipyrrolo[2,1-c:2',1'-l][1,4,7,10,13,16]hexaazacyclohenicosin-23-yl)-1,2-dihydroxyethyl)-2-hydroxyphenyl hydrogen sulfate",C35H52N8O19S,920.9,,In Stock,Micafungin,API Impurity Standards,micafungin-deshydroxy-impurity,https://pharmavive.com/products/browse/micafungin/micafungin-deshydroxy-impurity,https://res.cloudinary.com/dlkh6unr5/image/upload/v1753453241/products/nohymjq5jcnnhptwgfyv.png,2025-07-25 14:15:03,2025-07-25 14:20:41,6883916763998afe534147ba
555,Micafungin Desmethyl Impurity,PV-M002015,N/A,"5-((1S,2S)-2-((2R,6S,9S,11R,12R,14aS,15S,20S,23S,25aS)-9-amino-20-((R)-3-amino-1-hydroxy-3-oxopropyl)-2,11,12,15-tetrahydroxy-6-((R)-1-hydroxyethyl)-5,8,14,19,22,25-hexaoxotetracosahydro-1H-dipyrrolo[2,1-c:2',1'-l][1,4,7,10,13,16]hexaazacyclohenicosin-23-yl)-1,2-dihydroxyethyl)-2-hydroxyphenyl hydrogen sulfate",C34H50N8O20S,922.9,,In Stock,Micafungin,API Impurity Standards,micafungin-desmethyl-impurity,https://pharmavive.com/products/browse/micafungin/micafungin-desmethyl-impurity,https://res.cloudinary.com/dlkh6unr5/image/upload/v1753453223/products/x3gq6zrsvwryf2f2whuw.png,2025-07-25 14:15:03,2025-07-25 14:20:23,6883916763998afe534147b6
556,Micafungin Dessulfonic acid impurity,PV-M002007,1392514-03-2,"Sodium 5-((1S,2S)-2-((2R,6S,9S,11R,12R,14aS,15S,20S,23S,25aS)-20-((R)-3-amino-1-hydroxy-3-oxopropyl)-2,11,12,15-tetrahydroxy-6-((R)-1-hydroxyethyl)-5,8,14,19,22,25-hexaoxo-9-(4-(5-(4-(pentyloxy)phenyl)isoxazol-3-yl)benzamido)tetracosahydro-1H-dipyrrolo[2,1-c:2',1'-l][1,4,7,10,13,16]hexaazacyclohenicosin-23-yl)-1,2-dihydroxyethyl)-2-hydroxyphenyl sulfate",C55H68N9O23S : Na,1255.2 : 23.0,,In Stock,Micafungin,API Impurity Standards,micafungin-dessulfonic-acid-impurity,https://pharmavive.com/products/browse/micafungin/micafungin-dessulfonic-acid-impurity,https://res.cloudinary.com/dlkh6unr5/image/upload/v1753453088/products/z75q4rmc51qxl1pplnoo.png,2025-07-25 14:14:57,2025-07-25 14:18:08,6883916163998afe53414796
557,Micafungin Epimer Impurity,PV-M002011,1392514-05-4,"Sodium 5-[(1S,2S)-2-{(2R,6S,9S,11R,12S,14aS,15S,16S,20S,23S,25aS)-20-[(R)-3-amino1-hydroxy-3-oxopropyl]-2,11,12,15-tetrahydroxy-6-[(R)-1-hydroxyethyl]-16-methyl5,8,14,19,22,25-hexaoxo-9-(4-{5-[4-(pentyloxy)phenyl]isoxazol-3- yl}benzamido)tetracosahydro-1H-dipyrrolo[2,1-c:2',1'- l][1,4,7,10,13,16]hexaazacyclohenicosin-23-yl}-1,2-dihydroxyethyl]-2-hydroxyphenyl  sulfate",C56H70N9O23S : Na,1269.3 : 23.0,,In Stock,Micafungin,API Impurity Standards,micafungin-epimer-impurity,https://pharmavive.com/products/browse/micafungin/micafungin-epimer-impurity,https://res.cloudinary.com/dlkh6unr5/image/upload/v1753453159/products/ibccwneaabor7uu1o40b.png,2025-07-25 14:15:00,2025-07-25 14:19:19,6883916463998afe534147a6
558,Micafungin Impurity 2,PV-M002013,N/A,"Sodium 5-((1S,2S)-2-((2R,6S,9S,11R,12R,14aS,15S,20S,23S,25aS)-20-((R)-3-amino-1-hydroxy-3-oxopropyl)-2,11,12,15-tetrahydroxy-6-((S)-1-hydroxyethyl)-5,8,14,19,22,25-hexaoxo-9-(4-(5-(4-(pentyloxy)phenyl)isoxazol-3-yl)benzamido)tetracosahydro-1H-dipyrrolo[2,1-c:2',1'-l][1,4,7,10,13,16]hexaazacyclohenicosin-23-yl)-1,2-dihydroxyethyl)-2-hydroxybenzenesulfonate",C55H68N9O22S : Na,1239.3 : 23.0,,In Stock,Micafungin,API Impurity Standards,micafungin-impurity-2,https://pharmavive.com/products/browse/micafungin/micafungin-impurity-2,https://res.cloudinary.com/dlkh6unr5/image/upload/v1753453193/products/ywrpx4oml2uztyknkhex.png,2025-07-25 14:15:01,2025-07-25 14:19:54,6883916563998afe534147ae
559,Micafungin Impurity 6,PV-M002017,N/A,"5-((1S,2S)-2-((2R,9S,11R,12R,14aS,15S,16S,20S,25aS)-20-((R)-3-amino-1-hydroxy-3-oxopropyl)-2,11,12,15-tetrahydroxy-6-((R)-1-hydroxyethyl)-16-methyl-5,8,14,19,22,25-hexaoxo-9-palmitamidotetracosahydro-1H-dipyrrolo[2,1-c:2',1'-l][1,4,7,10,13,16]hexaazacyclohenicosin-23-yl)-1,2-dihydroxyethyl)-2-hydroxyphenyl hydrogen sulfate",C51H82N8O21S,1175.3,,In Stock,Micafungin,API Impurity Standards,micafungin-impurity-6,https://pharmavive.com/products/browse/micafungin/micafungin-impurity-6,https://res.cloudinary.com/dlkh6unr5/image/upload/v1753453256/products/llimwysqjl5a6oatbqei.png,2025-07-25 14:15:04,2025-07-25 14:20:57,6883916863998afe534147be
560,Micafungin Impurity 8,PV-M002018,N/A,"sodium 5-((1S,2S)-2-((2R,6S,11R,12R,14aS,15S,16S,20S,23S,25aS)-20-((R)-3-amino-1-hydroxy-3-oxopropyl)-2,11,12,15-tetrahydroxy-6-((R)-1-hydroxyethyl)-16-methyl-5,8,14,19,22,25-hexaoxo-9-(4-(2-(4-(pentyloxy)benzoyl)-2H-azirin-3-yl)benzamido)tetracosahydro-1H-dipyrrolo[2,1-c:2',1'-l][1,4,7,10,13,16]hexaazacyclohenicosin-23-yl)-1,2-dihydroxyethyl)-2-hydroxyphenyl sulfate",C56H70N9O23S : Na,1269.3 : 23.0,,In Stock,Micafungin,API Impurity Standards,micafungin-impurity-8,https://pharmavive.com/products/browse/micafungin/micafungin-impurity-8,https://res.cloudinary.com/dlkh6unr5/image/upload/v1753453270/products/daeygfjx99wdqx99uvqh.png,2025-07-25 14:15:05,2025-07-25 14:21:10,6883916963998afe534147c2
561,Micafungin Impurity A,PV-M002006,N/A,"Sodium 5-((1S,2S,3S)-4-(((2S,3R)-5-amino-1-((2S,4S)-2-carbamoyl-3-hydroxy-4-methylpyrrolidin-1-yl)-3-hydroxy-1,5-dioxopentan-2-yl)amino)-3-((2S,4R)-1-((2S,3R)-2-((4S)-4,5-dihydroxy-1-(4-(5-(4-(pentyloxy)phenyl)isoxazol-3-yl)benzoyl)pyrrolidine-2-carboxamido)-3-hydroxybutanoyl)-4-hydroxypyrrolidine-2-carboxamido)-1,2-dihydroxy-4-oxobutyl)-2-hydroxyphenyl sulfate",C56H70N9O23S : Na,1269.3 : 23.0,,In Stock,Micafungin,API Impurity Standards,micafungin-impurity-a,https://pharmavive.com/products/browse/micafungin/micafungin-impurity-a,https://res.cloudinary.com/dlkh6unr5/image/upload/v1753453065/products/t2vq8jqxsep3zs7ioqgq.png,2025-07-25 14:14:57,2025-07-25 14:17:46,6883916163998afe53414792
562,Micafungin Impurity C,PV-M002008,N/A,"Sodium 5-((1S,2S)-2-((2R,6S,9S,11R,12S,14aR,15S,16S,20S,23S,25aR)-20-((R)-3-amino-1-hydroxy-3-oxopropyl)-2,11,12,15-tetrahydroxy-6-((R)-1-hydroxyethyl)-16-methyl-5,8,14,19,22,25-hexaoxo-9-(4-(5-(4-(pentyloxy)phenyl)isoxazol-3-yl)benzamido)tetracosahydro-1H-dipyrrolo[2,1-c:2',1'-l][1,4,7,10,13,16]hexaazacyclohenicosin-23-yl)-1,2-dihydroxyethyl)-2-hydroxyphenyl sulfate",C56H70N9O23S : Na,1269.3 : 23.0,,In Stock,Micafungin,API Impurity Standards,micafungin-impurity-c,https://pharmavive.com/products/browse/micafungin/micafungin-impurity-c,https://res.cloudinary.com/dlkh6unr5/image/upload/v1753453109/products/rvnyghzcj7ry8c24xajl.png,2025-07-25 14:14:58,2025-07-25 14:18:30,6883916263998afe5341479a
563,Micafungin Isomer of Side Chain Acid,PV-M002019,N/A,4-(3-(4- (pentyloxy)phenyl)isoxazol-5- yl)benzoic acid,C21H21NO4,351.4,,In Stock,Micafungin,API Impurity Standards,micafungin-isomer-of-side-chain-acid,https://pharmavive.com/products/browse/micafungin/micafungin-isomer-of-side-chain-acid,https://res.cloudinary.com/dlkh6unr5/image/upload/v1753453281/products/zm9vr5n2gxb0l13dzkc4.png,2025-07-25 14:15:05,2025-07-25 14:21:21,6883916963998afe534147c6
564,Micafungin Open Ring Analog,PV-M002012,539823-82-0,"5-((1S,2S,3S)-4-(((2S,3R)-5-amino-1-((2S,3S,4S)-2-carbamoyl-3-hydroxy-4-methylpyrrolidin-1-yl)-3-hydroxy-1,5-dioxopentan-2-yl)amino)-3-((2S,4R)-1-(((2S,4R)-4,5-dihydroxy-1-(4-(5-(4-(pentyloxy)phenyl)isoxazol-3-yl)benzoyl)pyrrolidine-2-carbonyl)-L-threonyl)-4-hydroxypyrrolidine-2-carboxamido)-1,2-dihydroxy-4-oxobutyl)-2-hydroxyphenyl hydrogen sulfate, sodium salt",C56H70N9O23S : Na,1269.3 : 23.0,,In Stock,Micafungin,API Impurity Standards,micafungin-open-ring-analog,https://pharmavive.com/products/browse/micafungin/micafungin-open-ring-analog,https://res.cloudinary.com/dlkh6unr5/image/upload/v1753453179/products/lpi3kfa1c39pfoeij3jn.png,2025-07-25 14:15:01,2025-07-25 14:19:39,6883916563998afe534147aa
565,Micafungin Serine Analog Impurity,PV-M002014,1392514-04-3,"Sodium 5-((1S,2S)-2-((2R,6S,9S,11R,12R,14aS,15S,16S,20S,23S,25aS)-20-((R)-3-amino-1-hydroxy-3-oxopropyl)-2,11,12,15-tetrahydroxy-6-(hydroxymethyl)-16-methyl-5,8,14,19,22,25-hexaoxo-9-(4-(5-(4-(pentyloxy)phenyl)isoxazol-3-yl)benzamido)tetracosahydro-1H-dipyrrolo[2,1-c:2',1'-l][1,4,7,10,13,16]hexaazacyclohenicosin-23-yl)-1,2-dihydroxyethyl)-2-hydroxyphenyl sulfate",C55H68N9O23S : Na,1255.2 : 23.0,,In Stock,Micafungin,API Impurity Standards,micafungin-serine-analog-impurity,https://pharmavive.com/products/browse/micafungin/micafungin-serine-analog-impurity,https://res.cloudinary.com/dlkh6unr5/image/upload/v1753453209/products/xlj3njklhp3npcc95ic0.png,2025-07-25 14:15:02,2025-07-25 14:20:10,6883916663998afe534147b2
566,Micafungin Nucleus,PV-M002002,168110-44-9,"5-((1S,2S)-2-((2R,6S,9S,11R,12R,14aS,15S,16S,20R,23S,25aR)-9-amino-20-((R)-3-amino-1-hydroxy-3-oxopropyl)-2,11,12,15-tetrahydroxy-6-((R)-1-hydroxyethyl)-16-methyl-5,8,14,19,22,25-hexaoxotetracosahydro-1H-dipyrrolo[2,1-c:2',1'-l][1,4,7,10,13,16]hexaazacyclohenicosin-23-yl)-1,2-dihydroxyethyl)-2-hydroxyphenyl hydrogen sulfate",C35H52N8O20S,936.9,,In Stock,Micafungin,API Impurity Standards,micafungin-nucleus,https://pharmavive.com/products/browse/micafungin/micafungin-nucleus,https://res.cloudinary.com/dlkh6unr5/image/upload/v1753452994/products/czubecs72mq3vsz7nuza.png,2025-07-25 14:14:54,2025-07-25 14:16:35,6883915e63998afe53414782
567,Micafungin Side Chain Acid,PV-M002004,179162-55-1,4-(5-(4-(pentyloxy)phenyl)isoxazol-3-yl)benzoic acid,C21H21NO4,351.4,,In Stock,Micafungin,API Impurity Standards,micafungin-side-chain-acid,https://pharmavive.com/products/browse/micafungin/micafungin-side-chain-acid,https://res.cloudinary.com/dlkh6unr5/image/upload/v1753453028/products/msy2s0tzpcx3ykcxkimk.png,2025-07-25 14:14:55,2025-07-25 14:17:09,6883915f63998afe5341478a
568,Micafungin Side Chain Acid Benzotriazole Ester,PV-M002005,235112-66-0,"1H-benzo[d][1,2,3]triazol-1-yl 4-(5-(4-(pentyloxy)phenyl)isoxazol-3-yl)benzoate",C27H24N4O4,468.5,,In Stock,Micafungin,API Impurity Standards,micafungin-side-chain-acid-benzotriazole-ester,https://pharmavive.com/products/browse/micafungin/micafungin-side-chain-acid-benzotriazole-ester,https://res.cloudinary.com/dlkh6unr5/image/upload/v1753453044/products/ylv2iwzy6erjrmluemoy.png,2025-07-25 14:14:56,2025-07-25 14:17:25,6883916063998afe5341478e
569,Micafungin Side Chain Acid Methyl Ester,PV-M002003,179162-64-2,Methyl 4-(5-(4-(pentyloxy)phenyl)isoxazol-3-yl)benzoate,C22H23NO4,365.4,,In Stock,Micafungin,API Impurity Standards,micafungin-side-chain-acid-methyl-ester,https://pharmavive.com/products/browse/micafungin/micafungin-side-chain-acid-methyl-ester,https://res.cloudinary.com/dlkh6unr5/image/upload/v1753453011/products/dve8avv84kp1bbqj1oe0.png,2025-07-25 14:14:55,2025-07-25 14:16:51,6883915f63998afe53414786
570,Micafungin Sodium,PV-M002000,208538-73-2,"Sodium 5-((1S,2S)-2-((2R,6S,9S,11R,12R,14aR,15S,16S,20S,23S,25aR)-20-((R)-3-amino-1-hydroxy-3-oxopropyl)-2,11,12,15-tetrahydroxy-6-((R)-1-hydroxyethyl)-16-methyl-5,8,14,19,22,25-hexaoxo-9-(4-(5-(4-(pentyloxy)phenyl)isoxazol-3-yl)benzamido)tetracosahydro-1H-dipyrrolo[2,1-c:2',1'-l][1,4,7,10,13,16]hexaazacyclohenicosin-23-yl)-1,2-dihydroxyethyl)-2-hydroxyphenyl sulfate",C56H70N9NaO23S,1292.3,,In Stock,Micafungin,API Impurity Standards,micafungin-sodium,https://pharmavive.com/products/browse/micafungin/micafungin-sodium,https://res.cloudinary.com/dlkh6unr5/image/upload/v1753452963/products/afozpfibxvpjiafjuxva.png,2025-07-25 14:14:53,2025-07-25 14:16:04,6883915d63998afe5341477a
571,Micafungin WF11899A Impurity,PV-M002001,160335-87-5,"5-(2-(20-(3-amino-1-hydroxy-3-oxopropyl)-2,11,12,15-tetrahydroxy-6-(1-hydroxyethyl)-16-methyl-5,8,14,19,22,25-hexaoxo-9-palmitamidotetracosahydro-1H-dipyrrolo[2,1-c:2',1'-l][1,4,7,10,13,16]hexaazacyclohenicosin-23-yl)-1,2-dihydroxyethyl)-2-hydroxyphenyl hydrogen sulfate",C51H82N8O21S,1175.3,,In Stock,Micafungin,API Impurity Standards,micafungin-wf11899a-impurity,https://pharmavive.com/products/browse/micafungin/micafungin-wf11899a-impurity,https://res.cloudinary.com/dlkh6unr5/image/upload/v1753452978/products/dgmjxbusnazofn3gk03e.png,2025-07-25 14:14:53,2025-07-25 14:16:19,6883915d63998afe5341477e
572,Miconazole,PV-M003000,22916-47-8,"1-[(2RS)-2-[(2,4-Dichlorobenzyl)oxy]-2-(2,4-dichlorophenyl)ethyl]-1H-imidazole",C18H14Cl4N2O,416.1,,In Stock,Miconazole,API Impurity Standards,miconazole,https://pharmavive.com/products/browse/miconazole/miconazole,https://res.cloudinary.com/dlkh6unr5/image/upload/v1753453388/products/iezx49smfuzatlx5nonv.png,2025-07-25 14:22:25,2025-07-25 14:23:09,6883932163998afe5341486a
573,Miconazole EP Impurity A,PV-M003001,24155-42-8,"1-[(2RS)-2-[(4-chlorobenzyl)oxy]-2-(2,4-dichlorophenyl)ethyl]-1H-imidazole",C11H10Cl2N2O,257.1,,In Stock,Miconazole,API Impurity Standards,miconazole-ep-impurity-a,https://pharmavive.com/products/browse/miconazole/miconazole-ep-impurity-a,https://res.cloudinary.com/dlkh6unr5/image/upload/v1753453400/products/bjb0fvglv0ugnca0ccsu.png,2025-07-25 14:22:26,2025-07-25 14:23:20,6883932263998afe5341486e
574,Miconazole EP Impurity B,PV-M003002,27220-47-9,"1-[(2RS)-2-[(4-chlorobenzyl)oxy]-2-(2,4-dichlorophenyl)ethyl]-1H-imidazole",C18H15Cl3N2O,381.7,,In Stock,Miconazole,API Impurity Standards,miconazole-ep-impurity-b,https://pharmavive.com/products/browse/miconazole/miconazole-ep-impurity-b,https://res.cloudinary.com/dlkh6unr5/image/upload/v1753453411/products/muvietmrtani6yd0gvjw.png,2025-07-25 14:22:27,2025-07-25 14:23:32,6883932363998afe53414872
575,Miconazole EP Impurity C,PV-M003003,67358-54-7,"(2RS)-2-[(2,4-dichlorobenzyl)oxy]-2-(2,4-dichlorophenyl)ethanamine",C15H13Cl4NO,365.1,,In Stock,Miconazole,API Impurity Standards,miconazole-ep-impurity-c,https://pharmavive.com/products/browse/miconazole/miconazole-ep-impurity-c,https://res.cloudinary.com/dlkh6unr5/image/upload/v1753453424/products/cfjrsk51nbq8wau5p3nb.png,2025-07-25 14:22:27,2025-07-25 14:23:44,6883932363998afe53414876
576,Miconazole EP Impurity D,PV-M003004,27523-40-6,"1-[(2RS)-2-[(2,6-dichlorobenzyl)oxy]-2-(2,4-dichlorophenyl)ethyl]-1H-imidazole",C18H14Cl4N2O,416.1,,In Stock,Miconazole,API Impurity Standards,miconazole-ep-impurity-d,https://pharmavive.com/products/browse/miconazole/miconazole-ep-impurity-d,https://res.cloudinary.com/dlkh6unr5/image/upload/v1753453436/products/dmhndt4hkufoezuqqngt.png,2025-07-25 14:22:28,2025-07-25 14:23:57,6883932463998afe5341487a
577,Miconazole EP Impurity E,PV-M003005,N/A,"2-[1-[(2RS)-2-[(2,4-dichlorobenzyl)oxy]-2-(2,4-dichlorophenyl)ethyl]-1H-imidazol-3-io]-2-methylpropanoate",C22H20Cl4N2O3,502.2,,In Stock,Miconazole,API Impurity Standards,miconazole-ep-impurity-e,https://pharmavive.com/products/browse/miconazole/miconazole-ep-impurity-e,https://res.cloudinary.com/dlkh6unr5/image/upload/v1753453450/products/e7rzdcfd1po6h6dgw04l.png,2025-07-25 14:22:29,2025-07-25 14:24:11,6883932563998afe5341487e
578,Miconazole EP Impurity F,PV-M003006,47447-55-2,"1-[(2RS)-2-[(3,4-dichlorobenzyl)oxy]-2-(2,4-dichlorophenyl)ethyl]-1H-imidazole",C18H14Cl4N2O,416.1,,In Stock,Miconazole,API Impurity Standards,miconazole-ep-impurity-f,https://pharmavive.com/products/browse/miconazole/miconazole-ep-impurity-f,https://res.cloudinary.com/dlkh6unr5/image/upload/v1753453467/products/wqjseqjw7fxppyivjryt.png,2025-07-25 14:22:29,2025-07-25 14:24:28,6883932563998afe53414882
579,Miconazole EP Impurity G,PV-M003007,909277-71-0,"1-[(2RS)-2-[(2,5-dichlorobenzyl)oxy]-2-(2,4-dichlorophenyl)ethyl]-1H-imidazole",C18H14Cl4N2O,416.1,,In Stock,Miconazole,API Impurity Standards,miconazole-ep-impurity-g,https://pharmavive.com/products/browse/miconazole/miconazole-ep-impurity-g,https://res.cloudinary.com/dlkh6unr5/image/upload/v1753453482/products/mn18aljwumar0xcf2fsc.png,2025-07-25 14:22:30,2025-07-25 14:24:42,6883932663998afe53414886
580,Miconazole EP Impurity H,PV-M003008,181931-30-6,"1-[(2RS)-2-benzyloxy-2-(2,4-dichlorophenyl)ethyl]-1H-imidazole",C18H16Cl2N2O,347.2,,In Stock,Miconazole,API Impurity Standards,miconazole-ep-impurity-h,https://pharmavive.com/products/browse/miconazole/miconazole-ep-impurity-h,https://res.cloudinary.com/dlkh6unr5/image/upload/v1753453496/products/ygd50jhr1wgws8eqgio6.png,2025-07-25 14:22:31,2025-07-25 14:24:56,6883932763998afe5341488a
581,Miconazole EP Impurity I,PV-M003009,47363-37-1,"1-[(2RS)-2-[(2-chlorobenzyl)oxy]-2-(2,4-dichlorophenyl)ethyl]-1H-imidazole",C18H15Cl3N2O,381.7,,In Stock,Miconazole,API Impurity Standards,miconazole-ep-impurity-i,https://pharmavive.com/products/browse/miconazole/miconazole-ep-impurity-i,https://res.cloudinary.com/dlkh6unr5/image/upload/v1753453509/products/dpjvqc2k9bqgnuyjvbou.png,2025-07-25 14:22:31,2025-07-25 14:25:10,6883932763998afe5341488e
582,Midazolam,PV-M004000,59467-70-8,"8-chloro-6-(2-fluorophenyl)-1-methyl-4H-benzo[f]imidazo [1, 5-a] [1, 4] diazepine",C18H13ClFN3,325.8,,In Stock,Midazolam,API Impurity Standards,midazolam,https://pharmavive.com/products/browse/midazolam/midazolam,https://res.cloudinary.com/dlkh6unr5/image/upload/v1753453651/products/q8wfrztil5ntefdh6dct.png,2025-07-25 14:26:15,2025-07-25 14:27:32,6883940763998afe534148ec
583,Midazolam EP Impurity A,PV-M004001,59468-07-4,"(6RS)-8-chloro-6-(2-fluorophenyl)-1-methyl-5,6-dihydro-4H-imidazo[1,5-a][1,4]benzodiazepine (as per EP) ; 8-Chloro-6-(2-fluorophenyl)-5,6-dihydro-1-methyl-4H-imidazo[1,5-a][1,4]-benzodiazepine",C18H15ClFN3,327.8,,In Stock,Midazolam,API Impurity Standards,midazolam-ep-impurity-a,https://pharmavive.com/products/browse/midazolam/midazolam-ep-impurity-a,https://res.cloudinary.com/dlkh6unr5/image/upload/v1753453666/products/cmznobjirxzzvza6wxpz.png,2025-07-25 14:26:16,2025-07-25 14:27:46,6883940863998afe534148f2
584,Midazolam EP Impurity B,PV-M004002,59469-74-8,"(6RS)-8-chloro-6-(2-fluorophenyl)-1-methyl-6H-imidazo[1,5-a][1,4]benzodiazepine (as per EP)",C18H13ClFN3,325.8,,In Stock,Midazolam,API Impurity Standards,midazolam-ep-impurity-b,https://pharmavive.com/products/browse/midazolam/midazolam-ep-impurity-b,https://res.cloudinary.com/dlkh6unr5/image/upload/v1753453682/products/sit80b5nienje2q90xef.png,2025-07-25 14:26:17,2025-07-25 14:28:03,6883940963998afe534148f6
585,Midazolam EP Impurity C,PV-M004003,59468-44-9,"8-chloro-6-(2-fluorophenyl)-1-methyl-4H-imidazo[1,5-a][1,4]benzodiazepine-3-carboxylic acid(as per EP)",C19H13ClFN3O2,369.8,,In Stock,Midazolam,API Impurity Standards,midazolam-ep-impurity-c,https://pharmavive.com/products/browse/midazolam/midazolam-ep-impurity-c,https://res.cloudinary.com/dlkh6unr5/image/upload/v1753453697/products/rdojr3n3pan0xrwq0ywa.png,2025-07-25 14:26:17,2025-07-25 14:28:18,6883940963998afe534148fa
586,Midazolam EP Impurity D,PV-M004004,59468-83-6,"8-chloro-6-(2-fluorophenyl)-1-methyl-4H-imidazo[1,5-a][1,4]benzodiazepine 5-oxide (as per EP)",C18H13ClFN3O,341.8,,In Stock,Midazolam,API Impurity Standards,midazolam-ep-impurity-d,https://pharmavive.com/products/browse/midazolam/midazolam-ep-impurity-d,https://res.cloudinary.com/dlkh6unr5/image/upload/v1753453707/products/tpq4oygnv7awjtk08bg1.png,2025-07-25 14:26:18,2025-07-25 14:28:27,6883940a63998afe534148fe
587,Midazolam EP Impurity E,PV-M004005,59467-64-0,"[(2RS)-7-chloro-5-(2-fluorophenyl)-2,3-dihydro-1H-1,4-benzodiazepin-2-yl]methanamine (as per EP) ;  2-Aminomethyl-7-chloro-2,3-dihydro-5-(2-fluorophenyl)-1H-1,4-benzodiazepine",C16H15ClFN3,303.8,,In Stock,Midazolam,API Impurity Standards,midazolam-ep-impurity-e,https://pharmavive.com/products/browse/midazolam/midazolam-ep-impurity-e,https://res.cloudinary.com/dlkh6unr5/image/upload/v1753453719/products/dpshbxtdkulmoezkqn5y.png,2025-07-25 14:26:19,2025-07-25 14:28:39,6883940b63998afe53414902
588,Midazolam EP Impurity F,PV-M004006,2886-65-9,"7-chloro-5-(2-fluorophenyl)-1,3-dihydro-2H-1,4-benzodiazepin-2-one (1-des[(diethylamino)ethyl]flurazepam),(as per EP)",C15H10ClFN2O,288.7,,In Stock,Midazolam,API Impurity Standards,midazolam-ep-impurity-f,https://pharmavive.com/products/browse/midazolam/midazolam-ep-impurity-f,https://res.cloudinary.com/dlkh6unr5/image/upload/v1753453730/products/cqfotcqct5hjuvokdepl.png,2025-07-25 14:26:19,2025-07-25 14:28:51,6883940b63998afe53414906
589,Midazolam EP Impurity G,PV-M004007,59467-86-6,"8-Chloro-1-methyl-6-phenyl-4H-imidazo[1,5-a][1,4]benzodiazepine ; 8-Chloro-6-phenyl-1-methyl-4H-imidazo-[1,5-a][1,4]-benzodiazepine",C18H14ClN3,307.8,,In Stock,Midazolam,API Impurity Standards,midazolam-ep-impurity-g,https://pharmavive.com/products/browse/midazolam/midazolam-ep-impurity-g,https://res.cloudinary.com/dlkh6unr5/image/upload/v1753453744/products/dc2wu7j3mighdkhwsv5e.png,2025-07-25 14:26:20,2025-07-25 14:29:04,6883940c63998afe5341490a
590,Midazolam EP Impurity H,PV-M004008,119401-13-7,6-chloro-4-(2-fluorophenyl)-2-methylquinazoline (as per EP),C15H10ClFN2,272.7,,In Stock,Midazolam,API Impurity Standards,midazolam-ep-impurity-h,https://pharmavive.com/products/browse/midazolam/midazolam-ep-impurity-h,https://res.cloudinary.com/dlkh6unr5/image/upload/v1753453757/products/o1lmdtbmdrbota8rqlkj.png,2025-07-25 14:26:21,2025-07-25 14:29:17,6883940d63998afe5341490e
591,Midazolam EP Impurity I,PV-M004009,59467-69-5,"(3aRS)-8-chloro-6-(2-fluorophenyl)-1-methyl-3a,4-dihydro-3H-imidazo[1,5-a][1,4]benzodiazepine(as per EP) ; 8-Chloro-3a,4-dihydro-6-(2-fluorophenyl)-1-methyl-3H-imidazo[1,5-a][1,4]-benzodiazepine",C18H15ClFN3,327.8,,In Stock,Midazolam,API Impurity Standards,midazolam-ep-impurity-i,https://pharmavive.com/products/browse/midazolam/midazolam-ep-impurity-i,https://res.cloudinary.com/dlkh6unr5/image/upload/v1753453774/products/hrecqocphyzd2mvcfxvf.png,2025-07-25 14:26:21,2025-07-25 14:29:35,6883940d63998afe53414912
592,Midazolam EP Impurity J,PV-M004010,59469-08-8,"8-Chloro-6-(2-fluorophenyl)-1-methyl-3a,4,5,6-tetrahydro-3H-imidazo[1,5-a][1,4]benzodiazepine(as per EP) ; 8-Chloro-6-(2-fluorophenyl)-3a,4,5,6-tetrahydro-1-methyl-3H-imidazo[1,5-a][1,4]-benzodiazepine",C18H17ClFN3,329.8,,In Stock,Midazolam,API Impurity Standards,midazolam-ep-impurity-j,https://pharmavive.com/products/browse/midazolam/midazolam-ep-impurity-j,https://res.cloudinary.com/dlkh6unr5/image/upload/v1753453788/products/zqdczjr3t3sd1t1hko7f.png,2025-07-25 14:26:22,2025-07-25 14:29:49,6883940e63998afe53414916
593,Mixture of Propylene Glycol Ester Of Cetrizine Diastereomer,PV-C004021,N/A,1-Hydroxypropan-2-yl 2-(2-(4-((4-chlorophenyl)(phenyl)methyl)piperazin-1-yl)ethoxy)acetate compound with 2-hydroxypropyl 2-(2-(4-((4-chlorophenyl)(phenyl)methyl)piperazin-1-yl)ethoxy)acetate (1:1),C24H31ClN2O4,447.0,,In Stock,Cetirizine,API Impurity Standards,mixture-of-propylene-glycol-ester-of-cetrizine-diastereomer,https://pharmavive.com/products/browse/cetirizine/mixture-of-propylene-glycol-ester-of-cetrizine-diastereomer,https://res.cloudinary.com/dlkh6unr5/image/upload/v1751040928/products/wczzfzgkjmc6mxs2wtox.png,2025-06-27 15:46:59,2025-06-27 16:15:29,685ebcf33fbc37d9db1d79e9
594,MonoAcetyl Dapagliflozin,PV-D002011,1632287-34-3,"((2R,3S,4R,5R,6S)-6-(4-chloro-3-(4-ethoxybenzyl)phenyl)-3,4,5-trihydroxytetrahydro-2H-pyran-2-yl)methyl acetate",C23H27ClO7,450.9,,In Stock,Dapagliflozin,API Impurity Standards,monoacetyl-dapagliflozin,https://pharmavive.com/products/browse/dapagliflozin/monoacetyl-dapagliflozin,https://res.cloudinary.com/dlkh6unr5/image/upload/v1753364946/products/x5ppkm4jahpfa1pbpzgn.png,2025-07-24 13:42:55,2025-07-24 13:49:06,6882385f63998afe53413746
595,Mupirocin,PV-M005000,12650-69-0,"9-[[(2E)-4-[(2S,3R,4R,5S)-3,4-Dihydroxy-5-[[(2S,3S)-3-[(1S,2S)-2-hydroxy-1-methylpropyl]oxiranyl]methyl] tetrahydro-2H-pyran-2-yl]-3-methylbut-2-enoyl]oxy]nonanoic acid (as per EP); (E)-(2S,3R,4R,5S)-5-[(2S,3S,4S,5S)-2,3-Epoxy-5-hydroxy-4-methylhexyl]tetrahydro-3,4-dihydroxy-β-methyl-2H-pyran-2-crotonic acid, ester with 9-hydroxynonanoic acid (as per USP)",C26H44O9,500.6,,In Stock,Mupirocin,API Impurity Standards,mupirocin,https://pharmavive.com/products/browse/mupirocin/mupirocin,https://res.cloudinary.com/dlkh6unr5/image/upload/v1753453884/products/yxnkcv11bsbyd18kqug3.png,2025-07-25 14:30:23,2025-07-25 14:31:25,688394ff63998afe5341497b
596,Mupirocin Calcium EP Impurity G,PV-M005007,N/A,"9-[[(2E)-4-[(2S,3R,4R,5S)-5-(2-chloro-3,5-dihydroxy-4-methylhexyl)-3,4-dihydroxytetrahydro-2H-pyran-2 -yl]-3-methylbut-2-enoyl]oxy]nonanoic acid (as per EP)",C26H45ClO9,537.1,,In Stock,Mupirocin,API Impurity Standards,mupirocin-calcium-ep-impurity-g,https://pharmavive.com/products/browse/mupirocin/mupirocin-calcium-ep-impurity-g,https://res.cloudinary.com/dlkh6unr5/image/upload/v1753453983/products/ahujwyfv37xt1fptyva7.png,2025-07-25 14:30:28,2025-07-25 14:33:03,6883950463998afe53414997
597,Mupirocin Calcium EP Impurity H,PV-M005008,N/A,"9-[[(2E)-4-[(2S,3R,4R,5S)-5-(3-chloro-2,5-dihydroxy-4-methylhexyl)-3,4-dihydroxytetrahydro-2H-pyran-2 -yl]-3-methylbut-2-enoyl]oxy]nonanoic acid (as per EP)",C26H45ClO9,537.1,,In Stock,Mupirocin,API Impurity Standards,mupirocin-calcium-ep-impurity-h,https://pharmavive.com/products/browse/mupirocin/mupirocin-calcium-ep-impurity-h,https://res.cloudinary.com/dlkh6unr5/image/upload/v1753453996/products/uqg6pzahdk7o6au4o0nc.png,2025-07-25 14:30:28,2025-07-25 14:33:16,6883950463998afe5341499b
598,Mupirocin Calcium EP Impurity I,PV-M005009,N/A,"9-[[(2E)-4-[(2S,3R,4R,5S)-3,4-dihydroxy-5-[(3-hydroxy-4,5-dimethyltetrahydrofuran-2-yl)methyl] tetrahydro-2H-pyran-2-yl]-3-methylbut-2-enoyl]oxy]nonanoic acid (as per EP)",C26H44O9,500.6,,In Stock,Mupirocin,API Impurity Standards,mupirocin-calcium-ep-impurity-i,https://pharmavive.com/products/browse/mupirocin/mupirocin-calcium-ep-impurity-i,https://res.cloudinary.com/dlkh6unr5/image/upload/v1753454007/products/oegykzalmy4af2x9ci4d.png,2025-07-25 14:30:29,2025-07-25 14:33:28,6883950563998afe5341499f
599,Mupirocin EP Impurity A,PV-M005001,40980-51-6,"9-[[(2E)-4-[(2S,3R,4R,5R)-3,4,5-trihydroxy-5-[[(2S,3S)3-[(1S,2S)-2-hydroxy-1-methylpropyl]oxiranyl] methyl]tetrahydro-2H-pyran-2-yl]-3-methylbut-2-enoyl]oxy]nonanoic acid (as per EP); 9-{(E)-3-Methyl-4-[(2S,3R,4S,5R)-3,4,5-trihydroxy-5-({(2S,3S)-3-[(2S,3S)-3-hydroxybutan-2-yl]oxiran-2-yl}methyl)tetrahydro-2H-pyran-2-yl]but-2-enoyl oxy}nonanoic acid (as per USP)",C26H44O10,516.6,,In Stock,Mupirocin,API Impurity Standards,mupirocin-ep-impurity-a,https://pharmavive.com/products/browse/mupirocin/mupirocin-ep-impurity-a,https://res.cloudinary.com/dlkh6unr5/image/upload/v1753453904/products/v7hzxvlnqgzcip7vjeuf.png,2025-07-25 14:30:24,2025-07-25 14:31:45,6883950063998afe5341497f
600,Mupirocin EP Impurity B,PV-M005002,71980-98-8,"9-[[(2E)-4-[(2S,3R,4R,5S)-3,4-dihydroxy-5-[(2E,4R,5S)-5-hydroxy-4-methylhex-2-enyl]tetrahydro-2Hpyran-2-yl]-3-methylbut-2-enoyl]oxy]nonanoic acid (as per EP); 9-((E)-4-{(2S,3R,4R,5S)-3,4-Dihydroxy-5-[(4R,5S,E)-5-hydroxy-4-methylhex-2-enyl]tetrahydro-2H-pyran-2-yl}-3-methylbut-2-enoyloxy)nonanoic acid (as per USP)",C26H44O8,484.6,,In Stock,Mupirocin,API Impurity Standards,mupirocin-ep-impurity-b,https://pharmavive.com/products/browse/mupirocin/mupirocin-ep-impurity-b,https://res.cloudinary.com/dlkh6unr5/image/upload/v1753453917/products/pqypeixeaefevghldhur.png,2025-07-25 14:30:24,2025-07-25 14:31:57,6883950063998afe53414983
601,Mupirocin EP Impurity C,PV-M005003,85248-93-7,"(4E)-9-[[(2E)-4-[(2S,3R,4R,5S)-3,4-dihydroxy-5-[[(2S,3S)3-[(1S,2S)-2-hydroxy-1-methylpropyl]oxiranyl] methyl]tetrahydro-2H-pyran-2-yl]-3-methylbut-2-enoyl]oxy]non-4-enoic acid (as per EP); (E)-9-{(E)-4-[(2S,3R,4R,5S)-3,4-Dihydroxy-5-({(2S,3S)-3-[(2S,3S)-3-hydroxy butan-2-yl]oxiran-2-yl}methyl)tetrahydro-2H-pyran-2-yl]-3-methylbut-2-enoyloxy}non-4-enoic acid (as per USP)",C26H42O9,498.6,,In Stock,Mupirocin,API Impurity Standards,mupirocin-ep-impurity-c,https://pharmavive.com/products/browse/mupirocin/mupirocin-ep-impurity-c,https://res.cloudinary.com/dlkh6unr5/image/upload/v1753453929/products/ojbsreejapqpjbnvyyfe.png,2025-07-25 14:30:25,2025-07-25 14:32:09,6883950163998afe53414987
602,Mupirocin EP Impurity D,PV-M005004,71087-97-3,"9-[[(2E)-4-[(2R,3aS,6S,7S)-2-[(2S,3S)-1,3-dihydroxy-2-methylbutyl]-7-hydroxyhexahydro-4H-furo[3,2-c]pyran-6-yl]-3-methylbut-2-enoyl]oxy]nonanoic acid (as per EP) 9-{(E)-4-[(2R,3aS,6S,7S, 8aRS)-2-{(1RS,2S,3S)-1,3-Dihydroxy-2-methylbutyl}-7-hydroxyhexahydro-2H-furo[3,2-c]pyran-6-yl]-3-methylbut-2-enoyloxy}nonanoic acid (as per USP)",C26H44O9,500.6,,In Stock,Mupirocin,API Impurity Standards,mupirocin-ep-impurity-d,https://pharmavive.com/products/browse/mupirocin/mupirocin-ep-impurity-d,https://res.cloudinary.com/dlkh6unr5/image/upload/v1753453941/products/zl9diizk0pmdzxiggydu.png,2025-07-25 14:30:26,2025-07-25 14:32:21,6883950263998afe5341498b
603,Mupirocin EP Impurity E,PV-M005005,71087-96-2,"9-[[(2E)-4-[(2R,3RS,4aS,7S,8S,8aR)-3,8-dihydroxy-2-[(1S,2S)-2-hydroxy-1-methylpropyl]hexahydro2H,5H-pyrano[4,3-b]pyran-7-yl]-3-methylbut-2-enoyl]oxy]nonanoic acid (as per EP); 9-{(E)-4-[(2R,3RS,4aS,7S,8S,8aR)-3,8-Dihydroxy-2-{(2S,3S)-3-hydroxybutan-2-yl}octahydropyrano[3,2-c]pyran-7-yl]-3-methylbut-2-enoyloxy}nonanoic acid (as per USP)",C26H44O9,500.6,,In Stock,Mupirocin,API Impurity Standards,mupirocin-ep-impurity-e,https://pharmavive.com/products/browse/mupirocin/mupirocin-ep-impurity-e,https://res.cloudinary.com/dlkh6unr5/image/upload/v1753453955/products/yzrqys5yutk68rm5wbmp.png,2025-07-25 14:30:26,2025-07-25 14:32:35,6883950263998afe5341498f
604,Mupirocin EP Impurity F,PV-M005006,167842-64-0,"7-[[(2E)-4-[(2S,3R,4R,5S)-3,4-dihydroxy-5-[[(2S,3S)-3-[(1S,2S)-2-hydroxy-1-methylpropyl]oxiranyl] methyl]tetrahydro-2H-pyran-2-yl]-3-methylbut-2-enoyl]oxy]heptanoic acid (as per EP); 7-{(E)-4-[(2S,3R,4R,5S)-3,4-Dihydroxy-5-({(2S,3S)-3-[(2S,3S)-3-hydroxybutan-2-yl]oxiran-2-yl}methyl)tetrahydro-2H-pyran-2-yl]-3-methylbut-2-enoyl oxy}heptanoic acid (as per USP)",C24H40O9,472.6,,In Stock,Mupirocin,API Impurity Standards,mupirocin-ep-impurity-f,https://pharmavive.com/products/browse/mupirocin/mupirocin-ep-impurity-f,https://res.cloudinary.com/dlkh6unr5/image/upload/v1753453967/products/eyg2hyotdeki8qzndsgw.png,2025-07-25 14:30:27,2025-07-25 14:32:48,6883950363998afe53414993
605,Mycophenolate Mofetil,PV-M006000,128794-94-5,"2-(Morpholin-4-yl)ethyl (4E)-6-(4-hydroxy-6-methoxy-7-methyl-3-oxo-1,3- dihydroisobenzofuran-5-yl)-4-methylhex-4-enoate (as per EP); 2-Morpholinoethyl (E)-6-(4-hydroxy-6-methoxy-7-methyl-3-oxo-5-phthalanyl)-4-methyl-4-hexenoate (as per USP)",C23H31NO7,433.5,,In Stock,Mycophenolate Mofetil,API Impurity Standards,mycophenolate-mofetil,https://pharmavive.com/products/browse/mycophenolate-mofetil/mycophenolate-mofetil,https://res.cloudinary.com/dlkh6unr5/image/upload/v1753454090/products/g3wwftniw9gacnzvqfmx.png,2025-07-25 14:33:55,2025-07-25 14:34:50,688395d363998afe534149f9
606,Mycophenolate Mofetil EP Impurity A,PV-M006001,1322681-36-6,"2-(morpholin-4-yl)ethyl (4E)-6-(4,6-dihydroxy-7-methyl-3-oxo-1,3-dihydroisobenzofuran-5-yl)-4-methylhex-4-enoate (as per EP); 2-Morpholinoethyl (E)-6-(1,3-dihydro-4,6-dihydroxy-7-methyl-3-oxo-5-isobenzofuranyl)-4-methyl-4-hexenoate (as per USP)",C22H29NO7,419.5,,In Stock,Mycophenolate Mofetil,API Impurity Standards,mycophenolate-mofetil-ep-impurity-a,https://pharmavive.com/products/browse/mycophenolate-mofetil/mycophenolate-mofetil-ep-impurity-a,https://res.cloudinary.com/dlkh6unr5/image/upload/v1753454103/products/flcqxyxt8nymt33qequk.png,2025-07-25 14:33:55,2025-07-25 14:35:04,688395d363998afe534149fd
607,Mycophenolate Mofetil EP Impurity B,PV-M006002,1094322-91-4,"2-(morpholin-4-yl)ethyl (4E)-6-[(1RS)-4-hydroxy-6-methoxy-7-methyl-1-[2-(morpholin-4-yl)ethoxy]-3-oxo-1,3-dihydroisobenzofuran-5-yl]-4-methylhex-4-enoate (as per EP); 2-Morpholinoethyl (RS)-(E)-6-(1,3-dihydro-4-hydroxy-6-methoxy-7-methyl-1-(2-morpholinoethoxy)-3-oxo-5-isobenzofuranyl)-4-methyl-4-hexenoate (as per USP)",C29H42N2O9,562.7,,In Stock,Mycophenolate Mofetil,API Impurity Standards,mycophenolate-mofetil-ep-impurity-b,https://pharmavive.com/products/browse/mycophenolate-mofetil/mycophenolate-mofetil-ep-impurity-b,https://res.cloudinary.com/dlkh6unr5/image/upload/v1753454116/products/erk6agh4mhupa9menkkh.png,2025-07-25 14:33:56,2025-07-25 14:35:17,688395d463998afe53414a01
608,Mycophenolate Mofetil EP Impurity C,PV-M006003,2286278-51-9,"2-(Morpholin-4-yl)ethyl (4Z)-6-(4-hydroxy-6-methoxy-7-methyl-3-oxo-1,3-dihydroisobenzofuran-5-yl)-4-methylhex-4-enoate (as per EP)",C23H31NO7,433.5,,In Stock,Mycophenolate Mofetil,API Impurity Standards,mycophenolate-mofetil-ep-impurity-c,https://pharmavive.com/products/browse/mycophenolate-mofetil/mycophenolate-mofetil-ep-impurity-c,https://res.cloudinary.com/dlkh6unr5/image/upload/v1753454130/products/or9sqcyawqjjsuonvxlp.png,2025-07-25 14:33:57,2025-07-25 14:35:31,688395d563998afe53414a05
609,Mycophenolate Mofetil EP Impurity D,PV-M006004,1322681-37-7,"2-(Morpholin-4-yl)ethyl (4E)-6-(4,6-dimethoxy-7-methyl-3-oxo-1,3-dihydroisobenzofuran-5-yl)-4-methylhex-4-enoate (as per EP); 2-Morpholinoethyl (E)-6-(1,3-dihydro-4,6-dimethoxy-7-methyl-3-oxo-5-isobenzofuranyl)-4-methyl-4-hexenoate (as per USP)",C24H33NO7,447.5,,In Stock,Mycophenolate Mofetil,API Impurity Standards,mycophenolate-mofetil-ep-impurity-d,https://pharmavive.com/products/browse/mycophenolate-mofetil/mycophenolate-mofetil-ep-impurity-d,https://res.cloudinary.com/dlkh6unr5/image/upload/v1753454143/products/gfllburbdpnf1jafai8i.png,2025-07-25 14:33:57,2025-07-25 14:35:43,688395d563998afe53414a09
610,Mycophenolate Mofetil EP Impurity E,PV-M006005,31858-66-9,"methyl (4E)-6-(4-hydroxy-6-methoxy-7-methyl-3-oxo-1,3-dihydroisobenzofuran-5-yl)-4-methylhex-4-enoate (as per EP); Methyl (E)-6-(1,3-dihydro-4-hydroxy-6-methoxy-7-methyl-3-oxo-5-isobenzofuranyl)-4-methyl-4-hexenoate (as per USP)",C18H22O6,334.4,,In Stock,Mycophenolate Mofetil,API Impurity Standards,mycophenolate-mofetil-ep-impurity-e,https://pharmavive.com/products/browse/mycophenolate-mofetil/mycophenolate-mofetil-ep-impurity-e,https://res.cloudinary.com/dlkh6unr5/image/upload/v1753454155/products/vuwbbzunkaxzcvqqr76w.png,2025-07-25 14:33:58,2025-07-25 14:35:55,688395d663998afe53414a0d
611,Mycophenolate Mofetil EP Impurity F,PV-M006006,24280-93-1,"(4E)-6-(4-hydroxy-6-methoxy-7-methyl-3-oxo1,3-dihydroisobenzofuran-5-yl)-4-methylhex-4-enoic acid (as per EP); (E)-6-(1,3-Dihydro-4-hydroxy-6-methoxy-7-methyl-3-oxo-5-isobenzofuranyl)-4-methyl-4-hexenoic acid (as per USP)",C17H20O6,320.3,,In Stock,Mycophenolate Mofetil,API Impurity Standards,mycophenolate-mofetil-ep-impurity-f,https://pharmavive.com/products/browse/mycophenolate-mofetil/mycophenolate-mofetil-ep-impurity-f,https://res.cloudinary.com/dlkh6unr5/image/upload/v1753454168/products/cim5rh6qeznnlcqtle3r.png,2025-07-25 14:33:59,2025-07-25 14:36:08,688395d763998afe53414a11
612,Mycophenolate Mofetil EP Impurity G,PV-M006007,224052-51-1,"2-(Morpholin-4-yl)ethyl (4E)-6-(4-hydroxy-6-methoxy-7-methyl-3-oxo-1,3-dihydroisobenzofuran-5-yl)-4-methylhex-4-enoate N-oxide (as per EP) 2-Morpholinoethyl (E)-6-(1,3-dihydro-4-hydroxy-6-methoxy-7-methyl-3-oxo-5-isobenzofuranyl)-4-methyl-4-hexenoate N-oxide (as per USP)",C23H31NO8,449.5,,In Stock,Mycophenolate Mofetil,API Impurity Standards,mycophenolate-mofetil-ep-impurity-g,https://pharmavive.com/products/browse/mycophenolate-mofetil/mycophenolate-mofetil-ep-impurity-g,https://res.cloudinary.com/dlkh6unr5/image/upload/v1753454180/products/n6imuqlaevtp5yavhvmp.png,2025-07-25 14:33:59,2025-07-25 14:36:21,688395d763998afe53414a15
613,Mycophenolate Mofetil EP Impurity H,PV-M006008,26675-76-3,7-hydroxy-5-methoxy-4-methyl-6-[2-[(2RS)-2-methyl-5-oxotetrahydrofuran-2-yl]ethyl]isobenzofuran-1(3H)-one (as per EP); (RS)-7-Hydroxy-5-methoxy-4-methyl-6-[2-(5-methyl-2-oxo-tetrahydrofuran-5-yl)ethyl]-3H-isobenzofuran-1-one (as per USP),C17H20O6,320.3,,In Stock,Mycophenolate Mofetil,API Impurity Standards,mycophenolate-mofetil-ep-impurity-h,https://pharmavive.com/products/browse/mycophenolate-mofetil/mycophenolate-mofetil-ep-impurity-h,https://res.cloudinary.com/dlkh6unr5/image/upload/v1753454193/products/urnrnz6rme314k8crkv5.png,2025-07-25 14:34:00,2025-07-25 14:36:34,688395d863998afe53414a19
614,Mycophenolate Mofetil Ethyl Ester,PV-M006010,13312-25-9,"4-​Hexenoic acid, 6-​(1,​3-​dihydro-​4-​hydroxy-​6-​methoxy-​7-​methyl-​3-​oxo-​5-​isobenzofuranyl)​-​4-​methyl-​, ethyl ester;  4-Hexenoic acid, 6-(4-hydroxy-6-methoxy-7-methyl-3-oxo-5-phthalanyl)-4-methyl-, ethyl ester (8CI)",C19H24O6,348.4,,In Stock,Mycophenolate Mofetil,API Impurity Standards,mycophenolate-mofetil-ethyl-ester,https://pharmavive.com/products/browse/mycophenolate-mofetil/mycophenolate-mofetil-ethyl-ester,https://res.cloudinary.com/dlkh6unr5/image/upload/v1753454218/products/svzhk6kmkhncwo7cbjdv.png,2025-07-25 14:34:01,2025-07-25 14:36:58,688395d963998afe53414a21
615,Mycophenolate Sodium,PV-M006011,37415-62-6,"Sodium (E)-6-(4-hydroxy-6-methoxy-7-methyl-3-oxo-1,3-dihydroisobenzofuran-5-yl)-4-methylhex-4-enoate",C17H19O6 : Na,319.3 : 23.0,,In Stock,Mycophenolate Mofetil,API Impurity Standards,mycophenolate-sodium,https://pharmavive.com/products/browse/mycophenolate-mofetil/mycophenolate-sodium,https://res.cloudinary.com/dlkh6unr5/image/upload/v1753454230/products/jctgbgccgsg0dg6uhoyh.png,2025-07-25 14:34:02,2025-07-25 14:37:11,688395da63998afe53414a25
616,Mycophenolic Acid O-Methyl Methyl Ester,PV-M006009,60435-90-7,"Methyl (E)-6-(1,3-dihydro-4,6-dimethoxy-7-methyl-3-oxo-5-isobenzofuranyl)-4-methyl-4-hexenoate ;",C19H24O6,348.4,,In Stock,Mycophenolate Mofetil,API Impurity Standards,mycophenolic-acid-o-methyl-methyl-ester,https://pharmavive.com/products/browse/mycophenolate-mofetil/mycophenolic-acid-o-methyl-methyl-ester,https://res.cloudinary.com/dlkh6unr5/image/upload/v1753454205/products/llvpii8iaotjmbmvlgxz.png,2025-07-25 14:34:01,2025-07-25 14:36:45,688395d963998afe53414a1d
617,"N,N-Didesmethyl Ulipristal",PV-U002002,244206-52-8,"(11β)-11-(4-Aminophenyl)-17-hydroxy-19-norpregna-4,9-diene-3,20-dione",C26H31NO3,405.5,,In Stock,Ulipristal,API Impurity Standards,nn-didesmethyl-ulipristal,https://pharmavive.com/products/browse/ulipristal/nn-didesmethyl-ulipristal,https://res.cloudinary.com/dlkh6unr5/image/upload/v1753718206/products/xqxubdntzwszbtfrkhvn.png,2025-07-28 15:54:48,2025-07-28 15:56:47,68879d4863998afe53415eb2
618,N-Aminocarbonyl Felbamate,PV-F002003,1797130-34-7,"Carbamic acid, N-​(aminocarbonyl)​-​, 3-​[(aminocarbonyl)​oxy]​-​2-​phenylpropyl ester",C12H15N3O5,281.3,,In Stock,Felbamate,API Impurity Standards,n-aminocarbonyl-felbamate,https://pharmavive.com/products/browse/felbamate/n-aminocarbonyl-felbamate,https://res.cloudinary.com/dlkh6unr5/image/upload/v1753368859/products/vywkndb1qjf1fxoa6zug.png,2025-07-24 14:52:54,2025-07-24 14:54:19,688248c663998afe53413c4d
619,N-Boc-Sitagliptin,PV-S006014,486460-23-5,"tert-butyl (R)-(4-oxo-4-(3-(trifluoromethyl)-5,6-dihydro-[1,2,4]triazolo[4,3-a]pyrazin-7(8H)-yl)-1-(2,4,5-trifluorophenyl)butan-2-yl)carbamate",C21H23F6N5O3,507.4,,In Stock,Sitagliptin,API Impurity Standards,n-boc-sitagliptin,https://pharmavive.com/products/browse/sitagliptin/n-boc-sitagliptin,https://res.cloudinary.com/dlkh6unr5/image/upload/v1753714712/products/nahtkuho0pebxn8abqe9.png,2025-07-28 14:52:25,2025-07-28 14:58:33,68878ea963998afe534158d0
620,N-Desmethyl Ulipristal Acetate,PV-U002004,159681-66-0,"(8S,11R,13S,14S,17R)-17-Acetyl-13-methyl-11-(4-(methylamino)phenyl)-3-oxo-2,3,6,7,8,11,12,13,14,15,16,17-dodecahydro-1H-cyclopenta[a]phenanthren-17-yl Acetate",C29H35NO4,461.6,,In Stock,Ulipristal,API Impurity Standards,n-desmethyl-ulipristal-acetate,https://pharmavive.com/products/browse/ulipristal/n-desmethyl-ulipristal-acetate,https://res.cloudinary.com/dlkh6unr5/image/upload/v1753718229/products/z0huh8fdnkzuuq4iqe8w.png,2025-07-28 15:54:49,2025-07-28 15:57:09,68879d4963998afe53415eba
621,N-Formyl Pregabalin,PV-P006008,1488274-42-5,3-(Formamidomethyl)-5-methylhexanoic acid,C9H17NO3,187.2,,In Stock,Pregabalin,API Impurity Standards,n-formyl-pregabalin,https://pharmavive.com/products/browse/pregabalin/n-formyl-pregabalin,https://res.cloudinary.com/dlkh6unr5/image/upload/v1753458324/products/mkbuhtaues3so3ncfios.png,2025-07-25 15:41:41,2025-07-25 15:45:24,6883a5b563998afe53415112
622,N-Formyl Saxagliptin,PV-S002006,N/A,"N-((S)-2-((1S,3S,5S)-3-Cyano-2-azabicyclo[3.1.0]hexan-2-yl)-1-((1r,3R,5R,7S)-3-hydroxyadamantan-1-yl)-2-oxoethyl)formamide",C19H25N3O3,343.4,,In Stock,Saxagliptin,API Impurity Standards,n-formyl-saxagliptin,https://pharmavive.com/products/browse/saxagliptin/n-formyl-saxagliptin,https://res.cloudinary.com/dlkh6unr5/image/upload/v1753713178/products/onmcjzbvwakxmnlfmydf.png,2025-07-28 14:30:18,2025-07-28 14:32:58,6887897a63998afe53415655
623,N-Nitroso Ibrutinib Impurity 2,PV-I001002,NA,"(R)-1-(1-Nitrosopiperidin-3-yl)-3-(4-phenoxyphenyl)-1H-pyrazolo[3,4-d]pyrimidin-4-amine",C22H21N7O2,415.5,,In Stock,Ibrutinib,API Impurity Standards,n-nitroso-ibrutinib-impurity-2,https://pharmavive.com/products/browse/ibrutinib/n-nitroso-ibrutinib-impurity-2,https://res.cloudinary.com/dlkh6unr5/image/upload/v1753370623/products/pyl6cbeptx8p1uoyeldg.png,2025-07-24 15:22:23,2025-07-24 15:23:43,68824faf63998afe53413ff2
624,N-Nitroso-N-Desmethyl Doxycycline,PV-D005009,NA,"(4S,4aR,5S,5aR,6R,12aS)-3,5,10,12,12a-pentahydroxy-6-methyl-4-(methyl(nitroso)amino)-1,11-dioxo-1,4,4a,5,5a,6,11,12a-octahydrotetracene-2-carboxamide",C21H21N3O9,459.4,,In Stock,Doxycycline,API Impurity Standards,n-nitroso-n-desmethyl-doxycycline,https://pharmavive.com/products/browse/doxycycline/n-nitroso-n-desmethyl-doxycycline,https://res.cloudinary.com/dlkh6unr5/image/upload/v1753365683/products/nvy102bgdw6bucsrjkyc.png,2025-07-24 13:57:46,2025-07-24 14:01:24,68823bda63998afe534138e7
625,N-desmethylxanomeline,PV-X003001,131986-96-4,"3-[4-(Hexyloxy)-1,2,5-thiadiazol-3-yl]-1,2,5,6-tetrahydropyridine",C13H21N3OS,267.39,,In Stock,Xanomeline,API Impurity Standards,n-desmethylxanomeline,https://pharmavive.com/products/browse/xanomeline/n-desmethylxanomeline,https://res.cloudinary.com/dlkh6unr5/image/upload/v1753722442/products/olp6zsemwwb8rejcg3ph.png,2025-07-28 17:06:45,2025-07-28 17:07:22,6887ae2563998afe53416406
626,Nabumetone,PV-N001000,42924-53-8,4-(6-Methoxynaphthalen-2-yl)butan-2-one,C15H16O2,228.3,,In Stock,Nabumetone,API Impurity Standards,nabumetone,https://pharmavive.com/products/browse/nabumetone/nabumetone,https://res.cloudinary.com/dlkh6unr5/image/upload/v1753454334/products/zjixa8lof9p6xnc1tgpj.png,2025-07-25 14:37:59,2025-07-25 14:38:55,688396c763998afe53414a8d
627,Nabumetone EP Impurity A,PV-N001001,343272-52-6,3-(6-Methoxynaphthalen-2-yl)-5-methylcyclohexanone,C18H20O2,268.4,,In Stock,Nabumetone,API Impurity Standards,nabumetone-ep-impurity-a,https://pharmavive.com/products/browse/nabumetone/nabumetone-ep-impurity-a,https://res.cloudinary.com/dlkh6unr5/image/upload/v1753454345/products/bv2strigtn1szlc7cpka.png,2025-07-25 14:38:00,2025-07-25 14:39:05,688396c863998afe53414a91
628,Nabumetone EP Impurity B,PV-N001002,343272-51-5,(5RS)-5-(6-Methoxynaphthalen-2-yl)-3-methylcyclohex-2-enone,C18H18O2,266.3,,In Stock,Nabumetone,API Impurity Standards,nabumetone-ep-impurity-b,https://pharmavive.com/products/browse/nabumetone/nabumetone-ep-impurity-b,https://res.cloudinary.com/dlkh6unr5/image/upload/v1753454357/products/ezaiyjjkmshd4wxlcq5x.png,2025-07-25 14:38:01,2025-07-25 14:39:18,688396c963998afe53414a95
629,Nabumetone EP Impurity C,PV-N001003,65726-24-1,(2RS)-4-(6-Methoxynaphthalen-2-yl)butan-2-ol,C15H18O2,230.3,,In Stock,Nabumetone,API Impurity Standards,nabumetone-ep-impurity-c,https://pharmavive.com/products/browse/nabumetone/nabumetone-ep-impurity-c,https://res.cloudinary.com/dlkh6unr5/image/upload/v1753454367/products/bmccgyz2zwxv2m7zfnc3.png,2025-07-25 14:38:01,2025-07-25 14:39:28,688396c963998afe53414a99
630,Nabumetone EP Impurity D,PV-N001004,127053-22-9,(E)-4-(6-methoxynaphthalen-2-yl)but-3-en-2-one,C15H14O2,226.3,,In Stock,Nabumetone,API Impurity Standards,nabumetone-ep-impurity-d,https://pharmavive.com/products/browse/nabumetone/nabumetone-ep-impurity-d,https://res.cloudinary.com/dlkh6unr5/image/upload/v1753454380/products/d2qr3gdeiupvmiscfoaf.png,2025-07-25 14:38:02,2025-07-25 14:39:41,688396ca63998afe53414a9d
631,Nabumetone EP Impurity E,PV-N001005,343272-53-7,"1,5-Bis(6-methoxynaphthalen-2-yl)pentan-3-one",C27H26O3,398.5,,In Stock,Nabumetone,API Impurity Standards,nabumetone-ep-impurity-e,https://pharmavive.com/products/browse/nabumetone/nabumetone-ep-impurity-e,https://res.cloudinary.com/dlkh6unr5/image/upload/v1753454397/products/nf3te8v30txofz9mskiq.png,2025-07-25 14:38:03,2025-07-25 14:39:57,688396cb63998afe53414aa1
632,Nabumetone EP Impurity F,PV-N001006,29619-45-2,"6,6'-Dimethoxy-2,2'-binaphthalenyl",C22H18O2,314.4,,In Stock,Nabumetone,API Impurity Standards,nabumetone-ep-impurity-f,https://pharmavive.com/products/browse/nabumetone/nabumetone-ep-impurity-f,https://res.cloudinary.com/dlkh6unr5/image/upload/v1753454409/products/suzfgcfvqwwf1dtgensz.png,2025-07-25 14:38:03,2025-07-25 14:40:09,688396cb63998afe53414aa5
633,Nabumetone Impurity 2,PV-N001008,6297-10-5,Ethyl 6-methoxy-2-naphthoate,C14H14O3,230.3,,In Stock,Nabumetone,API Impurity Standards,nabumetone-impurity-2,https://pharmavive.com/products/browse/nabumetone/nabumetone-impurity-2,https://res.cloudinary.com/dlkh6unr5/image/upload/v1753454438/products/giprdihotvhlrznupnmr.png,2025-07-25 14:38:05,2025-07-25 14:40:39,688396cd63998afe53414aad
634,Nabumetone Impurity 3,PV-N001009,3900-45-6,1-(6-Methoxynaphthalen-2-yl)ethan-1-one,C13H12O2,200.2,,In Stock,Nabumetone,API Impurity Standards,nabumetone-impurity-3,https://pharmavive.com/products/browse/nabumetone/nabumetone-impurity-3,https://res.cloudinary.com/dlkh6unr5/image/upload/v1753454453/products/gshiharxoelbc9smj27m.png,2025-07-25 14:38:05,2025-07-25 14:40:54,688396cd63998afe53414ab1
635,Nalbuphine,PV-N003000,20594-83-6,"(4R,4aS,7S,7aR,12bS)-3-(cyclobutylmethyl)-1,2,3,4,5,6,7,7a-octahydro-4aH-4,12-methanobenzofuro[3,2-e]isoquinoline-4a,7,9-triol",C21H27NO4,357.5,,In Stock,Nalbuphine,API Impurity Standards,nalbuphine,https://pharmavive.com/products/browse/nalbuphine/nalbuphine,https://res.cloudinary.com/dlkh6unr5/image/upload/v1753454740/products/qf0jbejcqp7dmekzrtnf.png,2025-07-25 14:45:02,2025-07-25 14:45:40,6883986e63998afe53414b75
636,Nalbuphine N-oxide,PV-N003006,112242-13-4,"(4R,4aS,7S,7aR,12bS)-3-(Cyclobutylmethyl)-4a,7,9-trihydroxy-2,3,4,4a,5,6,7,7a-octahydro-1H-4,12-methanobenzofuro[3,2-e]isoquinoline 3-oxide",C21H27NO5,373.45,,In Stock,Nalbuphine,API Impurity Standards,nalbuphine-n-oxide,https://pharmavive.com/products/browse/nalbuphine/nalbuphine-n-oxide,https://res.cloudinary.com/dlkh6unr5/image/upload/v1753454813/products/nkxs7atdvw5sopo1w6d5.png,2025-07-25 14:45:06,2025-07-25 14:46:53,6883987263998afe53414b8d
637,Naloxone,PV-N002000,465-65-6,"(5α)-4,5-Epoxy-3,14-dihydroxy-17-(2-propen-1-yl)morphinan-6-one",C19H21NO4,327.37,,In Stock,Naloxone,API Impurity Standards,naloxone,https://pharmavive.com/products/browse/naloxone/naloxone,https://res.cloudinary.com/dlkh6unr5/image/upload/v1753454522/products/nhirv20tobqesctzubzw.png,2025-07-25 14:41:14,2025-07-25 14:42:02,6883978a63998afe53414b0d
638,Naloxone EP Impurity A,PV-N002001,33522-95-1,"4,5α-Epoxy-3,14-dihydroxymorphinan-6-one (as per EP)",C16H17NO4,287.3,,In Stock,Naloxone,API Impurity Standards,naloxone-ep-impurity-a,https://pharmavive.com/products/browse/naloxone/naloxone-ep-impurity-a,https://res.cloudinary.com/dlkh6unr5/image/upload/v1753454532/products/menqrm8taotrrt8uc0tp.png,2025-07-25 14:41:15,2025-07-25 14:42:13,6883978b63998afe53414b11
639,Naloxone EP Impurity B,PV-N002002,1352085-46-1,"4,5α-Epoxy-14-hydroxy-17-(prop-2-enyl)-3-(prop-2-enyloxy)morphinan-6-one (as per EP)",C22H25NO4,367.4,,In Stock,Naloxone,API Impurity Standards,naloxone-ep-impurity-b,https://pharmavive.com/products/browse/naloxone/naloxone-ep-impurity-b,https://res.cloudinary.com/dlkh6unr5/image/upload/v1753454552/products/emvbt83tb6wgh8vfzifm.png,2025-07-25 14:41:15,2025-07-25 14:42:33,6883978b63998afe53414b15
640,Naloxone EP Impurity C,PV-N002003,2139253-68-0,"(5a,10a)-4,5-epoxy-3,10,14-trihydroxy-17-(2-propen-1-yl)-Morphinan-6-one; (4R,4aS,7aR,12bS,13S)-3-allyl-4a,9,13-trihydroxy-2,3,4,4a,5,6-hexahydro-1H-4,12-methanobenzofuro[3,2-e]isoquinolin-7(7aH)-one",C19H21NO5,343.37,,In Stock,Naloxone,API Impurity Standards,naloxone-ep-impurity-c,https://pharmavive.com/products/browse/naloxone/naloxone-ep-impurity-c,https://res.cloudinary.com/dlkh6unr5/image/upload/v1753454566/products/lzs0vfw4ufladicas9uz.png,2025-07-25 14:41:16,2025-07-25 14:42:47,6883978c63998afe53414b19
641,Naloxone EP Impurity D,PV-N002004,26451-92-3,"7,8-didehydro-4,5α-epoxy-3,14-dihydroxy-17-(prop-2-enyl)morphinan-6-one (as per EP)",C19H19NO4,325.4,,In Stock,Naloxone,API Impurity Standards,naloxone-ep-impurity-d,https://pharmavive.com/products/browse/naloxone/naloxone-ep-impurity-d,https://res.cloudinary.com/dlkh6unr5/image/upload/v1753454578/products/ov4klxmd1tfonml9xudb.png,2025-07-25 14:41:17,2025-07-25 14:42:59,6883978d63998afe53414b1d
642,Naloxone EP Impurity E,PV-N002005,211738-08-8,"4,5α:4',5'α-diepoxy-3,3',14,14'-tetrahydroxy-17,17'-bis(prop-2-enyl)-2,2'-bimorphinanyl-6,6'-dione",C36H32N2O8,652.73,,In Stock,Naloxone,API Impurity Standards,naloxone-ep-impurity-e,https://pharmavive.com/products/browse/naloxone/naloxone-ep-impurity-e,https://res.cloudinary.com/dlkh6unr5/image/upload/v1753454592/products/nraue7tgx1sqpxycgxom.png,2025-07-25 14:41:17,2025-07-25 14:43:13,6883978d63998afe53414b21
643,Naloxone EP Impurity F,PV-N002006,2139253-69-1,"(5alpha,10beta)-4,5-epoxy-3,10,14-trihydroxy-17-(2-propen-1-yl)-Morphinan-6-one; (4R,4aS,7aR,12bS,13R)-3-allyl-4a,9,13-trihydroxy-2,3,4,4a,5,6-hexahydro-1H-4,12-methanobenzofuro[3,2-e]isoquinolin-7(7aH)-one",C19H21NO5,343.37,,In Stock,Naloxone,API Impurity Standards,naloxone-ep-impurity-f,https://pharmavive.com/products/browse/naloxone/naloxone-ep-impurity-f,https://res.cloudinary.com/dlkh6unr5/image/upload/v1753454613/products/byxvrhxzxxgovkafli3r.png,2025-07-25 14:41:18,2025-07-25 14:43:33,6883978e63998afe53414b25
644,Naloxone EP Impurity G,PV-N002007,70866-64-7,"4,5α-Epoxy-14-hydroxy-3-methoxy-17-(prop-2-enyl)morphinan-6-one (as per EP)",C20H23NO4,341.4,,In Stock,Naloxone,API Impurity Standards,naloxone-ep-impurity-g,https://pharmavive.com/products/browse/naloxone/naloxone-ep-impurity-g,https://res.cloudinary.com/dlkh6unr5/image/upload/v1753454634/products/wjlaw7vva11nwt9pft7w.png,2025-07-25 14:41:19,2025-07-25 14:43:54,6883978f63998afe53414b29
645,Naltrexone,PV-N004000,16590-41-3,"(4R,4aS,7aR,12bS)-3-(cyclopropylmethyl)-4a,9-dihydroxy-2,3,4,4a,5,6-hexahydro-1H-4,12-methanobenzofuro[3,2-e]isoquinolin-7(7aH)-one; Naltrel; Naltrexone; Nemexin; Trexonil; UM 792; Vivitrex; Vivitrol; 17-(cyclopropylmethyl)-4,5α-epoxy-3,14-dihydroxymorphinan-6-one; (-)-Naltrexone; 1-N-Cyclopropylmethyl-7,8-dihydro-14-hydroxynormorphinone; Depotrex; EN 1639; N-Cyclopropylmethylnoroxymorphone; Naltrexone (USP);",C20H23NO4,341.4,,In Stock,Naltrexone,API Impurity Standards,naltrexone,https://pharmavive.com/products/browse/naltrexone/naltrexone,https://res.cloudinary.com/dlkh6unr5/image/upload/v1753454879/products/ke0ulosomrmvbqpoa9fd.png,2025-07-25 14:47:03,2025-07-25 14:47:59,688398e763998afe53414bd2
646,Naltrexone EP Impurity A,PV-N004001,1007856-83-8,"17-Formyl-4,5α-epoxy-3,14-dihydroxymorphinan-6-one (as per EP)",C17H17NO5,315.3,,In Stock,Naltrexone,API Impurity Standards,naltrexone-ep-impurity-a,https://pharmavive.com/products/browse/naltrexone/naltrexone-ep-impurity-a,https://res.cloudinary.com/dlkh6unr5/image/upload/v1753454891/products/qwzc8bknoxjwauxxmczw.png,2025-07-25 14:47:04,2025-07-25 14:48:11,688398e863998afe53414bd6
647,Naltrexone EP Impurity B,PV-N004002,33522-95-1,"4,5α-Epoxy-3,14-dihydroxymorphinan-6-one (as per EP)",C16H17NO4,287.3,,In Stock,Naltrexone,API Impurity Standards,naltrexone-ep-impurity-b,https://pharmavive.com/products/browse/naltrexone/naltrexone-ep-impurity-b,https://res.cloudinary.com/dlkh6unr5/image/upload/v1753454904/products/qgyvttpgwyc1t7pvrln9.png,2025-07-25 14:47:04,2025-07-25 14:48:24,688398e863998afe53414bda
648,Naltrexone EP Impurity C,PV-N004003,189016-90-8,"17-But-3-enyl-4,5α-epoxy-3,14-dihydroxymorphinan-6-one (as per EP)",C20H23NO4,341.4,,In Stock,Naltrexone,API Impurity Standards,naltrexone-ep-impurity-c,https://pharmavive.com/products/browse/naltrexone/naltrexone-ep-impurity-c,https://res.cloudinary.com/dlkh6unr5/image/upload/v1753454918/products/hs9bp6sgzxeg7hkjys0g.png,2025-07-25 14:47:05,2025-07-25 14:48:41,688398e963998afe53414bde
649,Naltrexone EP Impurity D,PV-N004004,607732-61-6,"17,17′-Bis(cyclopropylmethyl)-4,5α:4′,5′α-diepoxy3,3′,14,14′-tetrahydroxy-2,2′-bimorphinanyl-6,6′-dione (as per EP)",C40H44N2O8,680.8,,In Stock,Naltrexone,API Impurity Standards,naltrexone-ep-impurity-d,https://pharmavive.com/products/browse/naltrexone/naltrexone-ep-impurity-d,https://res.cloudinary.com/dlkh6unr5/image/upload/v1753454935/products/mtpgrgaesjr5pfpesmfz.png,2025-07-25 14:47:06,2025-07-25 14:48:55,688398ea63998afe53414be2
650,Naltrexone EP Impurity E,PV-N004005,767615-69-0,"3-(Cyclopropylmethoxy)-17-(cyclopropylmethyl)-4,5α-epoxy-14-hydroxymorphinan-6-one (as per EP)",C24H29NO4,395.5,,In Stock,Naltrexone,API Impurity Standards,naltrexone-ep-impurity-e,https://pharmavive.com/products/browse/naltrexone/naltrexone-ep-impurity-e,https://res.cloudinary.com/dlkh6unr5/image/upload/v1753454949/products/whvkn9itoebtdyiaecvj.png,2025-07-25 14:47:06,2025-07-25 14:49:10,688398ea63998afe53414be6
651,Naltrexone EP Impurity F,PV-N004006,2397651-97-5,"17-(Cyclopropylmethyl)-4,5α-epoxy-3,10α,14-trihydroxymorphinan-6-one (as per EP)",C20H23NO5,357.4,,In Stock,Naltrexone,API Impurity Standards,naltrexone-ep-impurity-f,https://pharmavive.com/products/browse/naltrexone/naltrexone-ep-impurity-f,https://res.cloudinary.com/dlkh6unr5/image/upload/v1753454962/products/nskfbsye8t6wmhorbdrl.png,2025-07-25 14:47:07,2025-07-25 14:49:22,688398eb63998afe53414bea
652,Naltrexone EP Impurity G,PV-N004007,NA,"17-( Cyclopropylmethyl)-4,5α-epoxy-3,10β,14-trihydroxymorphinan-6-one (as per EP)",C20H23NO5,357.4,,In Stock,Naltrexone,API Impurity Standards,naltrexone-ep-impurity-g,https://pharmavive.com/products/browse/naltrexone/naltrexone-ep-impurity-g,https://res.cloudinary.com/dlkh6unr5/image/upload/v1753454976/products/uvz1h1inktlprz69ccuq.png,2025-07-25 14:47:08,2025-07-25 14:49:37,688398ec63998afe53414bee
653,Naltrexone EP Impurity H,PV-N004008,503090-99-1,"17-Butyl-4,5α-epoxy-3,14-dihydroxymorphinan-6-one (as per EP)",C20H25NO4,343.4,,In Stock,Naltrexone,API Impurity Standards,naltrexone-ep-impurity-h,https://pharmavive.com/products/browse/naltrexone/naltrexone-ep-impurity-h,https://res.cloudinary.com/dlkh6unr5/image/upload/v1753454991/products/kyaihwztxu4krldi2jyo.png,2025-07-25 14:47:08,2025-07-25 14:49:52,688398ec63998afe53414bf2
654,Naltrexone EP Impurity I,PV-N004009,96445-14-6,"17-(Cyclopropylmethyl)-4,5α-epoxy-3,14-dihydroxymorphinan-6,10-dione (as per EP)",C20H21NO5,355.4,,In Stock,Naltrexone,API Impurity Standards,naltrexone-ep-impurity-i,https://pharmavive.com/products/browse/naltrexone/naltrexone-ep-impurity-i,https://res.cloudinary.com/dlkh6unr5/image/upload/v1753455004/products/nnjdijzzboxzezhrbpvp.png,2025-07-25 14:47:09,2025-07-25 14:50:04,688398ed63998afe53414bf6
655,Naltrexone EP Impurity J,PV-N004010,16617-07-5,"17-(Cyclopropylmethyl)-4,5α-epoxy-14-hydroxy-3-methoxymorphinan-6-one (as per EP)",C21H25NO4,355.4,,In Stock,Naltrexone,API Impurity Standards,naltrexone-ep-impurity-j,https://pharmavive.com/products/browse/naltrexone/naltrexone-ep-impurity-j,https://res.cloudinary.com/dlkh6unr5/image/upload/v1753455020/products/l1qv5q62n4knkrgbphpd.png,2025-07-25 14:47:10,2025-07-25 14:50:20,688398ee63998afe53414bfa
656,Nizatidine,PV-N005000,76963-41-2,"(E)-N-(2-(((2-((dimethylamino)methyl)thiazol-4-yl)methyl)thio)ethyl)-N'-methyl-2-nitroethene-1,1-diamine",C12H21N5O2S2,331.5,,In Stock,Nizatidine,API Impurity Standards,nizatidine,https://pharmavive.com/products/browse/nizatidine/nizatidine,https://res.cloudinary.com/dlkh6unr5/image/upload/v1753455097/products/iauwckc4z2kll8ufaqxe.png,2025-07-25 14:51:00,2025-07-25 14:51:37,688399d463998afe53414c5b
657,Nizatidine EP Impurity A,PV-N005001,54252-45-8,"N,N'-dimethyl-2-nitroethene-1,1-diamine",C4H9N3O2,131.13,,In Stock,Nizatidine,API Impurity Standards,nizatidine-ep-impurity-a,https://pharmavive.com/products/browse/nizatidine/nizatidine-ep-impurity-a,https://res.cloudinary.com/dlkh6unr5/image/upload/v1753455109/products/jgnt6imhku9dlv9ppoiy.png,2025-07-25 14:51:00,2025-07-25 14:51:50,688399d463998afe53414c5f
658,Nizatidine EP Impurity B,PV-N005002,61832-41-5,(EZ)-N-methyl-1-(methylsulfanyl)-2-nitroethen-1-amine (as per EP),C4H8N2O2S,148.18,,In Stock,Nizatidine,API Impurity Standards,nizatidine-ep-impurity-b,https://pharmavive.com/products/browse/nizatidine/nizatidine-ep-impurity-b,https://res.cloudinary.com/dlkh6unr5/image/upload/v1753455122/products/bnuwrrbve8y68h3sztuc.png,2025-07-25 14:51:01,2025-07-25 14:52:03,688399d563998afe53414c63
659,Nizatidine EP Impurity C,PV-N005003,102273-13-2,"(EZ)-N-[2-[[[2-[(dimethylamino)methyl]thiazol-4-yl]methyl]sulfinyl]ethyl]-N′-methyl-2-nitroethene-1,1-diamine (as per EP)",C12H21N5O3S2,347.45,,In Stock,Nizatidine,API Impurity Standards,nizatidine-ep-impurity-c,https://pharmavive.com/products/browse/nizatidine/nizatidine-ep-impurity-c,https://res.cloudinary.com/dlkh6unr5/image/upload/v1753455135/products/kmetsvoccrgzg4kpj4sn.png,2025-07-25 14:51:02,2025-07-25 14:52:16,688399d663998afe53414c67
660,Nizatidine EP Impurity D,PV-N005004,78441-62-0,2-(((2-((dimethylamino)methyl)thiazol-4-yl)methyl)thio)ethan-1-amine,C9H17N3S2,231.38,,In Stock,Nizatidine,API Impurity Standards,nizatidine-ep-impurity-d,https://pharmavive.com/products/browse/nizatidine/nizatidine-ep-impurity-d,https://res.cloudinary.com/dlkh6unr5/image/upload/v1753455153/products/tzzvbjgznzhopvl2rgr2.png,2025-07-25 14:51:02,2025-07-25 14:52:34,688399d663998afe53414c6b
661,Nizatidine EP Impurity E,PV-N005005,188666-11-7,N-(2-(((2-((dimethylamino)methyl)thiazol-4-yl)methyl)thio)ethyl)-2-nitroacetamide,C11H18N4O3S2,318.41,,In Stock,Nizatidine,API Impurity Standards,nizatidine-ep-impurity-e,https://pharmavive.com/products/browse/nizatidine/nizatidine-ep-impurity-e,https://res.cloudinary.com/dlkh6unr5/image/upload/v1753455172/products/uajtrof8xcld49jynxan.png,2025-07-25 14:51:03,2025-07-25 14:52:52,688399d763998afe53414c6f
662,Nizatidine EP Impurity F,PV-N005006,1193434-62-6,"N,N-(((thiazole-2,4-diylbis(methylene))bis(sulfanediyl))bis(ethane-2,1-diyl))bis(N-methyl-2-nitroethene-1,1-diamine)",C15H25N7O4S3,463.59,,In Stock,Nizatidine,API Impurity Standards,nizatidine-ep-impurity-f,https://pharmavive.com/products/browse/nizatidine/nizatidine-ep-impurity-f,https://res.cloudinary.com/dlkh6unr5/image/upload/v1753455187/products/fotvxu7trp3uivlwyynq.png,2025-07-25 14:51:04,2025-07-25 14:53:08,688399d863998afe53414c73
663,Nizatidine EP Impurity G,PV-N005007,1193434-63-7,"N,N'-bis(2-(((2-((dimethylamino)methyl)thiazol-4-yl)methyl)thio)ethyl)-2-nitroethene-1,1-diamine",C20H33N7O2S4,531.77,,In Stock,Nizatidine,API Impurity Standards,nizatidine-ep-impurity-g,https://pharmavive.com/products/browse/nizatidine/nizatidine-ep-impurity-g,https://res.cloudinary.com/dlkh6unr5/image/upload/v1753455202/products/xe34bycsddlgvq2ir7ie.png,2025-07-25 14:51:04,2025-07-25 14:53:22,688399d863998afe53414c77
664,Nizatidine EP Impurity H,PV-N005008,27507-28-4,2-(dimethylamino)ethanethioamide,C4H10N2S,118.2,,In Stock,Nizatidine,API Impurity Standards,nizatidine-ep-impurity-h,https://pharmavive.com/products/browse/nizatidine/nizatidine-ep-impurity-h,https://res.cloudinary.com/dlkh6unr5/image/upload/v1753455217/products/iwjigwtcxmg6azxx7cvp.png,2025-07-25 14:51:05,2025-07-25 14:53:37,688399d963998afe53414c7b
665,Nizatidine EP Impurity I,PV-N005009,82586-81-0,1-(2-(((2-((dimethylamino)methyl)thiazol-4-yl)methyl)thio)ethyl)-3-methylurea,C11H20N4OS2,288.43,,In Stock,Nizatidine,API Impurity Standards,nizatidine-ep-impurity-i,https://pharmavive.com/products/browse/nizatidine/nizatidine-ep-impurity-i,https://res.cloudinary.com/dlkh6unr5/image/upload/v1753455235/products/l3mo87sbu86jzvvh0hgh.png,2025-07-25 14:51:06,2025-07-25 14:53:56,688399da63998afe53414c7f
666,Nizatidine EP Impurity J,PV-N005010,78441-69-7,[2-[(dimethylamino)methyl]thiazol-4-yl]methanol,C7H12N2OS,172.2,,In Stock,Nizatidine,API Impurity Standards,nizatidine-ep-impurity-j,https://pharmavive.com/products/browse/nizatidine/nizatidine-ep-impurity-j,https://res.cloudinary.com/dlkh6unr5/image/upload/v1753455248/products/btocprh1rbix0qvrzonc.png,2025-07-25 14:51:06,2025-07-25 14:54:09,688399da63998afe53414c83
667,Nizatidine EP Impurity K,PV-N005011,112233-23-5,"(E)-3-(methylamino)-5,6-dihydro-2H-1,4-thiazin-2-one oxime",C5H9N3OS,159.21,,In Stock,Nizatidine,API Impurity Standards,nizatidine-ep-impurity-k,https://pharmavive.com/products/browse/nizatidine/nizatidine-ep-impurity-k,https://res.cloudinary.com/dlkh6unr5/image/upload/v1753455266/products/dwswk2otoyss0cf1ueol.png,2025-07-25 14:51:07,2025-07-25 14:54:26,688399db63998afe53414c87
668,Nα-Boc-L-Ornithine,PV-S002013,21887-64-9,"N2-[(1,1-dimethylethoxy)carbonyl]-L-Ornithine; L-N2-Carboxyornithine N2-tert-Butyl Ester; N2-tert-Butoxycarbonyl-L-ornithine; Nα-tert-Butoxycarbonyl-L-ornithine; α-N-tert-Butoxycarbonyl-L-ornithine; (S)-5-amino-2-((tert-butoxycarbonyl)amino)pentanoic acid",C10H20N2O4,232.3,,In Stock,Saxagliptin,API Impurity Standards,na-boc-l-ornithine,https://pharmavive.com/products/browse/saxagliptin/na-boc-l-ornithine,https://res.cloudinary.com/dlkh6unr5/image/upload/v1753713272/products/s0ux49fw4ffrpgyu3hl8.png,2025-07-28 14:30:23,2025-07-28 14:34:33,6887897f63998afe53415671
669,O-Desethyl Dapagliflozin,PV-D002015,864070-37-1,"(2S,3R,4R,5S,6R)-2-(4-Chloro-3-(4-hydroxybenzyl)phenyl)-6-(hydroxymethyl)tetrahydro-2H-pyran-3,4,5-triol ; (1S)-1,5-Anhydro-1-C-[4-chloro-3-[(4-hydroxyphenyl)methyl]phenyl]-D-glucitol",C19H21ClO6,380.8,,In Stock,Dapagliflozin,API Impurity Standards,o-desethyl-dapagliflozin,https://pharmavive.com/products/browse/dapagliflozin/o-desethyl-dapagliflozin,https://res.cloudinary.com/dlkh6unr5/image/upload/v1753365004/products/gbxduorzlisefx7lomen.png,2025-07-24 13:42:58,2025-07-24 13:50:04,6882386263998afe53413756
670,O-Desmethyl Urapidil,PV-U003001,91453-03-1,"6-[[3-[4-(2-Hydroxyphenyl)-1-piperazinyl]propyl]amino]-1,3-dimethyl-2,4(1H,3H)-pyrimidinedione",C19H27N5O3,373.5,,In Stock,Urapidil,API Impurity Standards,o-desmethyl-urapidil,https://pharmavive.com/products/browse/urapidil/o-desmethyl-urapidil,https://res.cloudinary.com/dlkh6unr5/image/upload/v1753718309/products/kovzeqi7w56z5fibvgza.png,2025-07-28 15:57:47,2025-07-28 15:58:29,68879dfb63998afe53415ef5
671,O-Desulfo Micafungin,PV-M002009,539823-80-8,"N-((2R,6S,9S,11R,12R,14aS,15S,16S,20S,23S,25aS)-20-((R)-3-amino-1-hydroxy-3-oxopropyl)-23-((1S,2S)-2-(3,4-dihydroxyphenyl)-1,2-dihydroxyethyl)-2,11,12,15-tetrahydroxy-6-((R)-1-hydroxyethyl)-16-methyl-5,8,14,19,22,25-hexaoxotetracosahydro-1H-dipyrrolo[2,1-c:2',1'-l][1,4,7,10,13,16]hexaazacyclohenicosin-9-yl)-4-(5-(4-(pentyloxy)phenyl)isoxazol-3-yl)benzamide",C56H71N9O20,1190.2,,In Stock,Micafungin,API Impurity Standards,o-desulfo-micafungin,https://pharmavive.com/products/browse/micafungin/o-desulfo-micafungin,https://res.cloudinary.com/dlkh6unr5/image/upload/v1753453127/products/q5rgldpgumfn4tuk66x5.png,2025-07-25 14:14:59,2025-07-25 14:18:47,6883916363998afe5341479e
672,Ofloxacin,PV-O001000,82419-36-1,"(RS)-9-Fluoro-2,3-dihydro-3-methyl-10-(4-methyl-1-piperazinyl)-7-oxo-7H-pyrido[1,2,3-de]-1,4-benzoxazine-6-carboxylic acid ;",C18H20FN304,361.4,,In Stock,Ofloxacin,API Impurity Standards,ofloxacin,https://pharmavive.com/products/browse/ofloxacin/ofloxacin,https://res.cloudinary.com/dlkh6unr5/image/upload/v1753455336/products/fyh2qzltdwjg7x6oemvx.png,2025-07-25 14:54:52,2025-07-25 14:55:38,68839abc63998afe53414cef
673,Ofloxacin EP Impurity A,PV-O001001,82419-35-0,"(RS)-9,10-Difluro-3-methyl-7-oxo-2,3-dihydro-7H-pyrido[1,2,3-de][1,4]benzoxazine-6-carboxylic acid (FPA) ;",C13H9F2NO4,281.2,,In Stock,Ofloxacin,API Impurity Standards,ofloxacin-ep-impurity-a,https://pharmavive.com/products/browse/ofloxacin/ofloxacin-ep-impurity-a,https://res.cloudinary.com/dlkh6unr5/image/upload/v1753455351/products/yl3dtpgzl6ywpqmzju6y.png,2025-07-25 14:54:52,2025-07-25 14:55:52,68839abc63998afe53414cf3
674,Ofloxacin EP Impurity B,PV-O001002,123155-82-8,"(RS)-9-Fluoro-2,3-dihydro-3-methyl-10-(4-methyl-1-piperazinyl)-7-oxo-7H-pyrido[1,2,3-de]-1,4-benzoxazine ;",C17H20FN3O2,317.4,,In Stock,Ofloxacin,API Impurity Standards,ofloxacin-ep-impurity-b,https://pharmavive.com/products/browse/ofloxacin/ofloxacin-ep-impurity-b,https://res.cloudinary.com/dlkh6unr5/image/upload/v1753455363/products/ez3tiyk6us4oyafkdxlu.png,2025-07-25 14:54:53,2025-07-25 14:56:04,68839abd63998afe53414cf7
675,Ofloxacin EP Impurity C,PV-O001003,95848-94-5,"(RS)-2,3-Dihydro-3-methyl-10-(4-methyl-1-piperazinyl)-7-oxo-7H-pyrido[1,2,3-de]-1,4-benzoxazine-6-carboxylic acid ;",C18H21N3O4,343.4,,In Stock,Ofloxacin,API Impurity Standards,ofloxacin-ep-impurity-c,https://pharmavive.com/products/browse/ofloxacin/ofloxacin-ep-impurity-c,https://res.cloudinary.com/dlkh6unr5/image/upload/v1753455376/products/qyvbhenqovoitehuqscz.png,2025-07-25 14:54:54,2025-07-25 14:56:16,68839abe63998afe53414cfb
676,Ofloxacin EP Impurity D,PV-O001004,197291-75-1,"(RS)-10-Fluoro-2,3-dihydro-3-methyl-9-(4-methyl-1-piperazinyl)-7-oxo-7H-pyrido[1,2,3-de]-1,4-benzoxazine-6-carboxylic acid ;",C18H20FN3O4,361.4,,In Stock,Ofloxacin,API Impurity Standards,ofloxacin-ep-impurity-d,https://pharmavive.com/products/browse/ofloxacin/ofloxacin-ep-impurity-d,https://res.cloudinary.com/dlkh6unr5/image/upload/v1753455390/products/xfphb3qxgqnbpqccvnpu.png,2025-07-25 14:54:54,2025-07-25 14:56:31,68839abe63998afe53414cff
677,Ofloxacin EP Impurity E,PV-O001005,82419-52-1,"(RS)-9-Fluoro-2,3-dihydro-3-methyl-10-(1-piperazinyl)-7-oxo-7H-pyrido[1,2,3-de]-1,4-benzoxazine-6-carboxylic acid ;",C17H18FN3O4,347.3,,In Stock,Ofloxacin,API Impurity Standards,ofloxacin-ep-impurity-e,https://pharmavive.com/products/browse/ofloxacin/ofloxacin-ep-impurity-e,https://res.cloudinary.com/dlkh6unr5/image/upload/v1753455404/products/piv6o3u4huvy6muxxfbs.png,2025-07-25 14:54:55,2025-07-25 14:56:45,68839abf63998afe53414d03
678,Ofloxacin EP Impurity F,PV-O001006,104721-52-0,"(RS)-9-Fluoro-2,3-dihydro-3-methyl-10-(4-methyl-1-piperazinyl)-7-oxo-7H-pyrido[1,2,3-de]-1,4-benzoxazine-6-carboxylic acid N-oxide ;",C18H20FN3O5,377.4,,In Stock,Ofloxacin,API Impurity Standards,ofloxacin-ep-impurity-f,https://pharmavive.com/products/browse/ofloxacin/ofloxacin-ep-impurity-f,https://res.cloudinary.com/dlkh6unr5/image/upload/v1753455417/products/x2xqtg9ctmusfurhdlxx.png,2025-07-25 14:54:56,2025-07-25 14:56:58,68839ac063998afe53414d07
679,Omeprazole,PV-O003000,73590-58-6,"5-Methoxy-2-(((4-methoxy-3,5-dimethylpyridin-2-yl)methyl)sulfinyl)-1H-benzo[d]imidazole",C17H19N3O3S,345.4,,In Stock,Omeprazole,API Impurity Standards,omeprazole,https://pharmavive.com/products/browse/omeprazole/omeprazole,https://res.cloudinary.com/dlkh6unr5/image/upload/v1753455665/products/ezxc0pqqaudwroyqenom.png,2025-07-25 15:00:11,2025-07-25 15:01:06,68839bfb63998afe53414dc3
680,Omeprazole EP Impurity A,PV-O003001,37052-78-1,5-Methoxy-1H-benzimidazole-2-thiol,C8H8N2OS,180.2,,In Stock,Omeprazole,API Impurity Standards,omeprazole-ep-impurity-a,https://pharmavive.com/products/browse/omeprazole/omeprazole-ep-impurity-a,https://res.cloudinary.com/dlkh6unr5/image/upload/v1753455676/products/hgdo7lj8gbspdxhrshuk.png,2025-07-25 15:00:12,2025-07-25 15:01:16,68839bfc63998afe53414dc7
681,Omeprazole EP Impurity B,PV-O003002,110374-16-8,"2-[(RS)-[(3,5-dimethylpyridin-2-yl)methyl]sulphinyl]-5-methoxy-1H-benzimidazole (as per EP)",C16H17N3O2S,315.4,,In Stock,Omeprazole,API Impurity Standards,omeprazole-ep-impurity-b,https://pharmavive.com/products/browse/omeprazole/omeprazole-ep-impurity-b,https://res.cloudinary.com/dlkh6unr5/image/upload/v1753455687/products/exuqmtpxzrp4eufdlmy9.png,2025-07-25 15:00:13,2025-07-25 15:01:28,68839bfd63998afe53414dcb
682,Omeprazole EP Impurity C,PV-O003003,73590-85-9,"5-Methoxy-2-[[(4-methoxy-3,5-dimethylpyridin-2-yl)methyl]sulphanyl]-1H-benzimidazole",C17H19N3O2S,329.4,,In Stock,Omeprazole,API Impurity Standards,omeprazole-ep-impurity-c,https://pharmavive.com/products/browse/omeprazole/omeprazole-ep-impurity-c,https://res.cloudinary.com/dlkh6unr5/image/upload/v1753455700/products/x4tzxjrkfqygvrfidsmy.png,2025-07-25 15:00:13,2025-07-25 15:01:41,68839bfd63998afe53414dcf
683,Omeprazole EP Impurity D,PV-O003004,88546-55-8,"5-Methoxy-2-[[(4-methoxy-3,5-dimethylpyridin-2-yl)methyl]sulphonyl]-1H-benzimidazole",C17H19N3O4S,361.4,,In Stock,Omeprazole,API Impurity Standards,omeprazole-ep-impurity-d,https://pharmavive.com/products/browse/omeprazole/omeprazole-ep-impurity-d,https://res.cloudinary.com/dlkh6unr5/image/upload/v1753455713/products/mflimpid4j9jipnxqrbo.png,2025-07-25 15:00:14,2025-07-25 15:01:53,68839bfe63998afe53414dd3
684,Omeprazole EP Impurity E,PV-O003005,176219-04-8,"4-methoxy-2-(((6-methoxy-1H-benzo[d]imidazol-2-yl)sulfinyl)methyl)-3,5-dimethylpyridine 1-oxide",C17H19N3O4S,361.4,,In Stock,Omeprazole,API Impurity Standards,omeprazole-ep-impurity-e,https://pharmavive.com/products/browse/omeprazole/omeprazole-ep-impurity-e,https://res.cloudinary.com/dlkh6unr5/image/upload/v1753455727/products/nn8zo6yqreauhkbwvszb.png,2025-07-25 15:00:15,2025-07-25 15:02:08,68839bff63998afe53414dd7
685,Omeprazole EP Impurity F,PV-O003006,125656-82-8,"8-Methoxy-1,3-dimethyl-12-thioxopyrido[1′,2′:3,4]imidazo[1,2-a]benzimidazol-2(12H)-one (as per EP)",C16H13N3O2S,311.4,,In Stock,Omeprazole,API Impurity Standards,omeprazole-ep-impurity-f,https://pharmavive.com/products/browse/omeprazole/omeprazole-ep-impurity-f,https://res.cloudinary.com/dlkh6unr5/image/upload/v1753455741/products/sjdqmsc04ncegi5pnn2p.png,2025-07-25 15:00:15,2025-07-25 15:02:21,68839bff63998afe53414ddb
686,Omeprazole EP Impurity F and G Mixture,PV-O003008,N/A,"8-Methoxy-1,3-dimethyl-12-thioxobenzo[4',5']imidazo[2',1':2,3]imidazo[1,5-a]pyridin-2(12H)-one compound with 9-methoxy-1,3-dimethyl-12-thioxobenzo[4',5']imidazo[2',1':2,3]imidazo[1,5-a]pyridin-2(12H)-one (1:1)",C16H13N3O2S,311.4,,In Stock,Omeprazole,API Impurity Standards,omeprazole-ep-impurity-f-and-g-mixture,https://pharmavive.com/products/browse/omeprazole/omeprazole-ep-impurity-f-and-g-mixture,https://res.cloudinary.com/dlkh6unr5/image/upload/v1753455768/products/ryoq3k5jeidmgqvct7zx.png,2025-07-25 15:00:17,2025-07-25 15:02:49,68839c0163998afe53414de3
687,Omeprazole EP Impurity G,PV-O003007,125656-83-9,"9-Methoxy-1,3-dimethyl-12-thioxopyrido[1′,2′:3,4]imidazo[1,2-a]benzimidazol-2(12H)-one (as per EP)",C16H13N3O2S,311.4,,In Stock,Omeprazole,API Impurity Standards,omeprazole-ep-impurity-g,https://pharmavive.com/products/browse/omeprazole/omeprazole-ep-impurity-g,https://res.cloudinary.com/dlkh6unr5/image/upload/v1753455754/products/uxvfdzyetf6gopcxcose.png,2025-07-25 15:00:16,2025-07-25 15:02:35,68839c0063998afe53414ddf
688,Omeprazole EP Impurity H,PV-O003009,863029-89-4,"2-[[(4-Chloro-3,5-dimethyl-2-pyridinyl)methyl]sulfinyl]-5-methoxy-1H-benzimidazole",C16H16ClN3O2S,349.8,,In Stock,Omeprazole,API Impurity Standards,omeprazole-ep-impurity-h,https://pharmavive.com/products/browse/omeprazole/omeprazole-ep-impurity-h,https://res.cloudinary.com/dlkh6unr5/image/upload/v1753455782/products/swob72wyglwh8qwlopek.png,2025-07-25 15:00:17,2025-07-25 15:03:03,68839c0163998afe53414de7
689,Omeprazole EP Impurity I,PV-O003010,158812-85-2,"4-Methoxy-2-[[(5-methoxy-1H-benzimidazol-2-yl)sulfonyl]methyl]-3,5-dimethylpyridine 1-oxide (as per EP)",C17H19N3O5S,377.4,,In Stock,Omeprazole,API Impurity Standards,omeprazole-ep-impurity-i,https://pharmavive.com/products/browse/omeprazole/omeprazole-ep-impurity-i,https://res.cloudinary.com/dlkh6unr5/image/upload/v1753455796/products/vvjk1omzrjqlgdy2xmx1.png,2025-07-25 15:00:18,2025-07-25 15:03:17,68839c0263998afe53414deb
690,Ondansetron,PV-O002000,99614-02-5,"9-methyl-3-[(2-methylimidazol-1-yl)methyl]-2,3-dihydro-1H-carbazol-4-one",C18H19N3O,293.4,,In Stock,Ondansetron,API Impurity Standards,ondansetron,https://pharmavive.com/products/browse/ondansetron/ondansetron,https://res.cloudinary.com/dlkh6unr5/image/upload/v1753455483/products/yummezzdcemwzpnev36k.png,2025-07-25 14:57:14,2025-07-25 14:58:03,68839b4a63998afe53414d50
691,Ondansetron EP Impurity A,PV-O002001,153139-56-1,"3-((Dimethylamino)methyl)-9-methyl-1,2,3,9-tetrahydro-4H-carbazol-4-one",C16H20N2O,256.3,,In Stock,Ondansetron,API Impurity Standards,ondansetron-ep-impurity-a,https://pharmavive.com/products/browse/ondansetron/ondansetron-ep-impurity-a,https://res.cloudinary.com/dlkh6unr5/image/upload/v1753455494/products/aebmmoaj9dn4tducvsqd.png,2025-07-25 14:57:14,2025-07-25 14:58:14,68839b4a63998afe53414d54
692,Ondansetron EP Impurity B,PV-O002002,1076198-52-1,"6,6'-Methylenebis(9-methyl-3-((2-methyl-1H-imidazol-1-yl)methyl)-1,2,3,9-tetrahydro-4H-carbazol-4-one) ; 6,6′-Methylenebis[(3RS)-9-methyl-3-[(2-methyl-1H-imidazol-1-yl)methyl]-1,2,3,9-tetrahydro4H-carbazol-4-one]",C37H38N6O2,598.7,,In Stock,Ondansetron,API Impurity Standards,ondansetron-ep-impurity-b,https://pharmavive.com/products/browse/ondansetron/ondansetron-ep-impurity-b,https://res.cloudinary.com/dlkh6unr5/image/upload/v1753455505/products/sxwdbf9bfxakldzdlwgf.png,2025-07-25 14:57:15,2025-07-25 14:58:25,68839b4b63998afe53414d58
693,Ondansetron EP Impurity C,PV-O002003,27387-31-1,"9-Methyl-1,2,3,9-tetrahydro-4H-carbazol-4-one",C13H13NO,199.2,,In Stock,Ondansetron,API Impurity Standards,ondansetron-ep-impurity-c,https://pharmavive.com/products/browse/ondansetron/ondansetron-ep-impurity-c,https://res.cloudinary.com/dlkh6unr5/image/upload/v1753455521/products/ap6hf69fy8kyt8libsai.png,2025-07-25 14:57:16,2025-07-25 14:58:41,68839b4c63998afe53414d5c
694,Ondansetron EP Impurity D,PV-O002004,99614-64-9,"9-Methyl-3-methylene-1,2,3,9-tetrahydro-4H-carbazol-4-one",C14H13NO,211.3,,In Stock,Ondansetron,API Impurity Standards,ondansetron-ep-impurity-d,https://pharmavive.com/products/browse/ondansetron/ondansetron-ep-impurity-d,https://res.cloudinary.com/dlkh6unr5/image/upload/v1753455532/products/ozhv1kw8vvlhdkrhbvnq.png,2025-07-25 14:57:16,2025-07-25 14:58:52,68839b4c63998afe53414d60
695,Ondansetron EP Impurity E,PV-O002005,288-32-4,1H-Imidazole,C3H4N2,68.1,,In Stock,Ondansetron,API Impurity Standards,ondansetron-ep-impurity-e,https://pharmavive.com/products/browse/ondansetron/ondansetron-ep-impurity-e,https://res.cloudinary.com/dlkh6unr5/image/upload/v1753455545/products/rtsgken6tsszbjfjxudm.png,2025-07-25 14:57:17,2025-07-25 14:59:06,68839b4d63998afe53414d64
696,Ondansetron EP Impurity F,PV-O002006,693-98-1,2-Methyl-1H-imidazole,C4H6N2,82.1,,In Stock,Ondansetron,API Impurity Standards,ondansetron-ep-impurity-f,https://pharmavive.com/products/browse/ondansetron/ondansetron-ep-impurity-f,https://res.cloudinary.com/dlkh6unr5/image/upload/v1753455559/products/qnk3wwan8otrul1kkalc.png,2025-07-25 14:57:18,2025-07-25 14:59:19,68839b4e63998afe53414d68
697,Ondansetron EP Impurity G,PV-O002007,99614-03-6,"3-((1H-Imidazol-1-yl)methyl)-9-methyl-1,2,3,9-tetrahydro-4H-carbazol-4-one",C17H17N3O,279.3,,In Stock,Ondansetron,API Impurity Standards,ondansetron-ep-impurity-g,https://pharmavive.com/products/browse/ondansetron/ondansetron-ep-impurity-g,https://res.cloudinary.com/dlkh6unr5/image/upload/v1753455571/products/xzbqlgvh3uquaffzed4x.png,2025-07-25 14:57:18,2025-07-25 14:59:32,68839b4e63998afe53414d6c
698,Ondansetron EP Impurity H,PV-O002008,99614-14-9,"3-((2-Methyl-1H-imidazol-1-yl)methyl)-1,2,3,9-tetrahydro-4H-carbazol-4-one",C17H17N3O,279.3,,In Stock,Ondansetron,API Impurity Standards,ondansetron-ep-impurity-h,https://pharmavive.com/products/browse/ondansetron/ondansetron-ep-impurity-h,https://res.cloudinary.com/dlkh6unr5/image/upload/v1753455587/products/wwlinkj5rioc6whw7wcd.png,2025-07-25 14:57:19,2025-07-25 14:59:47,68839b4f63998afe53414d70
699,Palbociclib,PV-P001000,571190-30-2,"6-Acetyl-8-cyclopentyl-5-methyl-2-[[5-(1-piperazinyl)-2-pyridinyl]amino]pyrido[2,3-d]pyrimidin-7(8H)-one",C24H29N7O2,447.5,,In Stock,Palbociclib,API Impurity Standards,palbociclib,https://pharmavive.com/products/browse/palbociclib/palbociclib,https://res.cloudinary.com/dlkh6unr5/image/upload/v1753456966/products/fgtrc9cuzpnukflgub6p.png,2025-07-25 15:21:50,2025-07-25 15:22:47,6883a10e63998afe53414e4c
700,Palbociclib Acetic Acid Adduct,PV-P001008,1974279-20-3,"6-Acetyl-2-((5-(4-acetylpiperazin-1-yl)pyridin-2-yl)amino)-8-cyclopentyl-5-methylpyrido[2,3-d]pyrimidin-7(8H)-one",C26H31N7O3,489.6,,In Stock,Palbociclib,API Impurity Standards,palbociclib-acetic-acid-adduct,https://pharmavive.com/products/browse/palbociclib/palbociclib-acetic-acid-adduct,https://res.cloudinary.com/dlkh6unr5/image/upload/v1753457092/products/ta3opixpmtcjv6taeafb.png,2025-07-25 15:21:55,2025-07-25 15:24:52,6883a11363998afe53414e6c
701,Palbociclib Chlorobromo Impurity,PV-P001007,1016636-76-2,"6-Bromo-2-chloro-8-cyclopentyl-5-methylpyrido[2,3-d]pyrimidin-7(8H)-one",C13H13BrClN3O,342.6,,In Stock,Palbociclib,API Impurity Standards,palbociclib-chlorobromo-impurity,https://pharmavive.com/products/browse/palbociclib/palbociclib-chlorobromo-impurity,https://res.cloudinary.com/dlkh6unr5/image/upload/v1753457075/products/ybmipvg5xujxlwe01kkv.png,2025-07-25 15:21:54,2025-07-25 15:24:36,6883a11263998afe53414e68
702,Palbociclib Citric Acid Adduct,PV-P001005,N/A,"2-(2-(4-(6-((6-acetyl-8-cyclopentyl-5-methyl-7-oxo-7,8-dihydropyrido[2,3-d]pyrimidin-2-yl)amino)pyridin-3-yl)piperazin-1-yl)-2-oxoethyl)-2-hydroxysuccinic acid",C30H35N7O8,621.7,,In Stock,Palbociclib,API Impurity Standards,palbociclib-citric-acid-adduct,https://pharmavive.com/products/browse/palbociclib/palbociclib-citric-acid-adduct,https://res.cloudinary.com/dlkh6unr5/image/upload/v1753457044/products/ifioyzyhaj6merrzpajc.png,2025-07-25 15:21:53,2025-07-25 15:24:05,6883a11163998afe53414e60
703,Palbociclib Impurity A,PV-P001001,1082876-26-3,5-(Piperazin-1-yl) pyridine-2-amine,C9H14N4,178.2,,In Stock,Palbociclib,API Impurity Standards,palbociclib-impurity-a,https://pharmavive.com/products/browse/palbociclib/palbociclib-impurity-a,https://res.cloudinary.com/dlkh6unr5/image/upload/v1753456983/products/dgo5pjqiqnep0bramj18.png,2025-07-25 15:21:51,2025-07-25 15:23:04,6883a10f63998afe53414e50
704,Palbociclib Lactose Adduct Impurity,PV-P001002,N/A,"6-Acetyl-8-cyclopentyl-2-((5-(4-((3R,4R,5S,6R)-3,4-dihydroxy-6-(hydroxymethyl)-5-(((2S,3R,4S,5R,6R)-3,4,5-trihydroxy-6-(hydroxymethyl)tetrahydro-2H-pyran-2-yl)oxy)tetrahydro-2H-pyran-2-yl)piperazin-1-yl)pyridin-2-yl)amino)-5-methylpyrido[2,3-d]pyrimidin-7(8H)-one",C36H49N7O12,771.8,,In Stock,Palbociclib,API Impurity Standards,palbociclib-lactose-adduct-impurity,https://pharmavive.com/products/browse/palbociclib/palbociclib-lactose-adduct-impurity,https://res.cloudinary.com/dlkh6unr5/image/upload/v1753456999/products/ibkkeb7oo5drp9usey2m.png,2025-07-25 15:21:51,2025-07-25 15:23:20,6883a10f63998afe53414e54
705,Palbociclib N-Formyl Impurity,PV-P001003,2174002-16-3,"4-(6-((6-acetyl-8-cyclopentyl-5-methyl-7-oxo-7,8-dihydropyrido[2,3-d]pyrimidin-2-yl)amino)pyridin-3-yl)piperazine-1-carbaldehyde",C25H29N7O3,475.6,,In Stock,Palbociclib,API Impurity Standards,palbociclib-n-formyl-impurity,https://pharmavive.com/products/browse/palbociclib/palbociclib-n-formyl-impurity,https://res.cloudinary.com/dlkh6unr5/image/upload/v1753457015/products/tpeyozamubmybxjs9cjv.png,2025-07-25 15:21:52,2025-07-25 15:23:37,6883a11063998afe53414e58
706,Palbociclib Oxidation Impurity,PV-P001004,2363160-84-1,"(6-((6-Acetyl-8-cyclopentyl-5-methyl-7-oxo-7,8-dihydropyrido[2,3-d]pyrimidin-2-yl)amino)pyridin-3-yl)glycine",C22H24N6O4,436.5,,In Stock,Palbociclib,API Impurity Standards,palbociclib-oxidation-impurity,https://pharmavive.com/products/browse/palbociclib/palbociclib-oxidation-impurity,https://res.cloudinary.com/dlkh6unr5/image/upload/v1753457032/products/p4lxigaoekhzsqi6fls8.png,2025-07-25 15:21:53,2025-07-25 15:23:52,6883a11163998afe53414e5c
707,Palbociclib Piperazine N-Oxide,PV-P001010,2174002-29-8,"1-(6-((6-acetyl-8-cyclopentyl-5-methyl-7-oxo-7,8-dihydropyrido[2,3-d]pyrimidin-2-yl)amino)pyridin-3-yl)piperazine 1-oxide",C24H29N7O3,463.5,,In Stock,Palbociclib,API Impurity Standards,palbociclib-piperazine-n-oxide,https://pharmavive.com/products/browse/palbociclib/palbociclib-piperazine-n-oxide,https://res.cloudinary.com/dlkh6unr5/image/upload/v1753457127/products/owrhujx9zdboziktsd3p.png,2025-07-25 15:21:56,2025-07-25 15:25:28,6883a11463998afe53414e74
708,Palbociclib Pyridine N-Oxide,PV-P001009,2098673-40-4,"2-((6-acetyl-8-cyclopentyl-5-methyl-7-oxo-7,8-dihydropyrido[2,3-d]pyrimidin-2-yl)amino)-5-(piperazin-1-yl)pyridine 1-oxide",C24H29N7O3,463.5,,In Stock,Palbociclib,API Impurity Standards,palbociclib-pyridine-n-oxide,https://pharmavive.com/products/browse/palbociclib/palbociclib-pyridine-n-oxide,https://res.cloudinary.com/dlkh6unr5/image/upload/v1753457106/products/lzt6bqyc1wpdilj0ti2e.png,2025-07-25 15:21:56,2025-07-25 15:25:06,6883a11463998afe53414e70
709,Palbociclib Tartaric Acid adduct,PV-P001006,N/A,"(2R,3R)-4-(4-(6-((6-acetyl-8-cyclopentyl-5-methyl-7-oxo-7,8-dihydropyrido[2,3-d]pyrimidin-2-yl)amino)pyridin-3-yl)piperazin-1-yl)-2,3-dihydroxy-4-oxobutanoic acid",C28H33N7O7,579.6,,In Stock,Palbociclib,API Impurity Standards,palbociclib-tartaric-acid-adduct,https://pharmavive.com/products/browse/palbociclib/palbociclib-tartaric-acid-adduct,https://res.cloudinary.com/dlkh6unr5/image/upload/v1753457059/products/ez5kcrskbyhhmldrblis.png,2025-07-25 15:21:54,2025-07-25 15:24:19,6883a11263998afe53414e64
710,Pantoprazole,PV-P002000,102625-70-7,"5-(difluoromethoxy)-2-(((3,4-dimethoxypyridin-2-yl)methyl)sulfinyl)-1H-benzo[d]imidazole",C16H15F2N3O4S,383.4,,In Stock,Pantoprazole,API Impurity Standards,pantoprazole,https://pharmavive.com/products/browse/pantoprazole/pantoprazole,https://res.cloudinary.com/dlkh6unr5/image/upload/v1753457265/products/habrkphojuragzr3jaf0.png,2025-07-25 15:25:41,2025-07-25 15:27:46,6883a1f563998afe53414ed9
711,Pantoprazole Chloro Impurity,PV-P002009,72830-09-2,"2-(chloromethyl)-3,4-dimethoxypyridine hydrochloride",C8H10ClNO2 : HCl,187.6 : 36.5,,In Stock,Pantoprazole,API Impurity Standards,pantoprazole-chloro-impurity,https://pharmavive.com/products/browse/pantoprazole/pantoprazole-chloro-impurity,https://res.cloudinary.com/dlkh6unr5/image/upload/v1753457399/products/votf0ozqtmt4dwvpw1nu.png,2025-07-25 15:25:47,2025-07-25 15:30:00,6883a1fb63998afe53414efd
712,Pantoprazole Chlorosulphoxide,PV-P002013,409098-86-8,2-(((4-chloro-3-methoxypyridin-2-yl)methyl)sulfinyl)-5-(difluoromethoxy)-1H-benzo[d]imidazole,C15H12ClF2N3O3S,387.8,,In Stock,Pantoprazole,API Impurity Standards,pantoprazole-chlorosulphoxide,https://pharmavive.com/products/browse/pantoprazole/pantoprazole-chlorosulphoxide,https://res.cloudinary.com/dlkh6unr5/image/upload/v1753457462/products/wsux5y7xlc6tosop2rbr.png,2025-07-25 15:25:50,2025-07-25 15:31:02,6883a1fe63998afe53414f0d
713,Pantoprazole EP Impurity A,PV-P002002,127780-16-9,"5-(Difluoromethoxy)-2-[[(3,4-dimethoxypyridin-2-yl)methyl]sulfonyl]-1H-benzimidazole (as per EP)",C16H15F2N3O5S,399.4,,In Stock,Pantoprazole,API Impurity Standards,pantoprazole-ep-impurity-a,https://pharmavive.com/products/browse/pantoprazole/pantoprazole-ep-impurity-a,https://res.cloudinary.com/dlkh6unr5/image/upload/v1753457292/products/jxfikosuvm6lfsnyo43l.png,2025-07-25 15:25:42,2025-07-25 15:28:13,6883a1f663998afe53414ee1
714,Pantoprazole EP Impurity B,PV-P002003,102625-64-9,"5-(difluoromethoxy)-2-[[(3,4-dimethoxypyridin-2-yl)methyl]sulfanyl]-1H-benzimidazole",C16H15F2N3O3S,367.4,,In Stock,Pantoprazole,API Impurity Standards,pantoprazole-ep-impurity-b,https://pharmavive.com/products/browse/pantoprazole/pantoprazole-ep-impurity-b,https://res.cloudinary.com/dlkh6unr5/image/upload/v1753457309/products/d4jvi0bkapnw1cp7odxo.png,2025-07-25 15:25:43,2025-07-25 15:28:30,6883a1f763998afe53414ee5
715,Pantoprazole EP Impurity C,PV-P002004,97963-62-7,5-(difluoromethoxy)-1H-benzimidazole-2-thiol,C8H6F2N2OS,216.2,,In Stock,Pantoprazole,API Impurity Standards,pantoprazole-ep-impurity-c,https://pharmavive.com/products/browse/pantoprazole/pantoprazole-ep-impurity-c,https://res.cloudinary.com/dlkh6unr5/image/upload/v1753457323/products/btrkmtmjlorupul9wemp.png,2025-07-25 15:25:44,2025-07-25 15:28:43,6883a1f863998afe53414ee9
716,Pantoprazole EP Impurity D,PV-P002005,624742-53-6,"N-Methyl Pantoprazole ; 5-(difluoromethoxy)-2-(((3,4-dimethoxypyridin-2-yl)methyl)sulfinyl)-1-methyl-1H-benzo[d]imidazole",C17H17F2N3O4S,397.4,,In Stock,Pantoprazole,API Impurity Standards,pantoprazole-ep-impurity-d,https://pharmavive.com/products/browse/pantoprazole/pantoprazole-ep-impurity-d,https://res.cloudinary.com/dlkh6unr5/image/upload/v1753457340/products/abnhgelnnjbl4ntmdxg8.png,2025-07-25 15:25:44,2025-07-25 15:29:01,6883a1f863998afe53414eed
717,Pantoprazole EP Impurity E,PV-P002006,2115779-15-0,"6,6'-bis(difluoromethoxy)-2,2'-bis(((3,4-dimethoxypyridin-2-yl)methyl)sulfinyl)-1H,1'H-5,5'-bibenzo[d]imidazole",C32H28F4N6O8S2,764.7,,In Stock,Pantoprazole,API Impurity Standards,pantoprazole-ep-impurity-e,https://pharmavive.com/products/browse/pantoprazole/pantoprazole-ep-impurity-e,https://res.cloudinary.com/dlkh6unr5/image/upload/v1753457353/products/ywe9jp4qg8gb9weidt0x.png,2025-07-25 15:25:45,2025-07-25 15:29:14,6883a1f963998afe53414ef1
718,Pantoprazole EP Impurity F,PV-P002007,721924-06-7,"6-(difluoromethoxy)-2-(((3,4-dimethoxypyridin-2-yl)methyl)sulfinyl)-1-methyl-1H-benzo[d]imidazole",C17H17F2N3O4S,397.4,,In Stock,Pantoprazole,API Impurity Standards,pantoprazole-ep-impurity-f,https://pharmavive.com/products/browse/pantoprazole/pantoprazole-ep-impurity-f,https://res.cloudinary.com/dlkh6unr5/image/upload/v1753457368/products/sw6nvgsf7ajkhi4mmxjr.png,2025-07-25 15:25:46,2025-07-25 15:29:28,6883a1fa63998afe53414ef5
719,Pantoprazole N-Oxide,PV-P002010,953787-60-5,"2-(((6-(difluoromethoxy)-1H-benzo[d]imidazol-2-yl)sulfinyl)methyl)-3,4-dimethoxypyridine 1-oxide",C16H15F2N3O5S,399.4,,In Stock,Pantoprazole,API Impurity Standards,pantoprazole-n-oxide,https://pharmavive.com/products/browse/pantoprazole/pantoprazole-n-oxide,https://res.cloudinary.com/dlkh6unr5/image/upload/v1753457412/products/wcaa1zv7tju9z1g057qr.png,2025-07-25 15:25:48,2025-07-25 15:30:12,6883a1fc63998afe53414f01
720,Pantoprazole Related Compound D & F Mixture,PV-P002008,N/A,"5-(difluoromethoxy)-2-(((3,4-dimethoxypyridin-2-yl)methyl)sulfinyl)-1-methyl-1H-benzo[d]imidazole compound with 6-(difluoromethoxy)-2-(((3,4-dimethoxypyridin-2-yl)methyl)sulfinyl)-1-methyl-1H-benzo[d]imidazole (1:1)",C17H17F2N3O4S,397.4,,In Stock,Pantoprazole,API Impurity Standards,pantoprazole-related-compound-d-and-f-mixture,https://pharmavive.com/products/browse/pantoprazole/pantoprazole-related-compound-d-and-f-mixture,https://res.cloudinary.com/dlkh6unr5/image/upload/v1753457385/products/vnl0ae36oqcckuczbxwx.png,2025-07-25 15:25:46,2025-07-25 15:29:45,6883a1fa63998afe53414ef9
721,Pantoprazole Sodium Sesquihydrate,PV-P002001,164579-32-2,"5-(difluoromethoxy)-2-(((3,4-dimethoxypyridin-2-yl)methyl)sulfinyl)benzo[d]imidazol-1-ide  Sodium Sesquihydrate",C16H14F2N3O4S : Na : 3/2(H2O),382.4 : 23.0 : 3/2(18.0),,In Stock,Pantoprazole,API Impurity Standards,pantoprazole-sodium-sesquihydrate,https://pharmavive.com/products/browse/pantoprazole/pantoprazole-sodium-sesquihydrate,https://res.cloudinary.com/dlkh6unr5/image/upload/v1753457278/products/mpx0jlr5gb2as1z0izgt.png,2025-07-25 15:25:42,2025-07-25 15:27:58,6883a1f663998afe53414edd
722,Pantoprazole Sulfone N-Oxide,PV-P002011,953787-55-8,"2-(((5-(difluoromethoxy)-1H-benzo[d]imidazol-2-yl)sulfonyl)methyl)-3,4-dimethoxypyridine 1-oxide",C16H15F2N3O6S,415.4,,In Stock,Pantoprazole,API Impurity Standards,pantoprazole-sulfone-n-oxide,https://pharmavive.com/products/browse/pantoprazole/pantoprazole-sulfone-n-oxide,https://res.cloudinary.com/dlkh6unr5/image/upload/v1753457429/products/hh1hcfimuerkuit2dh68.png,2025-07-25 15:25:48,2025-07-25 15:30:30,6883a1fc63998afe53414f05
723,Penciclovir,PV-P003000,39809-25-1,"2-Amino-1,9-dihydro-9-[4-hydroxy-3-(hydroxymethyl)butyl]-6H-purin-6-one",C10H15N5O3,253.3,,In Stock,Penciclovir,API Impurity Standards,penciclovir,https://pharmavive.com/products/browse/penciclovir/penciclovir,https://res.cloudinary.com/dlkh6unr5/image/upload/v1753457519/products/qvfnggltvwvezgjrp9n0.png,2025-07-25 15:31:14,2025-07-25 15:31:59,6883a34263998afe53414f83
724,Penciclovir Diacetate Impurity,PV-P003003,97845-72-2,"9-[4-(Acetyloxy)-3-[(acetyloxy)methyl]butyl]-2-amino-1,9-dihydro-6H-purin-6-one",C14H19N5O5,337.3,,In Stock,Penciclovir,API Impurity Standards,penciclovir-diacetate-impurity,https://pharmavive.com/products/browse/penciclovir/penciclovir-diacetate-impurity,https://res.cloudinary.com/dlkh6unr5/image/upload/v1753457553/products/mxajfcuhdijrpmfgacqq.png,2025-07-25 15:31:16,2025-07-25 15:32:34,6883a34463998afe53414f8f
725,Penciclovir Impurity A,PV-P003001,100199-40-4,"2-amino-9-(4-chloro-3-(hydroxymethyl)butyl)-1,9-dihydro-6H-purin-6-one",C10H14ClN5O2,271.7,,In Stock,Penciclovir,API Impurity Standards,penciclovir-impurity-a,https://pharmavive.com/products/browse/penciclovir/penciclovir-impurity-a,https://res.cloudinary.com/dlkh6unr5/image/upload/v1753457530/products/bxbwrc8g1n0ythc8xwo7.png,2025-07-25 15:31:15,2025-07-25 15:32:11,6883a34363998afe53414f87
726,Penciclovir Impurity D,PV-P003004,172529-94-1,"2-[2-(2-Amino-6-chloro-9H-purin-9-yl)ethyl]-1,3-propanediol",C10H14ClN5O2,271.7,,In Stock,Penciclovir,API Impurity Standards,penciclovir-impurity-d,https://pharmavive.com/products/browse/penciclovir/penciclovir-impurity-d,https://res.cloudinary.com/dlkh6unr5/image/upload/v1753457569/products/tu4om75bycobc9njeacs.png,2025-07-25 15:31:17,2025-07-25 15:32:50,6883a34563998afe53414f93
727,Penciclovir Impurity E,PV-P003005,97845-60-8,"9-[4-Acetoxy-3-(acetoxymethyl)butyl]-2-amino-6-chloropurine ; 6-Chloro Famciclovir ; 2-[2-(2-Amino-6-chloro-9H-purin-9-yl)ethyl]-1,3-propanediol 1,3-Diacetate",C14H18ClN5O4,355.8,,In Stock,Penciclovir,API Impurity Standards,penciclovir-impurity-e,https://pharmavive.com/products/browse/penciclovir/penciclovir-impurity-e,https://res.cloudinary.com/dlkh6unr5/image/upload/v1753457582/products/fh4imqwqulbzmycp6m1s.png,2025-07-25 15:31:17,2025-07-25 15:33:03,6883a34563998afe53414f97
728,Penciclovir Impurity F,PV-P003006,N/A,4-(2-amino-6-chloro-9H-purin-9-yl)-2-(hydroxymethyl)butyl acetate,C12H16ClN5O3,313.7,,In Stock,Penciclovir,API Impurity Standards,penciclovir-impurity-f,https://pharmavive.com/products/browse/penciclovir/penciclovir-impurity-f,https://res.cloudinary.com/dlkh6unr5/image/upload/v1753457593/products/fjotdo2fgbkhyprdr3dx.png,2025-07-25 15:31:18,2025-07-25 15:33:14,6883a34663998afe53414f9b
729,Penciclovir Monoacetate Impurity,PV-P003002,97845-80-2,"9-[4-(Acetyloxy)-3-(hydroxymethyl)butyl]-2-amino-1,9-dihydro-6H-purin-6-one ; Mono-O-acetylpenciclovir ; BRL 42222",C12H17N5O4,295.3,,In Stock,Penciclovir,API Impurity Standards,penciclovir-monoacetate-impurity,https://pharmavive.com/products/browse/penciclovir/penciclovir-monoacetate-impurity,https://res.cloudinary.com/dlkh6unr5/image/upload/v1753457540/products/qymeit3fbbzqn5dw7no8.png,2025-07-25 15:31:16,2025-07-25 15:32:21,6883a34463998afe53414f8b
730,Phenylpropanediol,PV-F002001,1855-09-0,"1-phenylpropane-1,2-diol",C9H12O2,152.2,,In Stock,Felbamate,API Impurity Standards,phenylpropanediol,https://pharmavive.com/products/browse/felbamate/phenylpropanediol,https://res.cloudinary.com/dlkh6unr5/image/upload/v1753368834/products/toinham7kfylrhzc1iaz.png,2025-07-24 14:52:53,2025-07-24 14:53:54,688248c563998afe53413c45
731,Pitolisant,PV-P004000,362665-56-3,1-(3-(3-(4-chlorophenyl)propoxy)propyl)piperidine,C17H26ClNO,295.9,,In Stock,Pitolisant,API Impurity Standards,pitolisant,https://pharmavive.com/products/browse/pitolisant/pitolisant,https://res.cloudinary.com/dlkh6unr5/image/upload/v1753457648/products/xngp0j2jt0bw2ytwedb8.png,2025-07-25 15:33:28,2025-07-25 15:34:08,6883a3c863998afe53414fe0
732,Pitolisant Hydrochloride,PV-P004001,903576-44-3,1-(3-(3-(4-Chlorophenyl)propoxy)propyl)piperidine hydrochloride,C17H26ClNO : HCl,295.9 : 36.5,,In Stock,Pitolisant,API Impurity Standards,pitolisant-hydrochloride,https://pharmavive.com/products/browse/pitolisant/pitolisant-hydrochloride,https://res.cloudinary.com/dlkh6unr5/image/upload/v1753457662/products/nvffmvyaxkbamfame7sg.png,2025-07-25 15:33:29,2025-07-25 15:34:22,6883a3c963998afe53414fe4
733,Pitolisant Impurity 5,PV-P004003,NA,1-(3-((4-Chlorobenzyl)oxy)propyl)piperidine,C15H22ClNO,267.8,,In Stock,Pitolisant,API Impurity Standards,pitolisant-impurity-5,https://pharmavive.com/products/browse/pitolisant/pitolisant-impurity-5,https://res.cloudinary.com/dlkh6unr5/image/upload/v1753457692/products/qvzmt5grzs4l128wmxzw.png,2025-07-25 15:33:30,2025-07-25 15:34:52,6883a3ca63998afe53414fec
734,Pitolisant Impurity 6,PV-P004004,59507-42-5,1-(4-Chlorobenzyl)piperidine,C12H16ClN,209.7,,In Stock,Pitolisant,API Impurity Standards,pitolisant-impurity-6,https://pharmavive.com/products/browse/pitolisant/pitolisant-impurity-6,https://res.cloudinary.com/dlkh6unr5/image/upload/v1753457710/products/fsjwq0dbpryo7dsgubzd.png,2025-07-25 15:33:31,2025-07-25 15:35:11,6883a3cb63998afe53414ff0
735,Pitolisant N-Oxide Impurity,PV-P004002,NA,1-(3-(3-(4-Chlorophenyl)propoxy)propyl)piperidine 1-oxide,C17H26ClNO2,311.9,,In Stock,Pitolisant,API Impurity Standards,pitolisant-n-oxide-impurity,https://pharmavive.com/products/browse/pitolisant/pitolisant-n-oxide-impurity,https://res.cloudinary.com/dlkh6unr5/image/upload/v1753457679/products/rlydyeqppsvnj8cysi9z.png,2025-07-25 15:33:29,2025-07-25 15:34:39,6883a3c963998afe53414fe8
736,Prednisolone,PV-P005000,50-24-8,"11β,17,21-Trihydroxypregna-1,4-diene-3,20-dione (as per EP & USP)",C21H28O5,360.4,,In Stock,Prednisolone,API Impurity Standards,prednisolone,https://pharmavive.com/products/browse/prednisolone/prednisolone,https://res.cloudinary.com/dlkh6unr5/image/upload/v1753457781/products/bgilcfka4bwatymtkilq.png,2025-07-25 15:35:38,2025-07-25 15:36:21,6883a44a63998afe53415032
737,Prednisolone 20α-Hydroxy Impurity,PV-P005011,15847-24-2,"11β,17,20α,21-Tetrahydroxypregna-1,4-dien-3-one",C21H30O5,362.5,,In Stock,Prednisolone,API Impurity Standards,prednisolone-20a-hydroxy-impurity,https://pharmavive.com/products/browse/prednisolone/prednisolone-20a-hydroxy-impurity,https://res.cloudinary.com/dlkh6unr5/image/upload/v1753457939/products/r0bgsufdkcg5ibwcjegk.png,2025-07-25 15:35:45,2025-07-25 15:38:59,6883a45163998afe5341505e
738,Prednisolone Acetate EP Impurity D,PV-P005014,20423-99-8,"(11β)-11,17-Dihydroxypregna-1,4-diene-3,20-dione",C21H28O4,344.5,,In Stock,Prednisolone,API Impurity Standards,prednisolone-acetate-ep-impurity-d,https://pharmavive.com/products/browse/prednisolone/prednisolone-acetate-ep-impurity-d,https://res.cloudinary.com/dlkh6unr5/image/upload/v1753457987/products/k9kvpkxcug9bip0o5ejz.png,2025-07-25 15:35:47,2025-07-25 15:39:48,6883a45363998afe5341506a
739,Prednisolone EP Impurity A,PV-P005001,50-23-7,"11β,17,21-Trihydroxypregn-4-ene-3,20-dione (as per EP)",C21H30O5,362.5,,In Stock,Prednisolone,API Impurity Standards,prednisolone-ep-impurity-a,https://pharmavive.com/products/browse/prednisolone/prednisolone-ep-impurity-a,https://res.cloudinary.com/dlkh6unr5/image/upload/v1753457801/products/ahd7mtrbsircnp0j1kfm.png,2025-07-25 15:35:38,2025-07-25 15:36:42,6883a44a63998afe53415036
740,Prednisolone EP Impurity B,PV-P005002,53-03-2,"17,21-Dihydroxypregna-1,4-diene-3,11,20-trione (as per EP)",C21H26O5,358.4,,In Stock,Prednisolone,API Impurity Standards,prednisolone-ep-impurity-b,https://pharmavive.com/products/browse/prednisolone/prednisolone-ep-impurity-b,https://res.cloudinary.com/dlkh6unr5/image/upload/v1753457817/products/dymqghejur70oznn5ead.png,2025-07-25 15:35:39,2025-07-25 15:36:58,6883a44b63998afe5341503a
741,Prednisolone EP Impurity C,PV-P005003,52-21-1,"11β,17-Dihydroxy-3,20-dioxopregna-1,4-dien-21-yl acetate (as per EP)",C23H30O6,402.5,,In Stock,Prednisolone,API Impurity Standards,prednisolone-ep-impurity-c,https://pharmavive.com/products/browse/prednisolone/prednisolone-ep-impurity-c,https://res.cloudinary.com/dlkh6unr5/image/upload/v1753457838/products/c675frgvhrp9njlxz4nx.png,2025-07-25 15:35:40,2025-07-25 15:37:19,6883a44c63998afe5341503e
742,Prednisolone EP Impurity D,PV-P005004,16355-29-6,"6β,11β,17,21-Tetrahydroxypregna-1,4-diene-3,20-dione (as per EP)",C21H28O6,376.4,,In Stock,Prednisolone,API Impurity Standards,prednisolone-ep-impurity-d,https://pharmavive.com/products/browse/prednisolone/prednisolone-ep-impurity-d,https://res.cloudinary.com/dlkh6unr5/image/upload/v1753457851/products/rzgpvhkcl6skyridwtef.png,2025-07-25 15:35:40,2025-07-25 15:37:32,6883a44c63998afe53415042
743,Prednisolone EP Impurity E,PV-P005005,95815-58-0,"11β,14α,17,21-Tetrahydroxypregna-1,4-diene-3,20-dione (as per EP)",C21H28O6,376.4,,In Stock,Prednisolone,API Impurity Standards,prednisolone-ep-impurity-e,https://pharmavive.com/products/browse/prednisolone/prednisolone-ep-impurity-e,https://res.cloudinary.com/dlkh6unr5/image/upload/v1753457865/products/wvg250glmqghknvmmsz4.png,2025-07-25 15:35:41,2025-07-25 15:37:45,6883a44d63998afe53415046
744,Prednisolone EP Impurity F,PV-P005006,600-90-8,"11α,17,21-Trihydroxypregna-1,4-diene-3,20-dione (as per EP)",C21H28O5,360.4,,In Stock,Prednisolone,API Impurity Standards,prednisolone-ep-impurity-f,https://pharmavive.com/products/browse/prednisolone/prednisolone-ep-impurity-f,https://res.cloudinary.com/dlkh6unr5/image/upload/v1753457877/products/feq62iw9s40twpxtjhkh.png,2025-07-25 15:35:42,2025-07-25 15:37:57,6883a44e63998afe5341504a
745,Prednisolone EP Impurity G,PV-P005007,2299-46-9,"11β,17,20β,21-Tetrahydroxypregna-1,4-dien-3-one (as per EP)",C21H30O5,362.5,,In Stock,Prednisolone,API Impurity Standards,prednisolone-ep-impurity-g,https://pharmavive.com/products/browse/prednisolone/prednisolone-ep-impurity-g,https://res.cloudinary.com/dlkh6unr5/image/upload/v1753457887/products/dtsgxtggn46caypzksr4.png,2025-07-25 15:35:42,2025-07-25 15:38:08,6883a44e63998afe5341504e
746,Prednisolone EP Impurity H,PV-P005008,2427-64-7,"11β,17,21-Trihydroxypregna-1,4,6-triene-3,20-dione (as per EP)",C21H26O5,358.4,,In Stock,Prednisolone,API Impurity Standards,prednisolone-ep-impurity-h,https://pharmavive.com/products/browse/prednisolone/prednisolone-ep-impurity-h,https://res.cloudinary.com/dlkh6unr5/image/upload/v1753457899/products/eb408j4ozzkrbcqzodgr.png,2025-07-25 15:35:43,2025-07-25 15:38:19,6883a44f63998afe53415052
747,Prednisolone EP Impurity I,PV-P005009,13479-38-4,"11β,21-Dihydroxypregna-1,4-diene-3,20-dione (as per EP)",C21H28O4,344.4,,In Stock,Prednisolone,API Impurity Standards,prednisolone-ep-impurity-i,https://pharmavive.com/products/browse/prednisolone/prednisolone-ep-impurity-i,https://res.cloudinary.com/dlkh6unr5/image/upload/v1753457910/products/hgohlggdiodb7gnkrh7i.png,2025-07-25 15:35:44,2025-07-25 15:38:30,6883a45063998afe53415056
748,Prednisolone EP Impurity J,PV-P005010,1807-14-3,"17,21-Dihydroxypregna-1,4-diene-3,20-dione (as per EP)",C21H28O4,344.4,,In Stock,Prednisolone,API Impurity Standards,prednisolone-ep-impurity-j,https://pharmavive.com/products/browse/prednisolone/prednisolone-ep-impurity-j,https://res.cloudinary.com/dlkh6unr5/image/upload/v1753457925/products/s5ygl1kg4z0b8zlknurb.png,2025-07-25 15:35:44,2025-07-25 15:38:46,6883a45063998afe5341505a
749,Prednisolone Sodium Phosphate USP Impurity A,PV-P005012,N/A,"11β,17,20-Trihydroxy-21-nor-13(17)a-homopregane-1,4-diene-3,13a-dione 20-phosphate (as per USP) ;  11-beta,17-alfa-Dihydroxy-17-[(phosphonooxy)methyl]-D-homoandrosta-1,4-diene-3,17a-dione",C21H29O8P,440.4,,In Stock,Prednisolone,API Impurity Standards,prednisolone-sodium-phosphate-usp-impurity-a,https://pharmavive.com/products/browse/prednisolone/prednisolone-sodium-phosphate-usp-impurity-a,https://res.cloudinary.com/dlkh6unr5/image/upload/v1753457953/products/esu7dfp9ntdbcm2cqlet.png,2025-07-25 15:35:46,2025-07-25 15:39:14,6883a45263998afe53415062
750,Prednisolone Sodium Phosphate USP Impurity D,PV-P005013,898-84-0,"11β-Hydroxyandrosta-1,4-diene-3,17-dione (as per USP)",C19H24O3,300.4,,In Stock,Prednisolone,API Impurity Standards,prednisolone-sodium-phosphate-usp-impurity-d,https://pharmavive.com/products/browse/prednisolone/prednisolone-sodium-phosphate-usp-impurity-d,https://res.cloudinary.com/dlkh6unr5/image/upload/v1753457971/products/nugo6fomz5t4infyeysj.png,2025-07-25 15:35:46,2025-07-25 15:39:31,6883a45263998afe53415066
751,Prednisolone Sodium succinate,PV-P005015,1715-33-9,"Sodium 4-(2-((8S,9S,10R,11S,13S,14S,17R)-11,17-dihydroxy-10,13-dimethyl-3-oxo-6,7,8,9,10,11,12,13,14,15,16,17-dodecahydro-3H-cyclopenta[a]phenanthren-17-yl)-2-oxoethoxy)-4-oxobutanoate",C25H31O8 : Na,459.5 : 23.0,,In Stock,Prednisolone,API Impurity Standards,prednisolone-sodium-succinate,https://pharmavive.com/products/browse/prednisolone/prednisolone-sodium-succinate,https://res.cloudinary.com/dlkh6unr5/image/upload/v1753458035/products/eudlyhsq5tun7dvgju05.png,2025-07-25 15:35:48,2025-07-25 15:40:36,6883a45463998afe5341506e
752,Pregabalin,PV-P006000,148553-50-8,(S)-3-(Aminomethyl)-5-methylhexanoic acid,C8H17NO2,159.2,,In Stock,Pregabalin,API Impurity Standards,pregabalin,https://pharmavive.com/products/browse/pregabalin/pregabalin,https://res.cloudinary.com/dlkh6unr5/image/upload/v1753458184/products/vmy24xnwugngbyxukzr1.png,2025-07-25 15:41:36,2025-07-25 15:43:04,6883a5b063998afe534150f2
753,Pregabalin Amide Ester Impurity,PV-P006007,N/A,3-carbamoyl-5-methylhexanoic acid methyl ester,C9H17NO3,187.2,,In Stock,Pregabalin,API Impurity Standards,pregabalin-amide-ester-impurity,https://pharmavive.com/products/browse/pregabalin/pregabalin-amide-ester-impurity,https://res.cloudinary.com/dlkh6unr5/image/upload/v1753458312/products/hf3omp5ndsokos3qp7u2.png,2025-07-25 15:41:41,2025-07-25 15:45:12,6883a5b563998afe5341510e
754,Pregabalin Diacid Impurity,PV-P006006,5702-99-8,2-Isobutylsuccinic acid,C8H14O4,174.2,,In Stock,Pregabalin,API Impurity Standards,pregabalin-diacid-impurity,https://pharmavive.com/products/browse/pregabalin/pregabalin-diacid-impurity,https://res.cloudinary.com/dlkh6unr5/image/upload/v1753458289/products/jyxgajqzpz3mrbo57dhq.png,2025-07-25 15:41:40,2025-07-25 15:44:49,6883a5b463998afe5341510a
755,Pregabalin EP Impurity A,PV-P006010,181289-23-6,(S)-4-isobutylpyrrolidin-2-one ; (4S)-4-(2-methylpropyl) pyrrolidin-2-one,C8H15NO,141.2,,In Stock,Pregabalin,API Impurity Standards,pregabalin-ep-impurity-a,https://pharmavive.com/products/browse/pregabalin/pregabalin-ep-impurity-a,https://res.cloudinary.com/dlkh6unr5/image/upload/v1753458351/products/jwt1wdif4w3almudmius.png,2025-07-25 15:41:43,2025-07-25 15:45:51,6883a5b763998afe5341511a
756,Pregabalin EP Impurity B,PV-P006011,148553-51-9,(R)-3-(aminomethyl)-5-methylhexanoic acid ; (3R)-3-(aminomethyl)-5-methylhexanoic acid (pregabalin enantiomer) ; (R)-Pregabalin,C8H17NO2,159.2,,In Stock,Pregabalin,API Impurity Standards,pregabalin-ep-impurity-b,https://pharmavive.com/products/browse/pregabalin/pregabalin-ep-impurity-b,https://res.cloudinary.com/dlkh6unr5/image/upload/v1753458365/products/mbnslzoyf5zpuu4g5bch.png,2025-07-25 15:41:43,2025-07-25 15:46:05,6883a5b763998afe5341511e
757,Pregabalin EP Impurity C,PV-P006012,90-64-2,2-hydroxy-2-phenylacetic acid ; (2RS)-2-Hydroxy-2-phenylacetic acid (Mandelic acid),C8H8O3,152.2,,In Stock,Pregabalin,API Impurity Standards,pregabalin-ep-impurity-c,https://pharmavive.com/products/browse/pregabalin/pregabalin-ep-impurity-c,https://res.cloudinary.com/dlkh6unr5/image/upload/v1753458382/products/awuo1qtnpzl7dalrfs7j.png,2025-07-25 15:41:44,2025-07-25 15:46:23,6883a5b863998afe53415122
758,Pregabalin EP Impurity D,PV-P006013,4118-51-8,1-Methylethyl (2RS)-2-hydroxy-2-phenylacetate ; isopropyl 2-hydroxy-2-phenylacetate,C11H14O3,194.2,,In Stock,Pregabalin,API Impurity Standards,pregabalin-ep-impurity-d,https://pharmavive.com/products/browse/pregabalin/pregabalin-ep-impurity-d,https://res.cloudinary.com/dlkh6unr5/image/upload/v1753458395/products/hg3n4jpj2trohbm9sss3.png,2025-07-25 15:41:45,2025-07-25 15:46:36,6883a5b963998afe53415126
759,Pregabalin Lactam Dimer (USP),PV-P006005,2361911-35-3,"(4S,4'S)-1,1'-Methylenebis(4-isobutylpyrrolidin-2-one) (as per USP)",C17H30N2O2,294.4,,In Stock,Pregabalin,API Impurity Standards,pregabalin-lactam-dimer-usp,https://pharmavive.com/products/browse/pregabalin/pregabalin-lactam-dimer-usp,https://res.cloudinary.com/dlkh6unr5/image/upload/v1753458277/products/faix5xf1jes30drs3hpx.png,2025-07-25 15:41:39,2025-07-25 15:44:37,6883a5b363998afe53415106
760,Pregabalin Sec Amide,PV-P006009,930585-94-7,(R)-5-methyl-3-(2-oxo-2-(((R)-1-phenylethyl)amino)ethyl)hexanoic acid,C17H25NO3,291.4,,In Stock,Pregabalin,API Impurity Standards,pregabalin-sec-amide,https://pharmavive.com/products/browse/pregabalin/pregabalin-sec-amide,https://res.cloudinary.com/dlkh6unr5/image/upload/v1753458338/products/de8cwfxx8ohgxchivo5c.png,2025-07-25 15:41:42,2025-07-25 15:45:38,6883a5b663998afe53415116
761,Pregabalin USP Related Compound C,PV-P006002,61312-87-6,4-Isobutylpyrrolidin-2-one,C8H15NO,141.2,,In Stock,Pregabalin,API Impurity Standards,pregabalin-usp-related-compound-c,https://pharmavive.com/products/browse/pregabalin/pregabalin-usp-related-compound-c,https://res.cloudinary.com/dlkh6unr5/image/upload/v1753458215/products/yhlrvq7qdwhztkzdbqqh.png,2025-07-25 15:41:37,2025-07-25 15:43:35,6883a5b163998afe534150fa
762,Propionyl famciclovir,PV-F001007,N/A,2-(Acetoxymethyl)-4-(2-amino-9H-purin-9-yl)butyl propionate,C15H21N5O4,335.37,,In Stock,Famciclovir,API Impurity Standards,propionyl-famciclovir,https://pharmavive.com/products/browse/famciclovir/propionyl-famciclovir,https://res.cloudinary.com/dlkh6unr5/image/upload/v1753368694/products/mkjtzmstjn2lw4fy9bua.png,2025-07-24 14:47:29,2025-07-24 14:51:34,6882478163998afe53413be2
763,Quercetin,PV-Q001000,117-39-5,"2-(3,4-dihydroxyphenyl)-3,5,7-trihydroxy-4H-chromen-4-one",C15H10O7,302.2,,In Stock,Quercetin,API Impurity Standards,quercetin,https://pharmavive.com/products/browse/quercetin/quercetin,https://res.cloudinary.com/dlkh6unr5/image/upload/v1753458472/products/vnydy8hccjyleo2glcbs.png,2025-07-25 15:47:15,2025-07-25 15:47:53,6883a70363998afe534151b2
764,Quinfamide,PV-Q002000,62265-68-3,"1-(2,2-Dichloroacetyl)-1,2,3,4-tetrahydroquinolin-6-yl furan-2-carboxylate",C16H13Cl2NO4,354.2,,In Stock,Quinfamide,API Impurity Standards,quinfamide,https://pharmavive.com/products/browse/quinfamide/quinfamide,https://res.cloudinary.com/dlkh6unr5/image/upload/v1753458528/products/n8jxovkjb6tzdxvzuhfk.png,2025-07-25 15:48:15,2025-07-25 15:48:49,6883a73f63998afe534151da
765,"R,S-Warfarin Alcohol",PV-W002009,37571-78-1,"4-Hydroxy-3-((1R,3S)-3-hydroxy-1-phenylbutyl)-2H-chromen-2-one",C19H18O4,310.3,,In Stock,Warfarin,API Impurity Standards,rs-warfarin-alcohol,https://pharmavive.com/products/browse/warfarin/rs-warfarin-alcohol,https://res.cloudinary.com/dlkh6unr5/image/upload/v1753722235/products/acvpwjlir2f4uebeitil.png,2025-07-28 17:01:35,2025-07-28 17:03:55,6887acef63998afe5341633d
766,Racemic RosuvastatinCalcium,PV-R005015,N/A,"Calcium bis[(6E)-7-[4-(4-fluorophenyl)-2-(N-methylmethanesulfonamido)-6-(propan-2-yl)pyrimidin-5-yl]-3,5-dihydroxyhept-6-enoate]",C22H27FN3O6S : 1/2(Ca),480.5 : 1/2(40.1),,In Stock,Rosuvastatin,API Impurity Standards,racemic-rosuvastatincalcium,https://pharmavive.com/products/browse/rosuvastatin/racemic-rosuvastatincalcium,https://res.cloudinary.com/dlkh6unr5/image/upload/v1753712501/products/gqlxy57ltqeb0cpqnocq.png,2025-07-28 14:16:38,2025-07-28 14:21:41,6887864663998afe5341549f
767,Racemic Stage I of Silodosin,PV-S005009,1808278-26-3,"3-(7-Cyano-5-(2-((2-(2-(2,2,2-trifluoroethoxy)phenoxy)ethyl)amino)propyl)indolin-1-yl)propyl benzoate",C32H34F3N3O4,581.6,,In Stock,Silodosin,API Impurity Standards,racemic-stage-i-of-silodosin,https://pharmavive.com/products/browse/silodosin/racemic-stage-i-of-silodosin,https://res.cloudinary.com/dlkh6unr5/image/upload/v1753714182/products/hynqamtpbagnb7g1x1el.png,2025-07-28 14:45:45,2025-07-28 14:49:43,68878d1963998afe534157db
768,Ramipril,PV-R001000,87333-19-5,"(2S,3aS,6aS)-1-(((S)-1-ethoxy-1-oxo-4-phenylbutan-2-yl)-L-alanyl)octahydrocyclopenta[b]pyrrole-2-carboxylic acid",C23H32N2O5,416.5,,In Stock,Ramipril,API Impurity Standards,ramipril,https://pharmavive.com/products/browse/ramipril/ramipril,https://res.cloudinary.com/dlkh6unr5/image/upload/v1753711109/products/xl1yi59eozjzltdkl9jy.png,2025-07-28 13:56:50,2025-07-28 13:58:30,688781a263998afe53415227
769,Ramipril EP Impurity A,PV-R001001,108313-11-7,"(2S,3aS,6aS)-1-(((S)-1-methoxy-1-oxo-4-phenylbutan-2-yl)-L-alanyl)octahydrocyclopenta[b]pyrrole-2-carboxylic acid",C22H30N2O5,402.5,,In Stock,Ramipril,API Impurity Standards,ramipril-ep-impurity-a,https://pharmavive.com/products/browse/ramipril/ramipril-ep-impurity-a,https://res.cloudinary.com/dlkh6unr5/image/upload/v1753711122/products/ad0onluvwtfgbtg1kqhz.png,2025-07-28 13:56:50,2025-07-28 13:58:43,688781a263998afe5341522b
770,Ramipril EP Impurity B,PV-R001002,295328-72-2,"(2S,3aS,6aS)-1-(((S)-1-isopropoxy-1-oxo-4-phenylbutan-2-yl)-L-alanyl)octahydrocyclopenta[b]pyrrole-2-carboxylic acid",C24H34N2O5,430.6,,In Stock,Ramipril,API Impurity Standards,ramipril-ep-impurity-b,https://pharmavive.com/products/browse/ramipril/ramipril-ep-impurity-b,https://res.cloudinary.com/dlkh6unr5/image/upload/v1753711138/products/ft3wockuxj8rli2n8ldz.png,2025-07-28 13:56:51,2025-07-28 13:58:58,688781a363998afe5341522f
771,Ramipril EP Impurity C,PV-R001003,99742-35-5,"(2S,3aS,6aS)-1-(((S)-4-cyclohexyl-1-ethoxy-1-oxobutan-2-yl)-L-alanyl)octahydrocyclopenta[b]pyrrole-2-carboxylic acid",C23H38N2O5,422.6,,In Stock,Ramipril,API Impurity Standards,ramipril-ep-impurity-c,https://pharmavive.com/products/browse/ramipril/ramipril-ep-impurity-c,https://res.cloudinary.com/dlkh6unr5/image/upload/v1753711157/products/e61jbcbk1gbghufltyr8.png,2025-07-28 13:56:52,2025-07-28 13:59:17,688781a463998afe53415233
772,Ramipril EP Impurity D,PV-R001004,108731-95-9,"ethyl (S)-2-((3S,5aS,8aS,9aS)-3-methyl-1,4-dioxodecahydro-2H-cyclopenta[4,5]pyrrolo[1,2-a]pyrazin-2-yl)-4-phenylbutanoate",C23H30N2O4,398.5,,In Stock,Ramipril,API Impurity Standards,ramipril-ep-impurity-d,https://pharmavive.com/products/browse/ramipril/ramipril-ep-impurity-d,https://res.cloudinary.com/dlkh6unr5/image/upload/v1753711179/products/edlbcw5xj1x1diufpgp6.png,2025-07-28 13:56:52,2025-07-28 13:59:40,688781a463998afe53415237
773,Ramipril EP Impurity E,PV-R001005,87269-97-4,"(2S,3aS,6aS)-1-(((S)-1-carboxy-3-phenylpropyl)-L-alanyl)octahydrocyclopenta[b]pyrrole-2-carboxylic acid",C21H28N2O5,388.5,,In Stock,Ramipril,API Impurity Standards,ramipril-ep-impurity-e,https://pharmavive.com/products/browse/ramipril/ramipril-ep-impurity-e,https://res.cloudinary.com/dlkh6unr5/image/upload/v1753711200/products/z9hgzf1znpruyrl8teob.png,2025-07-28 13:56:53,2025-07-28 14:00:00,688781a563998afe5341523b
774,Ramipril EP Impurity F,PV-R001006,82717-96-2,((S)-1-ethoxy-1-oxo-4-phenylbutan-2-yl)-L-alanine,C15H21NO4,279.3,,In Stock,Ramipril,API Impurity Standards,ramipril-ep-impurity-f,https://pharmavive.com/products/browse/ramipril/ramipril-ep-impurity-f,https://res.cloudinary.com/dlkh6unr5/image/upload/v1753711213/products/mcwsvbp7hwhnlqbudm8m.png,2025-07-28 13:56:54,2025-07-28 14:00:14,688781a663998afe5341523f
775,Ramipril EP Impurity G,PV-R001007,108-88-3,Methylbenzene,C7H8,92.1,,In Stock,Ramipril,API Impurity Standards,ramipril-ep-impurity-g,https://pharmavive.com/products/browse/ramipril/ramipril-ep-impurity-g,https://res.cloudinary.com/dlkh6unr5/image/upload/v1753711227/products/eolmahriknrep1u6zs0n.png,2025-07-28 13:56:54,2025-07-28 14:00:27,688781a663998afe53415243
776,Ramipril EP Impurity H,PV-R001008,104195-90-6,"(2S,3aS,6aS)-1-(((R)-1-ethoxy-1-oxo-4-phenylbutan-2-yl)-L-alanyl)octahydrocyclopenta[b]pyrrole-2-carboxylic acid",C23H32N2O5,416.5,,In Stock,Ramipril,API Impurity Standards,ramipril-ep-impurity-h,https://pharmavive.com/products/browse/ramipril/ramipril-ep-impurity-h,https://res.cloudinary.com/dlkh6unr5/image/upload/v1753711239/products/bqo0r4skp1xuh73hwv99.png,2025-07-28 13:56:55,2025-07-28 14:00:40,688781a763998afe53415247
777,Ramipril EP Impurity I,PV-R001009,129939-65-7,"(2S,3aS,6aS)-1-(((S)-1-ethoxy-1-oxo-4-phenylbutan-2-yl)-D-alanyl)octahydrocyclopenta[b]pyrrole-2-carboxylic acid",C23H32N2O5,416.5,,In Stock,Ramipril,API Impurity Standards,ramipril-ep-impurity-i,https://pharmavive.com/products/browse/ramipril/ramipril-ep-impurity-i,https://res.cloudinary.com/dlkh6unr5/image/upload/v1753711255/products/spiooylxtutjioixex00.png,2025-07-28 13:56:56,2025-07-28 14:00:56,688781a863998afe5341524b
778,Ramipril EP Impurity J,PV-R001010,1246253-05-3,"(2R,3aR,6aR)-1-(((R)-1-ethoxy-1-oxo-4-phenylbutan-2-yl)-D-alanyl)octahydrocyclopenta[b]pyrrole-2-carboxylic acid",C23H32N2O5,416.5,,In Stock,Ramipril,API Impurity Standards,ramipril-ep-impurity-j,https://pharmavive.com/products/browse/ramipril/ramipril-ep-impurity-j,https://res.cloudinary.com/dlkh6unr5/image/upload/v1753711269/products/ie0iamosmukyxauh8ldi.png,2025-07-28 13:56:56,2025-07-28 14:01:10,688781a863998afe5341524f
779,Ramipril EP Impurity K,PV-R001011,108736-10-3,"(S)-2-((3S,5aS,8aS,9aS)-3-methyl-1,4-dioxodecahydro-2H-cyclopenta[4,5]pyrrolo[1,2-a]pyrazin-2-yl)-4-phenylbutanoic acid",C21H26N2O4,370.5,,In Stock,Ramipril,API Impurity Standards,ramipril-ep-impurity-k,https://pharmavive.com/products/browse/ramipril/ramipril-ep-impurity-k,https://res.cloudinary.com/dlkh6unr5/image/upload/v1753711288/products/swfnvebh1ipc3zdfcqhp.png,2025-07-28 13:56:57,2025-07-28 14:01:28,688781a963998afe53415253
780,Ramipril EP Impurity L,PV-R001012,1309040-96-7,"Ethyl (S)-2-((3S,5aS,8aS,9aS)-9a-hydroxy-3-methyl-1,4-dioxodecahydro-2H-cyclopenta[4,5]pyrrolo[1,2-a]pyrazin-2-yl)-4-phenylbutanoate",C23H30N2O5,414.5,,In Stock,Ramipril,API Impurity Standards,ramipril-ep-impurity-l,https://pharmavive.com/products/browse/ramipril/ramipril-ep-impurity-l,https://res.cloudinary.com/dlkh6unr5/image/upload/v1753711301/products/f3ig8m3y9sisx4e1ztek.png,2025-07-28 13:56:58,2025-07-28 14:01:42,688781aa63998afe53415257
781,Ramipril EP Impurity M,PV-R001013,2743-38-6,"(2R,3R)-2,3-bis(benzoyloxy)succinic acid",C18H14O8,358.3,,In Stock,Ramipril,API Impurity Standards,ramipril-ep-impurity-m,https://pharmavive.com/products/browse/ramipril/ramipril-ep-impurity-m,https://res.cloudinary.com/dlkh6unr5/image/upload/v1753711322/products/nduezuoaqfutdroyrgdi.png,2025-07-28 13:56:58,2025-07-28 14:02:03,688781aa63998afe5341525b
782,Ramipril EP Impurity N,PV-R001014,N/A,"(2R,3aR,6aR)-1-(((S)-1-ethoxy-1-oxo-4-phenylbutan-2-yl)-L-alanyl)octahydrocyclopenta[b]pyrrole-2-carboxylic acid hydrochloride",C23H32N2O5 : HCl,416.5 : 36.5,,In Stock,Ramipril,API Impurity Standards,ramipril-ep-impurity-n,https://pharmavive.com/products/browse/ramipril/ramipril-ep-impurity-n,https://res.cloudinary.com/dlkh6unr5/image/upload/v1753711338/products/lc34facb4qboramezznp.png,2025-07-28 13:56:59,2025-07-28 14:02:19,688781ab63998afe5341525f
783,Ramipril EP Impurity O,PV-R001015,N/A,"Diethyl 2,2'-(2,5-dimethyl-3,6-dioxopiperazine-1,4-diyl)bis(4-phenylbutanoate)",C30H38N2O6,522.6,,In Stock,Ramipril,API Impurity Standards,ramipril-ep-impurity-o,https://pharmavive.com/products/browse/ramipril/ramipril-ep-impurity-o,https://res.cloudinary.com/dlkh6unr5/image/upload/v1753711351/products/jnpqd3rosmusowlqlcwi.png,2025-07-28 13:57:00,2025-07-28 14:02:32,688781ac63998afe53415263
784,Ranitidine EP Impurity A,PV-R002001,72126-78-4,"N,N`-Bis [2-[[[5-[(dimethylamino) methyl]-2-furanyl] methyl] thio]ethyl]-2-nitro-1,1-ethenediamine",C22H35N5O4S2,497.7,,In Stock,Ranitidine,API Impurity Standards,ranitidine-ep-impurity-a,https://pharmavive.com/products/browse/ranitidine/ranitidine-ep-impurity-a,https://res.cloudinary.com/dlkh6unr5/image/upload/v1753711539/products/as9fl6wnu3xjyducjrom.png,2025-07-28 14:03:02,2025-07-28 14:05:40,6887831663998afe534152fe
785,Ranitidine EP Impurity B (2HCl),PV-R002002,72545-66-5,2-[[[5-[(Dimethylamino)methyl]-furan-2-yl]methyl]sulfanyl]ethanamine Dihydrochloride,C10H18N2OS : 2HCl,214.3 : 2(36.5),,In Stock,Ranitidine,API Impurity Standards,ranitidine-ep-impurity-b-2hcl,https://pharmavive.com/products/browse/ranitidine/ranitidine-ep-impurity-b-2hcl,https://res.cloudinary.com/dlkh6unr5/image/upload/v1753711577/products/h9orsev3qd8zw0ogywp5.png,2025-07-28 14:03:03,2025-07-28 14:06:17,6887831763998afe53415302
786,Ranitidine EP Impurity C,PV-R002003,73851-70-4,"N-[2-[[[5-[(Dimethylamino)methyl]furan-2-yl]methyl]sulfinyl]ethyl]-N′-methyl-2-nitroethene-1,1-diamine  ; N-{2-[({5-[(Dimethylamino) methyl]-2-furanyl} methyl) sulfinyl] ethyl}-N’-methyl-2-nitro-1, 1-ethenediamine",C13H22N4O4S,330.4,,In Stock,Ranitidine,API Impurity Standards,ranitidine-ep-impurity-c,https://pharmavive.com/products/browse/ranitidine/ranitidine-ep-impurity-c,https://res.cloudinary.com/dlkh6unr5/image/upload/v1753711592/products/ddkyct9yiyirtc22t3ch.png,2025-07-28 14:03:03,2025-07-28 14:06:33,6887831763998afe53415306
787,Ranitidine EP Impurity D,PV-R002004,117846-02-3,N-[2-[[[5-[(Dimethylamino)methyl]furan-2-yl]methyl]sulfanyl]ethyl]-2-nitroacetamide ; N-{2-[({5-[(Dimethylamino) methyl] furan-2-yl} methyl) sulphanyl] ethyl}-2-nitroactemide,C12H19N3O4S,301.4,,In Stock,Ranitidine,API Impurity Standards,ranitidine-ep-impurity-d,https://pharmavive.com/products/browse/ranitidine/ranitidine-ep-impurity-d,https://res.cloudinary.com/dlkh6unr5/image/upload/v1753711645/products/vlugch8lfpg2mvyjadmr.png,2025-07-28 14:03:04,2025-07-28 14:07:26,6887831863998afe5341530a
788,Ranitidine EP Impurity E,PV-R002005,73857-20-2,"N-[2-[[[5-[(Dimethyloxidoamino)methyl]furan-2-yl]methyl]sulfanyl]ethyl]-N′-methyl-2-nitroethene-1,1-diamine ; N, N-Dimethyl (5-{[(2-{[1-(Methylamino)-2-nitroethenyl] amino} ethyl) sulphanyl] methyl} furan-2-yl) methanamine N-oxide",C13H22N4O4S,330.4,,In Stock,Ranitidine,API Impurity Standards,ranitidine-ep-impurity-e,https://pharmavive.com/products/browse/ranitidine/ranitidine-ep-impurity-e,https://res.cloudinary.com/dlkh6unr5/image/upload/v1753711659/products/bnoxnrwspobofoi2dxer.png,2025-07-28 14:03:05,2025-07-28 14:07:40,6887831963998afe5341530e
789,Ranitidine EP Impurity F,PV-R002006,81074-81-9,[5-[(Dimethylamino)methyl]furan-2-yl]methanol HCl,C8H13NO2 : HCl,155.2 : 36.5,,In Stock,Ranitidine,API Impurity Standards,ranitidine-ep-impurity-f,https://pharmavive.com/products/browse/ranitidine/ranitidine-ep-impurity-f,https://res.cloudinary.com/dlkh6unr5/image/upload/v1753711682/products/vwbh6yy9obee7n25zdv5.png,2025-07-28 14:03:05,2025-07-28 14:08:02,6887831963998afe53415312
790,Ranitidine EP Impurity G,PV-R002007,112233-23-5,"3-(Methylamino)-5,6-dihydro-2H-1,4-thiazin-2-oneoxime HCl",C5H9N3OS : HCl,159.2 : 36.5,,In Stock,Ranitidine,API Impurity Standards,ranitidine-ep-impurity-g,https://pharmavive.com/products/browse/ranitidine/ranitidine-ep-impurity-g,https://res.cloudinary.com/dlkh6unr5/image/upload/v1753711697/products/jq5ydrvmewznabbrdeq2.png,2025-07-28 14:03:06,2025-07-28 14:08:18,6887831a63998afe53415316
791,Ranitidine EP Impurity H,PV-R002008,72078-82-1,N-Methyl-2-nitroacetamide,C3H6N2O3,118.1,,In Stock,Ranitidine,API Impurity Standards,ranitidine-ep-impurity-h,https://pharmavive.com/products/browse/ranitidine/ranitidine-ep-impurity-h,https://res.cloudinary.com/dlkh6unr5/image/upload/v1753711711/products/rzpjzchxrzyb32azfuz6.png,2025-07-28 14:03:07,2025-07-28 14:08:31,6887831b63998afe5341531a
792,Ranitidine EP Impurity I,PV-R002009,207592-21-0,"2,2′-Methylenebis[N-[2-[[[5-[(dimethylamino)methyl]-furan-2-yl]methyl] sulfanyl]ethyl]-N′-methyl-2-nitroethene-1,1-diamine]",C27H44N8O6S2,640.8,,In Stock,Ranitidine,API Impurity Standards,ranitidine-ep-impurity-i,https://pharmavive.com/products/browse/ranitidine/ranitidine-ep-impurity-i,https://res.cloudinary.com/dlkh6unr5/image/upload/v1753711728/products/qdttqxchevc4hblkknol.png,2025-07-28 14:03:07,2025-07-28 14:08:49,6887831b63998afe5341531e
793,Ranitidine EP Impurity J,PV-R002010,1331637-48-9,"1,1′-N-[Methylenebis(sulfanediylethylene)]bis(N′-methyl-2-nitroethene-1,1-diamine)",C11H22N6O4S2,366.5,,In Stock,Ranitidine,API Impurity Standards,ranitidine-ep-impurity-j,https://pharmavive.com/products/browse/ranitidine/ranitidine-ep-impurity-j,https://res.cloudinary.com/dlkh6unr5/image/upload/v1753711741/products/abq4ukzpd8phtd8ldzx3.png,2025-07-28 14:03:08,2025-07-28 14:09:02,6887831c63998afe53415322
794,Ranitidine EP Impurity K,PV-R002011,61832-41-5,N-Methyl-1-methylthio-2-nitroethenamine,C4H8N2O2S,148.2,,In Stock,Ranitidine,API Impurity Standards,ranitidine-ep-impurity-k,https://pharmavive.com/products/browse/ranitidine/ranitidine-ep-impurity-k,https://res.cloudinary.com/dlkh6unr5/image/upload/v1753711754/products/uckalvfmw4v0y6thmddk.png,2025-07-28 14:03:09,2025-07-28 14:09:14,6887831d63998afe53415326
795,Ranitidine EP Impurity L,PV-R002012,54252-45-8,"N,N'-dimethyl-2-nitroethene-1,1-diamine",C4H9N3O2,131.1,,In Stock,Ranitidine,API Impurity Standards,ranitidine-ep-impurity-l,https://pharmavive.com/products/browse/ranitidine/ranitidine-ep-impurity-l,https://res.cloudinary.com/dlkh6unr5/image/upload/v1753711774/products/gjkm1wqxkxfh8yrzdh3v.png,2025-07-28 14:03:09,2025-07-28 14:09:35,6887831d63998afe5341532a
796,Ranitidine HCl,PV-R002000,66357-59-3,"N-[2-[[[5-[(Dimethylamino)methyl]furan-2-yl]methyl]sulfanyl]ethyl]-N′-methyl-2-nitroethene-1,1-diamine hydrochloride",C13H23CIN4O3S,350.9,,In Stock,Ranitidine,API Impurity Standards,ranitidine-hcl,https://pharmavive.com/products/browse/ranitidine/ranitidine-hcl,https://res.cloudinary.com/dlkh6unr5/image/upload/v1753711457/products/j4o0apvexxxey4ynw5bc.png,2025-07-28 14:03:01,2025-07-28 14:04:18,6887831563998afe534152fa
797,Remimazolam,PV-R003000,308242-62-8,"Methyl (S)-3-(8-bromo-1-methyl-6-(pyridin-2-yl)-4H-benzo[f]imidazo[1,2-a][1,4]diazepin-4-yl)propanoate",C21H19BrN4O2,439.31,,In Stock,Remimazolam,API Impurity Standards,remimazolam,https://pharmavive.com/products/browse/remimazolam/remimazolam,https://res.cloudinary.com/dlkh6unr5/image/upload/v1753711832/products/kocir9zi8gtsvukaq0hi.png,2025-07-28 14:09:49,2025-07-28 14:10:32,688784ad63998afe5341539d
798,Remimazolam Impurity 1,PV-R003001,1275616-59-5,"Methyl 3-((S)-7-bromo-2-(((R)-2-hydroxypropyl)amino)-5-(pyridin-2-yl)-3H-benzo[e][1,4]diazepin-3-yl)propanoate",C21H23BrN4O3,459.3,,In Stock,Remimazolam,API Impurity Standards,remimazolam-impurity-1,https://pharmavive.com/products/browse/remimazolam/remimazolam-impurity-1,https://res.cloudinary.com/dlkh6unr5/image/upload/v1753711848/products/o5x1svcaexjem3ljw8xd.png,2025-07-28 14:09:49,2025-07-28 14:10:49,688784ad63998afe534153a1
799,Remimazolam Impurity 2,PV-R003002,308242-61-7,"Methyl (S)-3-(8-chloro-1-methyl-6-(pyridin-2-yl)-4H-benzo[f]imidazo[1,2-a][1,4]diazepin-4-yl)propanoate",C21H19ClN4O2,394.9,,In Stock,Remimazolam,API Impurity Standards,remimazolam-impurity-2,https://pharmavive.com/products/browse/remimazolam/remimazolam-impurity-2,https://res.cloudinary.com/dlkh6unr5/image/upload/v1753711868/products/jm4t7chkwbnm3sn58xie.png,2025-07-28 14:09:50,2025-07-28 14:11:08,688784ae63998afe534153a5
800,Remimazolam Impurity 3,PV-R003003,NA,"(S)-3-(8-bromo-1-methyl-6-(pyridin-2-yl)-4H-benzo[f]imidazo[1,2-a][1,4]diazepin-4-yl)-1-morpholinopropan-1-one",C24H24BrN5O2,494.4,,In Stock,Remimazolam,API Impurity Standards,remimazolam-impurity-3,https://pharmavive.com/products/browse/remimazolam/remimazolam-impurity-3,https://res.cloudinary.com/dlkh6unr5/image/upload/v1753711879/products/jbubqi9orpsbmlvctzfi.png,2025-07-28 14:09:51,2025-07-28 14:11:20,688784af63998afe534153a9
801,Rizatriptan,PV-R004000,144034-80-0,"N,N-Dimethyl-2-[5-(1,2,4-triazol-1-ylmethyl)-1H-indol-3-yl]ethanamine",C15H19N5,269.34,,In Stock,Rizatriptan,API Impurity Standards,rizatriptan,https://pharmavive.com/products/browse/rizatriptan/rizatriptan,https://res.cloudinary.com/dlkh6unr5/image/upload/v1753712006/products/advuqpv4wg1yqytiddal.png,2025-07-28 14:12:18,2025-07-28 14:13:26,6887854263998afe534153d9
802,Rizatriptan Benzoate,PV-R004001,145202-66-0,"2-(5-((1H-1,2,4-triazol-1-yl)methyl)-1H-indol-3-yl)-N,N-dimethylethan-1-amine benzoate",C15H19N5 : C7H6O2,269.4 : 122.1,,In Stock,Rizatriptan,API Impurity Standards,rizatriptan-benzoate,https://pharmavive.com/products/browse/rizatriptan/rizatriptan-benzoate,https://res.cloudinary.com/dlkh6unr5/image/upload/v1753712020/products/ga1sxcfrwg4jtywhfek0.png,2025-07-28 14:12:19,2025-07-28 14:13:41,6887854363998afe534153dd
803,Rizatriptan EP Impurity A,PV-R004002,887001-08-3,"2-(5-((1H-1,2,4-triazol-1-yl)methyl)-2-((3-(2-(dimethylamino)ethyl)-1H-indol-5-yl)methyl)-1H-indol-3-yl)-N,N-dimethylethan-1-amine",C28H35N7,469.6,,In Stock,Rizatriptan,API Impurity Standards,rizatriptan-ep-impurity-a,https://pharmavive.com/products/browse/rizatriptan/rizatriptan-ep-impurity-a,https://res.cloudinary.com/dlkh6unr5/image/upload/v1753712035/products/isfwperpsij9nkv7oqq3.png,2025-07-28 14:12:19,2025-07-28 14:13:56,6887854363998afe534153e1
804,Rizatriptan EP Impurity B,PV-R004003,N/A,"2-(5-((1H-1,2,4-triazol-1-yl)methyl)-1H-indol-3-yl)-N-(2-(5-((1H-1,2,4-triazol-1-yl)methyl)-1H-indol-3-yl)ethyl)-N,N-dimethylethan-1-aminium",C28H32N9,494.6,,In Stock,Rizatriptan,API Impurity Standards,rizatriptan-ep-impurity-b,https://pharmavive.com/products/browse/rizatriptan/rizatriptan-ep-impurity-b,https://res.cloudinary.com/dlkh6unr5/image/upload/v1753712049/products/gy9n7savrvxgok3cyu5e.png,2025-07-28 14:12:20,2025-07-28 14:14:09,6887854463998afe534153e5
805,Rizatriptan EP Impurity C,PV-R004004,208941-96-2,"2-(5-((1H-1,2,4-triazol-1-yl)methyl)-1H-indol-2-yl)-N,N-dimethylethan-1-amine",C15H19N5,269.4,,In Stock,Rizatriptan,API Impurity Standards,rizatriptan-ep-impurity-c,https://pharmavive.com/products/browse/rizatriptan/rizatriptan-ep-impurity-c,https://res.cloudinary.com/dlkh6unr5/image/upload/v1753712064/products/jrudxl2rrsa6rfu0c8u0.png,2025-07-28 14:12:21,2025-07-28 14:14:24,6887854563998afe534153e9
806,Rizatriptan EP Impurity D,PV-R004005,N/A,"2-(5-((1H-1,2,4-triazol-1-yl)methyl)-1H-indol-3-yl)-N,N,N-triethylethan-1-aminium",C19H28N5,326.5,,In Stock,Rizatriptan,API Impurity Standards,rizatriptan-ep-impurity-d,https://pharmavive.com/products/browse/rizatriptan/rizatriptan-ep-impurity-d,https://res.cloudinary.com/dlkh6unr5/image/upload/v1753712078/products/vdarndasynfuyrdmnsmf.png,2025-07-28 14:12:21,2025-07-28 14:14:39,6887854563998afe534153ed
807,Rizatriptan EP Impurity E,PV-R004006,N/A,"2-(5-((1H-1,2,4-triazol-1-yl)methyl)-1-(methylsulfonyl)-1H-indol-3-yl)-N,N-dimethylethan-1-amine",C16H21N5O2S,347.4,,In Stock,Rizatriptan,API Impurity Standards,rizatriptan-ep-impurity-e,https://pharmavive.com/products/browse/rizatriptan/rizatriptan-ep-impurity-e,https://res.cloudinary.com/dlkh6unr5/image/upload/v1753712095/products/ge7cpwjyk9x8sgpwzjai.png,2025-07-28 14:12:22,2025-07-28 14:14:56,6887854663998afe534153f1
808,Rizatriptan EP Impurity F,PV-R004007,160194-39-8,"2-(5-((1H-1,2,4-triazol-1-yl)methyl)-1H-indol-3-yl)ethan-1-ol",C13H14N4O,242.3,,In Stock,Rizatriptan,API Impurity Standards,rizatriptan-ep-impurity-f,https://pharmavive.com/products/browse/rizatriptan/rizatriptan-ep-impurity-f,https://res.cloudinary.com/dlkh6unr5/image/upload/v1753712119/products/oyimorkrb7golbles4fp.png,2025-07-28 14:12:23,2025-07-28 14:15:20,6887854763998afe534153f5
809,Rizatriptan EP Impurity G,PV-R004008,1000673-59-5,"5-((1H-1,2,4-triazol-1-yl)methyl)-3-(2-chloroethyl)-1H-indole",C13H13ClN4,260.7,,In Stock,Rizatriptan,API Impurity Standards,rizatriptan-ep-impurity-g,https://pharmavive.com/products/browse/rizatriptan/rizatriptan-ep-impurity-g,https://res.cloudinary.com/dlkh6unr5/image/upload/v1753712135/products/lgodvdtfqunltk8vvpo1.png,2025-07-28 14:12:23,2025-07-28 14:15:36,6887854763998afe534153f9
810,Rizatriptan EP Impurity H,PV-R004009,260435-42-5,"2-(5-((1H-1,2,4-triazol-1-yl)methyl)-1H-indol-3-yl)-N,N-dimethylethan-1-amine oxide",C15H19N5O,285.4,,In Stock,Rizatriptan,API Impurity Standards,rizatriptan-ep-impurity-h,https://pharmavive.com/products/browse/rizatriptan/rizatriptan-ep-impurity-h,https://res.cloudinary.com/dlkh6unr5/image/upload/v1753712148/products/otzgp0qwicf0oxkwj6er.png,2025-07-28 14:12:24,2025-07-28 14:15:49,6887854863998afe534153fd
811,Rizatriptan EP Impurity I,PV-R004010,144034-84-4,"2-(5-((1H-1,2,4-triazol-1-yl)methyl)-1H-indol-3-yl)-N-methylethan-1-amine",C14H17N5,255.3,,In Stock,Rizatriptan,API Impurity Standards,rizatriptan-ep-impurity-i,https://pharmavive.com/products/browse/rizatriptan/rizatriptan-ep-impurity-i,https://res.cloudinary.com/dlkh6unr5/image/upload/v1753712161/products/vjv3oe7vzshuyljasquq.png,2025-07-28 14:12:25,2025-07-28 14:16:02,6887854963998afe53415401
812,Rosuvastatin,PV-R005000,287714-41-4,"(3R,5S,E)-7-(4-(4-fluorophenyl)-6-isopropyl-2-(N-methylmethylsulfonamido)pyrimidin-5-yl)-3,5-dihydroxyhept-6-enoic acid",C22H28FN3O6S,481.5,,In Stock,Rosuvastatin,API Impurity Standards,rosuvastatin,https://pharmavive.com/products/browse/rosuvastatin/rosuvastatin,https://res.cloudinary.com/dlkh6unr5/image/upload/v1753712238/products/gwudhfii8yqwvevwg19s.png,2025-07-28 14:16:28,2025-07-28 14:17:19,6887863c63998afe53415463
813,"Rosuvastatin 4,6-Diene Impurity",PV-R005014,1422954-13-9,"(S,4E,6E)-7-(4-(4-fluorophenyl)-6-isopropyl-2-(N-methylmethylsulfonamido)pyrimidin-5-yl)-3-hydroxyhepta-4,6-dienoic acid",C22H26FN3O5S,463.53,,In Stock,Rosuvastatin,API Impurity Standards,rosuvastatin-46-diene-impurity,https://pharmavive.com/products/browse/rosuvastatin/rosuvastatin-46-diene-impurity,https://res.cloudinary.com/dlkh6unr5/image/upload/v1753712474/products/conjysgv5couv8yhpxkd.png,2025-07-28 14:16:37,2025-07-28 14:21:15,6887864563998afe5341549b
814,Rosuvastatin Acid t-Butyl Ester,PV-R005012,355806-00-7,"(3R,5S,6E)-7-[4-(4-Fluorophenyl)-6-(1-methylethyl)-2-[methyl (methyl sulfonyl) amino]-5-pyrimidinyl]-3,5-dihydroxy- 6-heptenoic acid t-butyl ester",C26H36FN3O6S,537.6,,In Stock,Rosuvastatin,API Impurity Standards,rosuvastatin-acid-t-butyl-ester,https://pharmavive.com/products/browse/rosuvastatin/rosuvastatin-acid-t-butyl-ester,https://res.cloudinary.com/dlkh6unr5/image/upload/v1753712441/products/nrwbqzknkqnphcafsuav.png,2025-07-28 14:16:36,2025-07-28 14:20:41,6887864463998afe53415493
815,Rosuvastatin EP Impurity A(Sodium Salt),PV-R005001,1714147-50-8,"(3R,5S,6E)-7-[2-(2,N-dimethyl-2-hydroxypropane-1-sulfonamido)-4-(4-fluorophenyl)-6-(propan-2-yl)pyrimidin-5-yl]-3,5-dihydroxyhept-6-enoic acid Sodium salt  (as per EP) Sodium (3R,5S,E)-7-{4-(4-fluorophenyl)-2-[(2-hydroxy-N,2-dimethylpropyl)sulfonamide]-6-isopropylpyrimidin-5-yl}-3,5-dihydroxyhept-6-enoate salt (as per USP)",C25H33FN3O7S : Na,538.6 : 23.0,,In Stock,Rosuvastatin,API Impurity Standards,rosuvastatin-ep-impurity-asodium-salt,https://pharmavive.com/products/browse/rosuvastatin/rosuvastatin-ep-impurity-asodium-salt,https://res.cloudinary.com/dlkh6unr5/image/upload/v1753712259/products/bglx866djuz5tvc4fris.png,2025-07-28 14:16:29,2025-07-28 14:17:40,6887863d63998afe53415467
816,Rosuvastatin EP Impurity B (Sodium Salt),PV-R005003,1007871-86-4,"(3RS,5RS,6E)-7-[4-(4-fluorophenyl)-2-(N-methylmethanesulfonamido)-6-(propan-2-yl)pyrimidin-5-yl]-3,5-dihydroxyhept-6-enoic acid Sodium salt (as per EP)",C22H28FN3O6S : Na,481.5 : 23.0,,In Stock,Rosuvastatin,API Impurity Standards,rosuvastatin-ep-impurity-b-sodium-salt,https://pharmavive.com/products/browse/rosuvastatin/rosuvastatin-ep-impurity-b-sodium-salt,https://res.cloudinary.com/dlkh6unr5/image/upload/v1753712290/products/ckshyymd3zxi8xucr6p4.png,2025-07-28 14:16:30,2025-07-28 14:18:10,6887863e63998afe5341546f
817,Rosuvastatin EP Impurity C,PV-R005004,1422619-13-3,"(3R,6E)-7-[4-(4-fluorophenyl)-2-(N-methylmethanesulfonamido)-6-(propan-2-yl)pyrimidin-5-yl]-3-hydroxy-5-oxohept-6-enoic acid (as per EP); (R,E)-7-(4-(4-fluorophenyl)-6-isopropyl-2-(N-methylmethylsulfonamido)pyrimidin-5-yl)-3-hydroxy-5-oxohept-6-enoic acid (as per USP)",C22H26FN3O6S,479.5,,In Stock,Rosuvastatin,API Impurity Standards,rosuvastatin-ep-impurity-c,https://pharmavive.com/products/browse/rosuvastatin/rosuvastatin-ep-impurity-c,https://res.cloudinary.com/dlkh6unr5/image/upload/v1753712309/products/gsmttaahnaa5u2djktqc.png,2025-07-28 14:16:30,2025-07-28 14:18:30,6887863e63998afe53415473
818,Rosuvastatin EP Impurity C (Calcium Salt),PV-R005005,1422514-05-3,"(3R,6E)-7-[4-(4-fluorophenyl)-2-(N-methylmethanesulfonamido)-6-(propan-2-yl)pyrimidin-5-yl]-3-hydroxy-5-oxohept-6-enoic acid Calcium salt (as per EP); (R,E)-7-(4-(4-fluorophenyl)-6-isopropyl-2-(N-methylmethylsulfonamido)pyrimidin-5-yl)-3-hydroxy-5-oxohept-6-enoic acid Calcium salt (as per USP)",C22H26FN3O6S : 1/2(Ca),479.5 : 1/2(40.1),,In Stock,Rosuvastatin,API Impurity Standards,rosuvastatin-ep-impurity-c-calcium-salt,https://pharmavive.com/products/browse/rosuvastatin/rosuvastatin-ep-impurity-c-calcium-salt,https://res.cloudinary.com/dlkh6unr5/image/upload/v1753712326/products/itgtfrjzfdavzg7d4vzv.png,2025-07-28 14:16:31,2025-07-28 14:18:47,6887863f63998afe53415477
819,Rosuvastatin EP Impurity D,PV-R005006,503610-43-3,"N-[4-(4-fluorophenyl)-5-[(1E)-2-[(2S,4R)-4-hydroxy-6-oxooxan-2-yl]ethen-1-yl]-6-(propan-2-yl)pyrimidin-2-yl]-N-methylmethanesulfonamide (as per EP); N-[4-(4-Fluorophenyl)-5-{(E)-2-[(2S,4R)-4-hydroxy-6-oxotetrahydro-2H-pyran-2-yl]vinyl}-6-isopropylpyrimidin-2-yl]-N-methylmethanesulfonamide (as per USP)",C22H26FN3O5S,463.5,,In Stock,Rosuvastatin,API Impurity Standards,rosuvastatin-ep-impurity-d,https://pharmavive.com/products/browse/rosuvastatin/rosuvastatin-ep-impurity-d,https://res.cloudinary.com/dlkh6unr5/image/upload/v1753712365/products/ovz3gxwmewsbvyirhriv.png,2025-07-28 14:16:32,2025-07-28 14:19:25,6887864063998afe5341547b
820,Rosuvastatin EP Impurity E (Sodium Salt),PV-R005007,N/A,"(3R,5S,6E)-7-[4-(4-Fluorophenyl)-6-(1-methylethyl)-2-[methyl (2-[4-(4-fluorophenyl)-6-(1-methylethyl)-2-(methyl (methylsulfonyl)amino]-5-pyrimidinyl]-2-hydroxy-ethylsulfonyl)amino)-5-pyrimidinyl]-3,5-dihydroxy- 6-heptenoic acid Sodium salt ;",C38H45F2N6O9S2 : Na,831.9 : 23.0,,In Stock,Rosuvastatin,API Impurity Standards,rosuvastatin-ep-impurity-e-sodium-salt,https://pharmavive.com/products/browse/rosuvastatin/rosuvastatin-ep-impurity-e-sodium-salt,,2025-07-28 14:16:32,2025-07-28 14:16:32,6887864063998afe5341547f
821,Rosuvastatin EP Impurity F,PV-R005008,289042-12-2,"1,1-dimethylethyl [(4R,6S)-6-[(E)-2-[4-(4-fluorophenyl)-6-(1-methylethyl)-2-[methyl(methylsulfonyl)amino]pyrimidin-5-yl]ethenyl]-2,2-dimethyl-1,3-dioxan-4-yl]acetate ;  tert-Butyl 2-((4R,6S)-6-((E)-2-(4-(4-fluorophenyl)-6-isopropyl-2-(N-methylmethylsulfonamido)pyrimidin-5-yl)vinyl)-2,2-dimethyl-1,3-dioxan-4-yl)acetate",C29H40FN3O6S,577.7,,In Stock,Rosuvastatin,API Impurity Standards,rosuvastatin-ep-impurity-f,https://pharmavive.com/products/browse/rosuvastatin/rosuvastatin-ep-impurity-f,https://res.cloudinary.com/dlkh6unr5/image/upload/v1753712381/products/i8jtapkvkldjqiz01nzx.png,2025-07-28 14:16:33,2025-07-28 14:19:42,6887864163998afe53415483
822,Rosuvastatin EP Impurity G,PV-R005009,1242184-42-4,"(3S,5R,6E)-7-[4-(4-fluorophenyl)-2-(N-methylmethanesulfonamido)-6-(propan-2-yl)pyrimidin-5-yl]-3,5-dihydroxyhept-6-enoic acid (as per EP)",C22H28FN3O6S,481.5,,In Stock,Rosuvastatin,API Impurity Standards,rosuvastatin-ep-impurity-g,https://pharmavive.com/products/browse/rosuvastatin/rosuvastatin-ep-impurity-g,https://res.cloudinary.com/dlkh6unr5/image/upload/v1753712397/products/apqj7usilsv2yj356gzj.png,2025-07-28 14:16:34,2025-07-28 14:19:57,6887864263998afe53415487
823,Rosuvastatin EP Impurity K,PV-R005010,1422954-12-8,"(2Ξ,5S,6E)-7-[4-(4-fluorophenyl)-2-(N-methylmethanesulfonamido)-6-(propan-2-yl)pyrimidin-5-yl]-5-hydroxyhepta-2,6-dienoic acid (as per EP);(2Z,5S,6E)-7-[4-(4-Fluorophenyl)-6-(1-methylethyl)-2-[methyl(methylsulfonyl)amino]-5-pyrimidinyl]-5-hydroxy-2,6-heptadienoic Acid",C22H26FN3O5S,463.5,,In Stock,Rosuvastatin,API Impurity Standards,rosuvastatin-ep-impurity-k,https://pharmavive.com/products/browse/rosuvastatin/rosuvastatin-ep-impurity-k,https://res.cloudinary.com/dlkh6unr5/image/upload/v1753712412/products/pxogfz3wzlpb73btonbd.png,2025-07-28 14:16:34,2025-07-28 14:20:12,6887864263998afe5341548b
824,Rosuvastatin EP Impurity N,PV-R005011,2290571-51-4,"(S,2E,6E)-7-(4-(4-fluorophenyl)-6-isopropyl-2-(N-methylmethylsulfonamido)pyrimidin-5-yl)-5-hydroxyhepta-2,6-dienoic acid ; (2E,5S,6E)-7-[4-(4-fluorophenyl)-2-(N-methylmethanesulfonamido)-6-(propan-2-yl)pyrimidin-5-yl]-5-hydroxyhepta-2,6-dienoic acid",C22H26FN3O5S,463.5,,In Stock,Rosuvastatin,API Impurity Standards,rosuvastatin-ep-impurity-n,https://pharmavive.com/products/browse/rosuvastatin/rosuvastatin-ep-impurity-n,https://res.cloudinary.com/dlkh6unr5/image/upload/v1753712426/products/ymjo6oax7yrq839tytkk.png,2025-07-28 14:16:35,2025-07-28 14:20:26,6887864363998afe5341548f
825,Rosuvastatin FP Impurity A,PV-R005002,851443-04-4,"(3R,5S,6E)-7-[4-(4-Fluorophenyl)-6-(1-methylethyl)-2-(methyl-methyl sulfonyl-amino)-pyrimidin-5-yl]-3,5-dihydroxy-hept-6-enoic acid ethyl ester ;  Ethyl (3R ,5S ,E)-7-[4-(4-fluorophenyl)-6-isopropyl-2-(N-methylmethylsulfonamido)pyrimidin- 5-yl]-3,5-dihydroxyhept-6-enoate ; ethyl (3R,5S,6E)-7-[4-(4-fluorophenyl)-2-(N-methylmethanesulfonamido)-6-(propan-2-yl)pyrimidin-5-yl]-3,5-dihydroxyhept-6-enoate",C24H32FN3O6S,509.6,,In Stock,Rosuvastatin,API Impurity Standards,rosuvastatin-fp-impurity-a,https://pharmavive.com/products/browse/rosuvastatin/rosuvastatin-fp-impurity-a,https://res.cloudinary.com/dlkh6unr5/image/upload/v1753712274/products/dtfkfwfgt2eyc6skfilo.png,2025-07-28 14:16:29,2025-07-28 14:17:55,6887863d63998afe5341546b
826,Rosuvastatin anti isomer,PV-R005013,1094100-06-7,"(3R,5R,E)-7-(4-(4-fluorophenyl)-6-isopropyl-2-(N-methylmethylsulfonamido)pyrimidin-5-yl)-3,5-dihydroxyhept-6-enoic acid ; (3RS,5RS,E)-7-[4-(4-Fluorophenyl)-6-isopropyl-2-(N-methylmethylsulfonamido)pyrimidin-5-yl]-3,5-dihydroxyhept-6-enoic acid",C22H28FN3O6S,481.5,,In Stock,Rosuvastatin,API Impurity Standards,rosuvastatin-anti-isomer,https://pharmavive.com/products/browse/rosuvastatin/rosuvastatin-anti-isomer,https://res.cloudinary.com/dlkh6unr5/image/upload/v1753712460/products/u9qsvflmkspwvr9xe2z5.png,2025-07-28 14:16:36,2025-07-28 14:21:01,6887864463998afe53415497
827,Ruxolitinib,PV-R006000,941678-49-5,"(R)-3-(4-(7H-pyrrolo[2,3-d]pyrimidin-4-yl)-1H-pyrazol-1-yl)-3-cyclopentylpropanenitrile",C17H18N6,306.4,,In Stock,Ruxolitinib,API Impurity Standards,ruxolitinib,https://pharmavive.com/products/browse/ruxolitinib/ruxolitinib,https://res.cloudinary.com/dlkh6unr5/image/upload/v1753712578/products/n0iaxdxneoiyplikghja.png,2025-07-28 14:22:17,2025-07-28 14:22:59,6887879963998afe5341551c
828,Ruxolitinib Acrylo pyrimidine Impurity,PV-R006003,941685-39-8,"3-cyclopentyl-3-(4-(7-((2-(trimethylsilyl)ethoxy) methyl)-7H-pyrrolo[2,3-d]pyrimidin-4-yl) -1H-pyrazol-1-yl)propanenitrile",C23H32N6OSi,436.6,,In Stock,Ruxolitinib,API Impurity Standards,ruxolitinib-acrylo-pyrimidine-impurity,https://pharmavive.com/products/browse/ruxolitinib/ruxolitinib-acrylo-pyrimidine-impurity,https://res.cloudinary.com/dlkh6unr5/image/upload/v1753712618/products/xbawghpytgj9g1xhtlyt.png,2025-07-28 14:22:19,2025-07-28 14:23:38,6887879b63998afe53415528
829,Ruxolitinib Amide,PV-R006006,1911644-32-0,"3-(4-(7H-pyrrolo[2,3-d]pyrimidin-4-yl)-1H-pyrazol-1-yl)-3-Cyclopentylpropanamide",C17H20N6O,324.4,,In Stock,Ruxolitinib,API Impurity Standards,ruxolitinib-amide,https://pharmavive.com/products/browse/ruxolitinib/ruxolitinib-amide,https://res.cloudinary.com/dlkh6unr5/image/upload/v1753712665/products/lsshkynuuj7lbbimsfif.png,2025-07-28 14:22:21,2025-07-28 14:24:26,6887879d63998afe53415534
830,Ruxolitinib Diamine Impurity,PV-R006002,952518-97-7,"4-(1H-pyrazol-4-yl)-7H-pyrrolo[2,3-d]pyrimidine",C9H7N5,185.2,,In Stock,Ruxolitinib,API Impurity Standards,ruxolitinib-diamine-impurity,https://pharmavive.com/products/browse/ruxolitinib/ruxolitinib-diamine-impurity,https://res.cloudinary.com/dlkh6unr5/image/upload/v1753712602/products/ionjhwepfl3ros2ageyx.png,2025-07-28 14:22:18,2025-07-28 14:23:22,6887879a63998afe53415524
831,Ruxolitinib N-Oxide Impurity 1,PV-R006004,N/A,"(R)-4-(1-(2-cyano-1-cyclopentylethyl)-1H-pyrazol-4-yl)-7H-pyrrolo[2,3-d]pyrimidine 1-oxide",C17H18N6O,322.4,,In Stock,Ruxolitinib,API Impurity Standards,ruxolitinib-n-oxide-impurity-1,https://pharmavive.com/products/browse/ruxolitinib/ruxolitinib-n-oxide-impurity-1,https://res.cloudinary.com/dlkh6unr5/image/upload/v1753712638/products/keeron2gfxgyziiyy8ru.png,2025-07-28 14:22:20,2025-07-28 14:23:59,6887879c63998afe5341552c
832,Ruxolitinib N-Oxide Impurity 2,PV-R006005,N/A,"(R)-4-(1-(2-cyano-1-cyclopentylethyl)-1H-pyrazol-4-yl)-7H-pyrrolo[2,3-d]pyrimidine 3-oxide",C17H18N6O,322.4,,In Stock,Ruxolitinib,API Impurity Standards,ruxolitinib-n-oxide-impurity-2,https://pharmavive.com/products/browse/ruxolitinib/ruxolitinib-n-oxide-impurity-2,https://res.cloudinary.com/dlkh6unr5/image/upload/v1753712652/products/qmlnoz2y6izvmlra5et6.png,2025-07-28 14:22:20,2025-07-28 14:24:13,6887879c63998afe53415530
833,Ruxolitinib Phosphate,PV-R006001,1092939-17-7,"(R)-3-(4-(7H-pyrrolo[2,3-d]pyrimidin-4-yl)-1H-pyrazol-1-yl)-3-cyclopentylpropanenitrile phosphate",C17H18N6 : H3O4P,306.4 : 98.0,,In Stock,Ruxolitinib,API Impurity Standards,ruxolitinib-phosphate,https://pharmavive.com/products/browse/ruxolitinib/ruxolitinib-phosphate,https://res.cloudinary.com/dlkh6unr5/image/upload/v1753712589/products/oy2mkuvvuktampg6afib.png,2025-07-28 14:22:18,2025-07-28 14:23:10,6887879a63998afe53415520
834,"S,S-Warfarin Alcohol",PV-W002008,40281-80-9,"4-Hydroxy-3-((1S,3S)-3-hydroxy-1-phenylbutyl)-2H-chromen-2-one",C19H18O4,310.3,,In Stock,Warfarin,API Impurity Standards,ss-warfarin-alcohol,https://pharmavive.com/products/browse/warfarin/ss-warfarin-alcohol,https://res.cloudinary.com/dlkh6unr5/image/upload/v1753722224/products/zwdmfpnjxcayyqrjhjjo.png,2025-07-28 17:01:34,2025-07-28 17:03:45,6887acee63998afe53416339
835,Sacubitril,PV-S001000,149709-62-6,"4-(((2S,4R)-1-([1,1'-Biphenyl]-4-yl)-5-ethoxy-4-methyl-5-oxopentan-2-yl)amino)-4-oxobutanoic acid",C24H29NO5,411.5,,In Stock,Sacubitril,API Impurity Standards,sacubitril,https://pharmavive.com/products/browse/sacubitril/sacubitril,https://res.cloudinary.com/dlkh6unr5/image/upload/v1753712768/products/yipdwykrg6grneiuoe9g.png,2025-07-28 14:25:16,2025-07-28 14:26:09,6887884c63998afe53415584
836,"Sacubitril (3R,5S)-Pyrrolidinone Impurity",PV-S001005,1038924-70-7,"(3R,5S)-5-([1,1'-biphenyl]-4-ylmethyl)-3-methylpyrrolidin-2-one",C18H19NO,265.36,,In Stock,Sacubitril,API Impurity Standards,sacubitril-3r5s-pyrrolidinone-impurity,https://pharmavive.com/products/browse/sacubitril/sacubitril-3r5s-pyrrolidinone-impurity,https://res.cloudinary.com/dlkh6unr5/image/upload/v1753712856/products/iuv9p179edhlpasphmoa.png,2025-07-28 14:25:19,2025-07-28 14:27:36,6887884f63998afe53415598
837,Sacubitril Calcium,PV-S001001,1369773-39-6,"(2R,4S)-4-[(3-Carboxy-1-oxopropyl)amino]-4-[(pphenylphenyl)methyl]-2-methylbutanoic acid ethyl ester Calcium salt",C24H29NO5 : 1/2(Ca),411.5 : 1/2(40.1),,In Stock,Sacubitril,API Impurity Standards,sacubitril-calcium,https://pharmavive.com/products/browse/sacubitril/sacubitril-calcium,https://res.cloudinary.com/dlkh6unr5/image/upload/v1753712782/products/nqod0m1zlm2lqhz1iufb.png,2025-07-28 14:25:16,2025-07-28 14:26:22,6887884c63998afe53415588
838,Sacubitril Impurity 2,PV-S001012,1038924-97-8,"ethyl (2R,4S)-5-([1,1'-biphenyl]-4-yl)-4-(2,5-dioxopyrrolidin-1-yl)-2-methylpentanoate",C24H27NO4,393.48,,In Stock,Sacubitril,API Impurity Standards,sacubitril-impurity-2,https://pharmavive.com/products/browse/sacubitril/sacubitril-impurity-2,https://res.cloudinary.com/dlkh6unr5/image/upload/v1753712967/products/ijoaar93wbwpfsodurvk.png,2025-07-28 14:25:23,2025-07-28 14:29:27,6887885363998afe534155b4
839,Sacubitril Impurity 3,PV-S001013,1038925-00-6,"(3S,5S)-5-([1,1'-biphenyl]-4-ylmethyl)-3-methylpyrrolidin-2-one",C18H19NO,265.36,,In Stock,Sacubitril,API Impurity Standards,sacubitril-impurity-3,https://pharmavive.com/products/browse/sacubitril/sacubitril-impurity-3,https://res.cloudinary.com/dlkh6unr5/image/upload/v1753712984/products/myshsxg8vxk2fw84iwi0.png,2025-07-28 14:25:24,2025-07-28 14:29:44,6887885463998afe534155b8
840,Sacubitril Maleic Acid (Z-Isomer),PV-S001014,2751722-77-5,"(Z)-4-(((2S,4R)-1-([1,1'-biphenyl]-4-yl)-5-ethoxy-4-methyl-5-oxopentan-2-yl)amino)-4-oxobut-2-enoic acid",C24H27NO5,409.5,,In Stock,Sacubitril,API Impurity Standards,sacubitril-maleic-acid-z-isomer,https://pharmavive.com/products/browse/sacubitril/sacubitril-maleic-acid-z-isomer,https://res.cloudinary.com/dlkh6unr5/image/upload/v1753712996/products/tm8ga8sxt2wo33risjie.png,2025-07-28 14:25:25,2025-07-28 14:29:57,6887885563998afe534155bc
841,Sacubitril Maleic acid,PV-S001006,N/A,"(E)-4-(((2S,4R)-1-([1,1'-biphenyl]-4-yl)-5-ethoxy-4-methyl-5-oxopentan-2-yl)amino)-4-oxobut-2-enoic acid",C24H27NO5,409.48,,In Stock,Sacubitril,API Impurity Standards,sacubitril-maleic-acid,https://pharmavive.com/products/browse/sacubitril/sacubitril-maleic-acid,https://res.cloudinary.com/dlkh6unr5/image/upload/v1753712870/products/gchsjxspf5kirqwz80ir.png,2025-07-28 14:25:19,2025-07-28 14:27:51,6887884f63998afe5341559c
842,Sacubitril Methyl ester,PV-S001007,2408053-56-3,"4-(((2S,4R)-1-([1,1'-biphenyl]-4-yl)-5-methoxy-4-methyl-5-oxopentan-2-yl)amino)-4-oxobutanoic acid",C23H27NO5,397.5,,In Stock,Sacubitril,API Impurity Standards,sacubitril-methyl-ester,https://pharmavive.com/products/browse/sacubitril/sacubitril-methyl-ester,https://res.cloudinary.com/dlkh6unr5/image/upload/v1753712881/products/cjpsgykbfofapx8qbwd9.png,2025-07-28 14:25:20,2025-07-28 14:28:02,6887885063998afe534155a0
843,Sacubitril N-Acetyl Impurity,PV-S001010,N/A,"Ethyl (2R,4S)-5-([1,1'-biphenyl]-4-yl)-4-acetamido-2-methylpentanoate",C22H27NO3,353.5,,In Stock,Sacubitril,API Impurity Standards,sacubitril-n-acetyl-impurity,https://pharmavive.com/products/browse/sacubitril/sacubitril-n-acetyl-impurity,https://res.cloudinary.com/dlkh6unr5/image/upload/v1753712928/products/rm6yqvzpyajxoy77fphu.png,2025-07-28 14:25:22,2025-07-28 14:28:48,6887885263998afe534155ac
844,Sacubitril Propyl Ester,PV-S001011,N/A,"4-(((2S,4R)-1-([1,1'-biphenyl]-4-yl)-4-methyl-5-oxo-5-propoxypentan-2-yl)amino)-4-oxobutanoic acid",C25H31NO5,425.5,,In Stock,Sacubitril,API Impurity Standards,sacubitril-propyl-ester,https://pharmavive.com/products/browse/sacubitril/sacubitril-propyl-ester,https://res.cloudinary.com/dlkh6unr5/image/upload/v1753712950/products/jmpl2ybpxs8oppeqlfus.png,2025-07-28 14:25:23,2025-07-28 14:29:10,6887885363998afe534155b0
845,Sacubitril Sodium,PV-S001002,149690-05-1,"4-(((2S,4R)-1-([1,1'-biphenyl]-4-yl)-5-ethoxy-4-methyl-5-oxopentan-2-yl)amino)-4-oxobutanoic acid, sodium salt",C24H29NO5 : Na,411.5 : 23.0,,In Stock,Sacubitril,API Impurity Standards,sacubitril-sodium,https://pharmavive.com/products/browse/sacubitril/sacubitril-sodium,https://res.cloudinary.com/dlkh6unr5/image/upload/v1753712800/products/msir5y7bxnsbaf8etzjf.png,2025-07-28 14:25:17,2025-07-28 14:26:41,6887884d63998afe5341558c
846,"Sacubitril-(2R,4R)-Isomer",PV-S001004,2259708-00-2,"4-(((2R,4R)-1-([1,1'-biphenyl]-4-yl)-5-ethoxy-4-methyl-5-oxopentan-2-yl)amino)-4-oxobutanoic acid",C24H29NO5,411.5,,In Stock,Sacubitril,API Impurity Standards,sacubitril-2r4r-isomer,https://pharmavive.com/products/browse/sacubitril/sacubitril-2r4r-isomer,https://res.cloudinary.com/dlkh6unr5/image/upload/v1753712837/products/fbiub6qjyaquxj93lc6c.png,2025-07-28 14:25:18,2025-07-28 14:27:18,6887884e63998afe53415594
847,"Sacubitril-(2S,4S)-Isomer",PV-S001003,149709-63-7,"4-(((2S,4S)-1-([1,1'-biphenyl]-4-yl)-5-ethoxy-4-methyl-5-oxopentan-2-yl)amino)-4-oxobutanoic acid",C24H29NO5,411.5,,In Stock,Sacubitril,API Impurity Standards,sacubitril-2s4s-isomer,https://pharmavive.com/products/browse/sacubitril/sacubitril-2s4s-isomer,https://res.cloudinary.com/dlkh6unr5/image/upload/v1753712817/products/hdlvtd6rltaqiidzhypn.png,2025-07-28 14:25:18,2025-07-28 14:26:57,6887884e63998afe53415590
848,Saxagliptin,PV-S002000,361442-04-8,"(1S,3S,5S)-2-((S)-2-amino-2-((1r,3R,5R,7S)-3-hydroxyadamantan-1-yl)acetyl)-2-azabicyclo[3.1.0]hexane-3-carbonitrile",C18H25N3O2,315.4,,In Stock,Saxagliptin,API Impurity Standards,saxagliptin,https://pharmavive.com/products/browse/saxagliptin/saxagliptin,https://res.cloudinary.com/dlkh6unr5/image/upload/v1753713064/products/ffha8s1as7tqqedja2w4.png,2025-07-28 14:30:14,2025-07-28 14:31:05,6887897663998afe5341563d
849,Saxagliptin Amide,PV-S002014,361440-68-8,"(1S,3S,5S)-2-azabicyclo[3.1.0]hexane-3-carboxamide",C6H10N2O,126.2,,In Stock,Saxagliptin,API Impurity Standards,saxagliptin-amide,https://pharmavive.com/products/browse/saxagliptin/saxagliptin-amide,https://res.cloudinary.com/dlkh6unr5/image/upload/v1753713289/products/btz1xahvebytzxsw7dvn.png,2025-07-28 14:30:24,2025-07-28 14:34:50,6887898063998afe53415675
850,Saxagliptin EP Impurity A,PV-S002001,1350800-76-8,"(1aS,4S,6aR,7aS)-6-Amino-1,1a,4,6a,7,7a-hexahydro-4-(3-hydroxytricyclo[3.3.1.13,7]dec-1-yl)-3H-Cyclopropa[4,5]pyrrolo[1,2-a]pyrazin-3-one; (1aS,4S,6aR,7aS)-4-((1r,3R,5R,7S)-3-hydroxyadamantan-1-yl)-6-iminooctahydro-3H-cyclopropa[4,5]pyrrolo[1,2-a]pyrazin-3-one",C18H25N3O2,209.3 : 36.5,,In Stock,Saxagliptin,API Impurity Standards,saxagliptin-ep-impurity-a,https://pharmavive.com/products/browse/saxagliptin/saxagliptin-ep-impurity-a,https://res.cloudinary.com/dlkh6unr5/image/upload/v1753713084/products/lhszq1q1rxkqu3zupnq2.png,2025-07-28 14:30:15,2025-07-28 14:31:24,6887897763998afe53415641
851,Saxagliptin EP Impurity B,PV-S002002,1496712-39-0,"(1S,3S,5S)-2-[(S)-amino(3-hydroxyadamantan-1-yl)acetyl]-2-azabicyclo[3.1.0]hexane-3-carboxamide (as per EP) ; (1S,3S,5S)-2-{(S)-2-Amino-2-[(1r,3R,5R,7S)-3-hydroxyadamantan-1-yl]acetyl}-2- azabicyclo[3.1.0]hexane-3-carboxamide (as per USP)",C18H27N3O3,333.4,,In Stock,Saxagliptin,API Impurity Standards,saxagliptin-ep-impurity-b,https://pharmavive.com/products/browse/saxagliptin/saxagliptin-ep-impurity-b,https://res.cloudinary.com/dlkh6unr5/image/upload/v1753713104/products/ktqdzxzqjbwbeswpguc0.png,2025-07-28 14:30:16,2025-07-28 14:31:45,6887897863998afe53415645
852,Saxagliptin EP Impurity C,PV-S002003,1350800-77-9,"(1aS,4S,6aR,7aS)-Hexahydro-4-(3-hydroxytricyclo[3.3.1.13,7]dec-1-yl)-1H-cyclopropa[4,5]pyrrolo[1,2-a]pyrazine-3,6-dione;  1H-​Cyclopropa[4,​5]​pyrrolo[1,​2-​a]​pyrazine-​3,​6-​dione, hexahydro-​4-​(3-​hydroxytricyclo[3.3.​1.13,​7]​dec-​1-​yl)​-​, (1aS,​4S,​6aR,​7aS)​-;  (1aS,4S,6aR,7aS)-4-((1r,3R,5R,7S)-3-hydroxyadamantan-1-yl)hexahydro-1H-cyclopropa[4,5]pyrrolo[1,2-a]pyrazine-3,6-dione",C18H24N2O3,316.4,,In Stock,Saxagliptin,API Impurity Standards,saxagliptin-ep-impurity-c,https://pharmavive.com/products/browse/saxagliptin/saxagliptin-ep-impurity-c,https://res.cloudinary.com/dlkh6unr5/image/upload/v1753713119/products/nr1rrmyps2wldwa1lvnp.png,2025-07-28 14:30:16,2025-07-28 14:32:00,6887897863998afe53415649
853,Semaglutide,PV-S003000,910463-68-2,"Glycine, L-histidyl-2-methylalanyl-L-α-glutamylglycyl-L-threonyl-L-phenylalanyl-L-threonyl-L-seryl-L-α-aspartyl-L-valyl-L-seryl-L-seryl-L-tyrosyl-L-leucyl-L-α-glutamylglycyl-L-glutaminyl-L-alanyl-L-alanyl-N6-[N-(17-carboxy-1-oxoheptadecyl)-L-γ-glutamyl-2-[2-(2-aminoethoxy)ethoxy]acetyl-2-[2-(2-aminoethoxy)ethoxy]acetyl]-L-lysyl-L-α-glutamyl-L-phenylalanyl-L-isoleucyl-L-alanyl-L-tryptophyl-L-leucyl-L-valyl-L-arginylglycyl-L-arginyl",C187H291N45O59,4113.6,,In Stock,Semaglutide,API Impurity Standards,semaglutide,https://pharmavive.com/products/browse/semaglutide/semaglutide,https://res.cloudinary.com/dlkh6unr5/image/upload/v1753713418/products/lnetubmquyrbnpwiihi3.png,2025-07-28 14:35:05,2025-07-28 14:36:58,68878a9963998afe534156f2
854,Silodosin,PV-S005000,160970-54-7,"(R)-1-(3-hydroxypropyl)-5-(2-((2-(2-(2,2,2-trifluoroethoxy)phenoxy)ethyl)amino)propyl)indoline-7-carboxamide",C25H32F3N3O4,495.6,,In Stock,Silodosin,API Impurity Standards,silodosin,https://pharmavive.com/products/browse/silodosin/silodosin,https://res.cloudinary.com/dlkh6unr5/image/upload/v1753714021/products/fwwli3lyy9whd9v3obsu.png,2025-07-28 14:45:39,2025-07-28 14:47:01,68878d1363998afe534157b7
855,Silodosin (S)-Isomer,PV-S005002,2182279-45-2,"(S)-1-(3-hydroxypropyl)-5-(2-((2-(2-(2,2,2-trifluoroethoxy)phenoxy)ethyl)amino)propyl)indoline-7-carboxamide",C25H32F3N3O4,495.5,,In Stock,Silodosin,API Impurity Standards,silodosin-s-isomer,https://pharmavive.com/products/browse/silodosin/silodosin-s-isomer,https://res.cloudinary.com/dlkh6unr5/image/upload/v1753714054/products/gzmayknlxlgabboycetn.png,2025-07-28 14:45:41,2025-07-28 14:47:35,68878d1563998afe534157bf
856,Silodosin Impurity 13,PV-S005012,885340-11-4,"3-{7-cyano-5-[(2R)-2-(2,2,2-trifluoroethoxy)-phenoxy]-ethyl}amino)-propyl]-2,3-dihydro-1H indol-1-yl]-propyl benzoate",C32H34F3N3O4,581.6,,In Stock,Silodosin,API Impurity Standards,silodosin-impurity-13,https://pharmavive.com/products/browse/silodosin/silodosin-impurity-13,https://res.cloudinary.com/dlkh6unr5/image/upload/v1753714229/products/xtnjz6vquyfgpfos18n3.png,2025-07-28 14:45:47,2025-07-28 14:50:29,68878d1b63998afe534157e7
857,Silodosin Impurity 15,PV-S005013,2052161-47-2,"5-(2-((2-(2-(2,2,2-trifluoroethoxy)phenoxy)ethyl)amino)propyl)indoline-7-carboxamide",C22H26F3N3O3,437.5,,In Stock,Silodosin,API Impurity Standards,silodosin-impurity-15,https://pharmavive.com/products/browse/silodosin/silodosin-impurity-15,https://res.cloudinary.com/dlkh6unr5/image/upload/v1753714245/products/pnzuwabhotjuefjhspow.png,2025-07-28 14:45:48,2025-07-28 14:50:46,68878d1c63998afe534157eb
858,Silodosin Impurity 16,PV-S005014,169506-15-4,2-(2-ethoxyphenoxy)ethyl methanesulfonate,C11H16O5S,260.3,,In Stock,Silodosin,API Impurity Standards,silodosin-impurity-16,https://pharmavive.com/products/browse/silodosin/silodosin-impurity-16,https://res.cloudinary.com/dlkh6unr5/image/upload/v1753714264/products/rehyw9whk43oidpxrk9n.png,2025-07-28 14:45:49,2025-07-28 14:51:04,68878d1d63998afe534157ef
859,Silodosin Impurity 17,PV-S005015,160969-02-8,"2[2-(2,2,2-Trifluoroethoxy)phenoxy]ethanol ; 2-(2-(2,2,2-trifluoroethoxy)phenoxy)ethan-1-ol",C10H11F3O3,236.2,,In Stock,Silodosin,API Impurity Standards,silodosin-impurity-17,https://pharmavive.com/products/browse/silodosin/silodosin-impurity-17,https://res.cloudinary.com/dlkh6unr5/image/upload/v1753714282/products/zy2i6k2hcwfrpejhksop.png,2025-07-28 14:45:49,2025-07-28 14:51:22,68878d1d63998afe534157f3
860,Silodosin Impurity 19,PV-S005016,160969-03-9,"2-(2-(2,2,2-trifluoroethoxy)phenoxy)ethyl methanesulfonate",C11H13F3O5S,314.3,,In Stock,Silodosin,API Impurity Standards,silodosin-impurity-19,https://pharmavive.com/products/browse/silodosin/silodosin-impurity-19,https://res.cloudinary.com/dlkh6unr5/image/upload/v1753714297/products/s9gepg1zpmlvvpfch3wh.png,2025-07-28 14:45:50,2025-07-28 14:51:38,68878d1e63998afe534157f7
861,Silodosin Impurity 22,PV-S005017,2052288-68-1,"(S)-3-(5-(2-aminopropyl)-7-cyanoindolin-1-yl)propyl benzoate (2R,3R)-2,3-dihydroxysuccinate",C22H25N3O2 : C4H6O6,363.5 : 150.1,,In Stock,Silodosin,API Impurity Standards,silodosin-impurity-22,https://pharmavive.com/products/browse/silodosin/silodosin-impurity-22,https://res.cloudinary.com/dlkh6unr5/image/upload/v1753714308/products/v0fv7oi6mmh2c6aw7flm.png,2025-07-28 14:45:51,2025-07-28 14:51:49,68878d1f63998afe534157fb
862,Silodosin Impurity 23,PV-S005018,239463-85-5,"(R)-3-(5-(2-aminopropyl)-7-cyanoindolin-1-yl)propyl benzoate (2R,3R)-2,3-dihydroxysuccinate;",C26H31N3O8,513.55,,In Stock,Silodosin,API Impurity Standards,silodosin-impurity-23,https://pharmavive.com/products/browse/silodosin/silodosin-impurity-23,https://res.cloudinary.com/dlkh6unr5/image/upload/v1753714319/products/kbaxg7rgjuefmgcudgle.png,2025-07-28 14:45:51,2025-07-28 14:52:00,68878d1f63998afe534157ff
863,Silodosin KSM I Carbonitrile Impurity 1,PV-S005010,1401991-17-0,(R)-5-(2-aminopropyl)-1-(3-hydroxypropyl)indoline-7-carbonitrile,C15H21N3O,259.4,,In Stock,Silodosin,API Impurity Standards,silodosin-ksm-i-carbonitrile-impurity-1,https://pharmavive.com/products/browse/silodosin/silodosin-ksm-i-carbonitrile-impurity-1,https://res.cloudinary.com/dlkh6unr5/image/upload/v1753714200/products/dac3vy9k1tykio1ofqax.png,2025-07-28 14:45:46,2025-07-28 14:50:00,68878d1a63998afe534157df
864,Silodosin Keto Impurity,PV-S005006,350797-57-8,"1-[3-(Benzoyloxy)propyl]-2,3-dihydro-5-(2-oxopropyl)-1H-Indole-7-carbonitrile",C22H22N2O3,362.4,,In Stock,Silodosin,API Impurity Standards,silodosin-keto-impurity,https://pharmavive.com/products/browse/silodosin/silodosin-keto-impurity,https://res.cloudinary.com/dlkh6unr5/image/upload/v1753714135/products/vvwye946kpwc1zscgdbs.png,2025-07-28 14:45:43,2025-07-28 14:48:55,68878d1763998afe534157cf
865,Silodosin N-Oxide,PV-S005005,N/A,"7-carbamoyl-1-(3-hydroxypropyl)-5-((R)-2-((2-(2-(2,2,2-trifluoroethoxy)phenoxy)ethyl)amino)propyl)indoline 1-oxide hydrochloride",C25H32F3N3O5 : HCl,511.5 : 36.5,,In Stock,Silodosin,API Impurity Standards,silodosin-n-oxide,https://pharmavive.com/products/browse/silodosin/silodosin-n-oxide,https://res.cloudinary.com/dlkh6unr5/image/upload/v1753714113/products/uy8x5ux47oyjyjnxbgwu.png,2025-07-28 14:45:43,2025-07-28 14:48:34,68878d1763998afe534157cb
866,Silodosin Carboxylic Acid Impurity 2,PV-S005008,1431373-77-1,"(R)-1-(3-hydroxypropyl)-5-(2-((2-(2-(2,2,2-trifluoroethoxy)phenoxy)ethyl)amino)propyl)indoline-7-carboxylic acid",C25H31F3N2O5,496.5,,In Stock,Silodosin,API Impurity Standards,silodosin-carboxylic-acid-impurity-2,https://pharmavive.com/products/browse/silodosin/silodosin-carboxylic-acid-impurity-2,https://res.cloudinary.com/dlkh6unr5/image/upload/v1753714169/products/lahg3imgkjz0mijhe6q3.png,2025-07-28 14:45:45,2025-07-28 14:49:29,68878d1963998afe534157d7
867,Silodosin Dehydro Impurity,PV-S005003,175870-21-0,"(R)-1-(3-hydroxypropyl)-5-(2-((2-(2-(2,2,2-trifluoroethoxy)phenoxy)ethyl)amino)propyl)-1H-indole-7-carboxamide",C25H30F3N3O4,493.5,,In Stock,Silodosin,API Impurity Standards,silodosin-dehydro-impurity,https://pharmavive.com/products/browse/silodosin/silodosin-dehydro-impurity,https://res.cloudinary.com/dlkh6unr5/image/upload/v1753714077/products/tzjqzy4fgsfgbr2ttbot.png,2025-07-28 14:45:41,2025-07-28 14:47:57,68878d1563998afe534157c3
868,Silodosin Nitrile Impurity,PV-S005001,885340-13-6,"(R)-1-(3-hydroxypropyl)-5-(2-((2-(2-(2,2,2-trifluoroethoxy)phenoxy)ethyl)amino)propyl)indoline-7-carbonitrile",C25H30F3N3O3,477.5,,In Stock,Silodosin,API Impurity Standards,silodosin-nitrile-impurity,https://pharmavive.com/products/browse/silodosin/silodosin-nitrile-impurity,https://res.cloudinary.com/dlkh6unr5/image/upload/v1753714038/products/ggus4kf56kmo2k2jpume.png,2025-07-28 14:45:40,2025-07-28 14:47:19,68878d1463998afe534157bb
869,Siponimod,PV-S004000,1230487-00-9,(E)-1-(4-(1-(((4-cyclohexyl-3-(trifluoromethyl)benzyl)oxy)imino)ethyl)-2-ethylbenzyl)azetidine-3-carboxylic acid,C29H35F3N2O3,516.6,,In Stock,Siponimod,API Impurity Standards,siponimod,https://pharmavive.com/products/browse/siponimod/siponimod,https://res.cloudinary.com/dlkh6unr5/image/upload/v1753713860/products/xhvxuhkugbkohlmq7nup.png,2025-07-28 14:43:21,2025-07-28 14:44:21,68878c8963998afe53415770
870,Siponimod Alcohol Impurity,PV-S004001,1418144-66-7,(E)-1-(3-ethyl-4-(hydroxymethyl)phenyl)ethan-1-one O-(4-cyclohexyl-3-(trifluoromethyl)benzyl) oxime,C25H30F3NO2,433.5,,In Stock,Siponimod,API Impurity Standards,siponimod-alcohol-impurity,https://pharmavive.com/products/browse/siponimod/siponimod-alcohol-impurity,https://res.cloudinary.com/dlkh6unr5/image/upload/v1753713876/products/sfdxfp5nln0zc3f86ief.png,2025-07-28 14:43:21,2025-07-28 14:44:36,68878c8963998afe53415774
871,Siponimod Aldehyde Impurity,PV-S004002,1230487-01-0,(E)-4-(1-(((4-cyclohexyl-3-(trifluoromethyl)benzyl)oxy)imino)ethyl)-2-ethylbenzaldehyde,C25H28F3NO2,431.5,,In Stock,Siponimod,API Impurity Standards,siponimod-aldehyde-impurity,https://pharmavive.com/products/browse/siponimod/siponimod-aldehyde-impurity,https://res.cloudinary.com/dlkh6unr5/image/upload/v1753713893/products/ndgl5dwm8ertvqy21gxl.png,2025-07-28 14:43:22,2025-07-28 14:44:53,68878c8a63998afe53415778
872,Siponimod Fumaric Acid Impurity,PV-S004003,110-17-8,Fumaric acid,C4H4O4,116.1,,In Stock,Siponimod,API Impurity Standards,siponimod-fumaric-acid-impurity,https://pharmavive.com/products/browse/siponimod/siponimod-fumaric-acid-impurity,https://res.cloudinary.com/dlkh6unr5/image/upload/v1753713906/products/gkppirubsbuw5ko9xiza.png,2025-07-28 14:43:23,2025-07-28 14:45:06,68878c8b63998afe5341577c
873,Siponimod Impurity 45,PV-S004004,2474774-17-7,1-(4-Acetyl-2-ethylbenzyl)azetidine-3-carboxylic Acid,C15H19NO3,261.32,,In Stock,Siponimod,API Impurity Standards,siponimod-impurity-45,https://pharmavive.com/products/browse/siponimod/siponimod-impurity-45,https://res.cloudinary.com/dlkh6unr5/image/upload/v1753713921/products/ocgmt2gu6bd2dwjb9ulx.png,2025-07-28 14:43:23,2025-07-28 14:45:21,68878c8b63998afe53415780
874,Sitagliptin,PV-S006000,486460-32-6,"(R)-3-amino-1-(3-(trifluoromethyl)-5,6-dihydro-[1,2,4]triazolo[4,3-a]pyrazin-7(8H)-yl)-4-(2,4,5-trifluorophenyl)butan-1-one",C16H15F6N5O,407.3,,In Stock,Sitagliptin,API Impurity Standards,sitagliptin,https://pharmavive.com/products/browse/sitagliptin/sitagliptin,https://res.cloudinary.com/dlkh6unr5/image/upload/v1753714459/products/zbwf1xguslkzr8wqzaxy.png,2025-07-28 14:52:16,2025-07-28 14:54:19,68878ea063998afe53415898
875,Sitagliptin Dioxo Impurity,PV-S006017,764667-64-3,"5-(1-hydroxy-2-(2,4,5-trifluorophenyl)ethylidene)-2,2-dimethyl-1,3-dioxane-4,6-dione;",C14H11F3O5,316.2,,In Stock,Sitagliptin,API Impurity Standards,sitagliptin-dioxo-impurity,https://pharmavive.com/products/browse/sitagliptin/sitagliptin-dioxo-impurity,https://res.cloudinary.com/dlkh6unr5/image/upload/v1753714769/products/xltu8qqfg0jsurnwivmg.png,2025-07-28 14:52:27,2025-07-28 14:59:29,68878eab63998afe534158dc
876,Sitagliptin EP Impurity A,PV-S006002,823817-55-6,"(S)-3-Amino-1-(3-(trifluoromethyl)-5,6-dihydro-[1,2,4]triazolo[4,3-a]pyrazin-7(8H)-yl)-4-(2,4,5-trifluorophenyl)butan-1-one",C16H15F6N5O,407.3,,In Stock,Sitagliptin,API Impurity Standards,sitagliptin-ep-impurity-a,https://pharmavive.com/products/browse/sitagliptin/sitagliptin-ep-impurity-a,https://res.cloudinary.com/dlkh6unr5/image/upload/v1753714517/products/sidxqkjzv8bh6fysxs7v.png,2025-07-28 14:52:17,2025-07-28 14:55:17,68878ea163998afe534158a0
877,Sitagliptin EP Impurity B,PV-S006003,486460-31-5,"(R)-3-Amino-4-(2,5-difluorophenyl)-1-(3-(trifluoromethyl)-5,6-dihydro-[1,2,4]triazolo[4,3-a]pyrazin-7(8H)-yl)butan-1-one",C16H16F5N5O,389.3,,In Stock,Sitagliptin,API Impurity Standards,sitagliptin-ep-impurity-b,https://pharmavive.com/products/browse/sitagliptin/sitagliptin-ep-impurity-b,https://res.cloudinary.com/dlkh6unr5/image/upload/v1753714531/products/jpywbwqjozwc0bsynmnh.png,2025-07-28 14:52:18,2025-07-28 14:55:32,68878ea263998afe534158a4
878,Sitagliptin EP Impurity C,PV-S006004,945261-48-3,"(R)-3-Amino-4-(2,4-difluorophenyl)-1-(3-(trifluoromethyl)-5,6-dihydro-[1,2,4]triazolo[4,3-a]pyrazin-7(8H)-yl)butan-1-one",C16H16F5N5O,389.3,,In Stock,Sitagliptin,API Impurity Standards,sitagliptin-ep-impurity-c,https://pharmavive.com/products/browse/sitagliptin/sitagliptin-ep-impurity-c,https://res.cloudinary.com/dlkh6unr5/image/upload/v1753714555/products/sfk6jvujlleml3iunsbp.png,2025-07-28 14:52:19,2025-07-28 14:55:55,68878ea363998afe534158a8
879,Sitagliptin Enamine Impurity,PV-S006008,767340-03-4,"(2Z)-4-Oxo-4-[3-(trifluoromethyl)-5,6-dihydro[1,2,4]triazolo[4,3-a]pyrazin-7(8H)-yl]-1-(2,4,5-trifluorophenyl)but-2-en-2-amine ;",C16H13F6N5O,405.3,,In Stock,Sitagliptin,API Impurity Standards,sitagliptin-enamine-impurity,https://pharmavive.com/products/browse/sitagliptin/sitagliptin-enamine-impurity,https://res.cloudinary.com/dlkh6unr5/image/upload/v1753714634/products/rspht0paec4us0owkjlv.png,2025-07-28 14:52:21,2025-07-28 14:57:15,68878ea563998afe534158b8
880,Sitagliptin FP Impurity C,PV-S006005,1803026-58-5,"(3E)-1-[3-(Trifluoromethyl)-5,6-dihydro[1,2,4]triazolo[4,3-a]pyrazin-7(8H)-yl]-4-(2,4,5-trifluorophenyl)but-3-en-1-one ;",C16H12F6N4O,390.3,,In Stock,Sitagliptin,API Impurity Standards,sitagliptin-fp-impurity-c,https://pharmavive.com/products/browse/sitagliptin/sitagliptin-fp-impurity-c,https://res.cloudinary.com/dlkh6unr5/image/upload/v1753714574/products/p1nx5jldzf91peqrgxav.png,2025-07-28 14:52:19,2025-07-28 14:56:14,68878ea363998afe534158ac
881,Sitagliptin FP Impurity D,PV-S006006,1253056-18-6,"(2E)-1-[3-(Trifluoromethyl)-5,6-dihydro[1,2,4]triazolo[4,3-a]pyrazin-7(8H)-yl]-4-(2,4,5-trifluorophenyl)but-2-en-1-one ;",C16H12F6N4O,390.3,,In Stock,Sitagliptin,API Impurity Standards,sitagliptin-fp-impurity-d,https://pharmavive.com/products/browse/sitagliptin/sitagliptin-fp-impurity-d,https://res.cloudinary.com/dlkh6unr5/image/upload/v1753714604/products/e70xsmh3pniwnzoteinc.png,2025-07-28 14:52:20,2025-07-28 14:56:45,68878ea463998afe534158b0
882,Sitagliptin Hydrochloride,PV-S006001,486459-71-6,"(R)-3-amino-1-(3-(trifluoromethyl)-5,6-dihydro-[1,2,4]triazolo[4,3-a]pyrazin-7(8H)-yl)-4-(2,4,5-trifluorophenyl)butan-1-one hydrochloride",C16H15F6N5O : HCl,407.3 : 36.5,,In Stock,Sitagliptin,API Impurity Standards,sitagliptin-hydrochloride,https://pharmavive.com/products/browse/sitagliptin/sitagliptin-hydrochloride,https://res.cloudinary.com/dlkh6unr5/image/upload/v1753714476/products/q9si9icykjpuoggvcidp.png,2025-07-28 14:52:17,2025-07-28 14:54:36,68878ea163998afe5341589c
883,Sitagliptin Hydroxy Amide Impurity,PV-S006009,1253056-01-7,"3-Hydroxy-1-(3-(trifluoromethyl)-5,6-dihydro-[1,2,4]triazolo[4,3-a]pyrazin-7(8H)-yl)-4-(2,4,5-trifluorophenyl)butan-1-one ;",C16H14F6N4O2,408.3,,In Stock,Sitagliptin,API Impurity Standards,sitagliptin-hydroxy-amide-impurity,https://pharmavive.com/products/browse/sitagliptin/sitagliptin-hydroxy-amide-impurity,https://res.cloudinary.com/dlkh6unr5/image/upload/v1753714648/products/u6mnnqglajlqdkobadod.png,2025-07-28 14:52:22,2025-07-28 14:57:28,68878ea663998afe534158bc
884,Sitagliptin Impurity 19 ((R)-Sitagliptin N-Boc-Acid Impurity),PV-S006015,486460-00-8,"(R)-3-((tert-butoxycarbonyl)amino)-4-(2,4,5-trifluorophenyl)butanoic acid",C15H18F3NO4,333.3,,In Stock,Sitagliptin,API Impurity Standards,sitagliptin-impurity-19-r-sitagliptin-n-boc-acid-impurity,https://pharmavive.com/products/browse/sitagliptin/sitagliptin-impurity-19-r-sitagliptin-n-boc-acid-impurity,https://res.cloudinary.com/dlkh6unr5/image/upload/v1753714728/products/oxyfhgsas3rrjmunr7sd.png,2025-07-28 14:52:26,2025-07-28 14:58:49,68878eaa63998afe534158d4
885,Sitagliptin Impurity O,PV-S006007,2072867-07-1,"(R)-3-Amino-N-((R)-4-oxo-4-(3-(trifluoromethyl)-5,6-dihydro-[1,2,4]triazolo[4,3-a]pyrazin-7(8H)-yl)-1-(2,4,5-trifluorophenyl)butan-2-yl)-4-(2,4,5-trifluorophenyl)butanamide",C26H23F9N6O2,622.5,,In Stock,Sitagliptin,API Impurity Standards,sitagliptin-impurity-o,https://pharmavive.com/products/browse/sitagliptin/sitagliptin-impurity-o,https://res.cloudinary.com/dlkh6unr5/image/upload/v1753714618/products/abfzmvjbqsdwbq7ppdb6.png,2025-07-28 14:52:21,2025-07-28 14:56:58,68878ea563998afe534158b4
886,Sitagliptin Ketoamide Impurity,PV-S006010,764667-65-4,"(2Z)-4-Oxo-4-[3-(trifluoroMethyl)-5,6-dihydro-[1,2,4] triazolo[4,3-a]pyrazine-7(8H)-yl]-1-(2,4,5-trifluorophenyl)butan-2-one ;",C16H12F6N4O2,406.3,,In Stock,Sitagliptin,API Impurity Standards,sitagliptin-ketoamide-impurity,https://pharmavive.com/products/browse/sitagliptin/sitagliptin-ketoamide-impurity,https://res.cloudinary.com/dlkh6unr5/image/upload/v1753714659/products/nx8xk24wyliorfzykpzh.png,2025-07-28 14:52:23,2025-07-28 14:57:40,68878ea763998afe534158c0
887,Sitagliptin N-Acetyl Impurity,PV-S006011,1379666-94-0,"7-[(3R)-3-[(N-Acetyl)amino]-1-oxo-4-(2,4,5-trifluorophenyl)butyl]-5,6,7,8-tetrahydro-3-(trifluoromethyl)-1,2,4-triazolo[4,3-a]pyrazine ;",C18H17F6N5O2,449.4,,In Stock,Sitagliptin,API Impurity Standards,sitagliptin-n-acetyl-impurity,https://pharmavive.com/products/browse/sitagliptin/sitagliptin-n-acetyl-impurity,https://res.cloudinary.com/dlkh6unr5/image/upload/v1753714673/products/eszcb73zdgjnkuj90ymj.png,2025-07-28 14:52:23,2025-07-28 14:57:53,68878ea763998afe534158c4
888,Sitagliptin Phosphate Monohydrate,PV-S006013,654671-77-9,"(R)-3-amino-1-(3-(trifluoromethyl)-5,6-dihydro-[1,2,4]triazolo[4,3-a]pyrazin-7(8H)-yl)-4-(2,4,5-trifluorophenyl)butan-1-one phosphate monohydrate",C16H15F6N5O : H3O4P : H2O,407.3 : 98.0 :18.0,,In Stock,Sitagliptin,API Impurity Standards,sitagliptin-phosphate-monohydrate,https://pharmavive.com/products/browse/sitagliptin/sitagliptin-phosphate-monohydrate,https://res.cloudinary.com/dlkh6unr5/image/upload/v1753714697/products/vg8x0mvvynbgscyiz5pt.png,2025-07-28 14:52:25,2025-07-28 14:58:18,68878ea963998afe534158cc
889,Sitagliptin Triazole Hydrochloride,PV-S006012,762240-92-6,"3-(Trifluoromethyl)-5,6,7,8-tetrahydro-[1,2,4]triazolo[4,3-a]pyrazine hydrochloride ;",C6H7F3N4 : HCl,192.1 : 36.5,,In Stock,Sitagliptin,API Impurity Standards,sitagliptin-triazole-hydrochloride,https://pharmavive.com/products/browse/sitagliptin/sitagliptin-triazole-hydrochloride,https://res.cloudinary.com/dlkh6unr5/image/upload/v1753714685/products/zgpjvph9bctjadwiqhfd.png,2025-07-28 14:52:24,2025-07-28 14:58:05,68878ea863998afe534158c8
890,Sulbactam,PV-S007000,68373-14-8,"(2S,5R)-3,3-Dimethyl-7-oxo-4-thia-1-azabicyclo[3.2.0]heptane-2-carboxylic acid 4,4-dioxide) (as per EP & USP)",C8H11NO5S,233.2,,In Stock,Sulbactam,API Impurity Standards,sulbactam,https://pharmavive.com/products/browse/sulbactam/sulbactam,https://res.cloudinary.com/dlkh6unr5/image/upload/v1753714897/products/mbpqe9hlw7urbdznckri.png,2025-07-28 15:00:41,2025-07-28 15:01:38,6887909963998afe534159b5
891,Sulbactam EP Impurity A,PV-S007002,23315-18-6,(2S)-2-amino-3-methyl-3-sulfinobutanoic acid,C5H11NO4S,181.2,,In Stock,Sulbactam,API Impurity Standards,sulbactam-ep-impurity-a,https://pharmavive.com/products/browse/sulbactam/sulbactam-ep-impurity-a,https://res.cloudinary.com/dlkh6unr5/image/upload/v1753714923/products/vhvy6domb7vs1m5zz0tg.png,2025-07-28 15:00:43,2025-07-28 15:02:04,6887909b63998afe534159bd
892,Sulbactam EP Impurity B,PV-S007003,551-16-6,"(2S,5R,6R)-6-amino-3,3-dimethyl-7-oxo-4-thia-1-azabicyclo[3.2.0]heptane-2-carboxylic acid",C8H12N2O3S,216.3,,In Stock,Sulbactam,API Impurity Standards,sulbactam-ep-impurity-b,https://pharmavive.com/products/browse/sulbactam/sulbactam-ep-impurity-b,https://res.cloudinary.com/dlkh6unr5/image/upload/v1753714940/products/drbawpea337egg861kxb.png,2025-07-28 15:00:43,2025-07-28 15:02:20,6887909b63998afe534159c1
893,Sulbactam EP Impurity C,PV-S007004,75527-87-6,"(2S,5R,6R)-6-bromo-3,3-dimethyl-7-oxo-4-thia-1-azabicyclo[3.2.0]heptane-2-carboxylic acid 4,4-dioxide",C8H10BrNO5S,312.1,,In Stock,Sulbactam,API Impurity Standards,sulbactam-ep-impurity-c,https://pharmavive.com/products/browse/sulbactam/sulbactam-ep-impurity-c,https://res.cloudinary.com/dlkh6unr5/image/upload/v1753714953/products/jo65srnoxiv7ccxzdfeh.png,2025-07-28 15:00:44,2025-07-28 15:02:34,6887909c63998afe534159c5
894,Sulbactam EP Impurity D,PV-S007005,4027-64-9,"(2S,5R,6R)-6-bromo-3,3-dimethyl-7-oxo-4-thia-1-azabicyclo[3.2.0]heptane-2-carboxylic acid potassium salt",C8H9BrNO3S : K,279.1 : 39.1,,In Stock,Sulbactam,API Impurity Standards,sulbactam-ep-impurity-d,https://pharmavive.com/products/browse/sulbactam/sulbactam-ep-impurity-d,https://res.cloudinary.com/dlkh6unr5/image/upload/v1753714964/products/wxpshmo8stfa803fyrle.png,2025-07-28 15:00:44,2025-07-28 15:02:45,6887909c63998afe534159c9
895,Sulbactam EP Impurity E,PV-S007006,76646-91-8,"(2S,5R)-6,6-dibromo-3,3-dimethyl-7-oxo-4-thia-1-azabicyclo[3.2.0]heptane-2-carboxylic acid 4,4-dioxide",C8H9Br2NO5S,391,,In Stock,Sulbactam,API Impurity Standards,sulbactam-ep-impurity-e,https://pharmavive.com/products/browse/sulbactam/sulbactam-ep-impurity-e,https://res.cloudinary.com/dlkh6unr5/image/upload/v1753714978/products/n8yrvtjdci3ugxt3tqoz.png,2025-07-28 15:00:45,2025-07-28 15:02:59,6887909d63998afe534159cd
896,Sulbactam EP Impurity F,PV-S007007,24158-88-1,"(2S,5R)-6,6-dibromo-3,3-dimethyl-7-oxo-4-thia-1-azabicyclo[3.2.0]heptane-2-carboxylic acid",C8H9Br2NO3S,359,,In Stock,Sulbactam,API Impurity Standards,sulbactam-ep-impurity-f,https://pharmavive.com/products/browse/sulbactam/sulbactam-ep-impurity-f,https://res.cloudinary.com/dlkh6unr5/image/upload/v1753714992/products/flrekzgtgqwzixi11xwl.png,2025-07-28 15:00:46,2025-07-28 15:03:12,6887909e63998afe534159d1
897,Sulbactam EP Impurity G,PV-S007008,N/A,(2S)-2-[[(2E)-2-carboxyethenyl]amino]-3-methyl-3-sulfinobutanoic acid,C8H13NO6S,251.3,,In Stock,Sulbactam,API Impurity Standards,sulbactam-ep-impurity-g,https://pharmavive.com/products/browse/sulbactam/sulbactam-ep-impurity-g,https://res.cloudinary.com/dlkh6unr5/image/upload/v1753715003/products/kazhco2dipvse9zfiqtn.png,2025-07-28 15:00:46,2025-07-28 15:03:24,6887909e63998afe534159d5
898,Sulbactam Sodium,PV-S007001,69388-84-7,"(2S,5R)-3,3-dimethyl-7-oxo-4-thia-1-azabicyclo[3.2.0]heptane-2-carboxylate 4,4-dioxide Sodium",C8H10NO5S : Na,232.2 : 23.0,,In Stock,Sulbactam,API Impurity Standards,sulbactam-sodium,https://pharmavive.com/products/browse/sulbactam/sulbactam-sodium,https://res.cloudinary.com/dlkh6unr5/image/upload/v1753714910/products/pu5wgundrwpo4vhedjvx.png,2025-07-28 15:00:42,2025-07-28 15:01:50,6887909a63998afe534159b9
899,Sumatriptan,PV-S008000,103628-46-2,1-(3-(2-(dimethylamino)ethyl)-1H-indol-5-yl)-N-methylmethanesulfonamide,C14H21N3O2S,295.4,,In Stock,Sumatriptan,API Impurity Standards,sumatriptan,https://pharmavive.com/products/browse/sumatriptan/sumatriptan,https://res.cloudinary.com/dlkh6unr5/image/upload/v1753715264/products/haefb23sudfluj0ya4pa.png,2025-07-28 15:03:39,2025-07-28 15:07:45,6887914b63998afe53415a28
900,Sumatriptan EP Impurity A,PV-S008002,545338-89-4,1-(3-(2-(dimethylamino)ethyl)-2-((3-((dimethylamino)methyl)-1H-indol-5-yl)methyl)-1H-indol-5-yl)-N-methylmethanesulfonamide,C27H37N5O2S,495.7,,In Stock,Sumatriptan,API Impurity Standards,sumatriptan-ep-impurity-a,https://pharmavive.com/products/browse/sumatriptan/sumatriptan-ep-impurity-a,https://res.cloudinary.com/dlkh6unr5/image/upload/v1753715351/products/jg4xedlurhacftdxzig6.png,2025-07-28 15:03:40,2025-07-28 15:09:11,6887914c63998afe53415a30
901,Sumatriptan EP Impurity B (HCl),PV-S008003,N/A,N-Methyl-1-{3-[2-(methylamino)ethyl]-1H-indol-5-yl}methanesulfonamide hydrochloride (as per USP),C13H19N3O2S : HCl,281.4 : 36.5,,In Stock,Sumatriptan,API Impurity Standards,sumatriptan-ep-impurity-b-hcl,https://pharmavive.com/products/browse/sumatriptan/sumatriptan-ep-impurity-b-hcl,https://res.cloudinary.com/dlkh6unr5/image/upload/v1753715362/products/fahpk7boxebxsp9ohw4o.png,2025-07-28 15:03:41,2025-07-28 15:09:23,6887914d63998afe53415a34
902,Sumatriptan EP Impurity C,PV-S008004,1797905-62-4,1-(3-(2-(dimethylamino)ethyl)-1-(hydroxymethyl)-1H-indol-5-yl)-N-methylmethanesulfonamide,C15H23N3O3S,325.4,,In Stock,Sumatriptan,API Impurity Standards,sumatriptan-ep-impurity-c,https://pharmavive.com/products/browse/sumatriptan/sumatriptan-ep-impurity-c,https://res.cloudinary.com/dlkh6unr5/image/upload/v1753715375/products/ppnameqiwddqjospragl.png,2025-07-28 15:03:42,2025-07-28 15:09:35,6887914e63998afe53415a38
903,Sumatriptan EP Impurity D,PV-S008005,212069-94-8,"N,N-dimethyl-2-(5-((N-methylsulfamoyl)methyl)-1H-indol-3-yl)ethan-1-amine oxide",C14H21N3O3S,311.4,,In Stock,Sumatriptan,API Impurity Standards,sumatriptan-ep-impurity-d,https://pharmavive.com/products/browse/sumatriptan/sumatriptan-ep-impurity-d,https://res.cloudinary.com/dlkh6unr5/image/upload/v1753715386/products/nl1ldmbhcyddzqjxwz1r.png,2025-07-28 15:03:42,2025-07-28 15:09:47,6887914e63998afe53415a3c
904,Sumatriptan EP Impurity E,PV-S008006,88919-22-6,1-(3-(2-aminoethyl)-1H-indol-5-yl)-N-methylmethanesulfonamide,C12H17N3O2S,267.4,,In Stock,Sumatriptan,API Impurity Standards,sumatriptan-ep-impurity-e,https://pharmavive.com/products/browse/sumatriptan/sumatriptan-ep-impurity-e,https://res.cloudinary.com/dlkh6unr5/image/upload/v1753715397/products/jktcsiw1sgtrdfnsoi4v.png,2025-07-28 15:03:43,2025-07-28 15:09:58,6887914f63998afe53415a40
905,Sumatriptan EP Impurity F,PV-S008007,2074615-63-5,"N-methyl-1-(2,3,4,9-tetrahydro-1H-pyrido[3,4-b]indol-6-yl)methanesulfonamide",C13H17N3O2S,279.4,,In Stock,Sumatriptan,API Impurity Standards,sumatriptan-ep-impurity-f,https://pharmavive.com/products/browse/sumatriptan/sumatriptan-ep-impurity-f,https://res.cloudinary.com/dlkh6unr5/image/upload/v1753715408/products/bh0ydmdaf8ffwnubxpny.png,2025-07-28 15:03:44,2025-07-28 15:10:08,6887915063998afe53415a44
906,Sumatriptan EP Impurity G,PV-S008008,2074614-56-3,"N-methyl-1-(2-methyl-2,3,4,9-tetrahydro-1H-pyrido[3,4-b]indol-6-yl)methanesulfonamide",C14H19N3O2S,293.4,,In Stock,Sumatriptan,API Impurity Standards,sumatriptan-ep-impurity-g,https://pharmavive.com/products/browse/sumatriptan/sumatriptan-ep-impurity-g,https://res.cloudinary.com/dlkh6unr5/image/upload/v1753715420/products/jtgrmy47wvhcthhxa8d5.png,2025-07-28 15:03:44,2025-07-28 15:10:21,6887915063998afe53415a48
907,Sumatriptan EP Impurity H,PV-S008009,1391052-59-7,1-(3-(2-(dimethylamino)ethyl)-1-((3-(2-(dimethylamino)ethyl)-1H-indol-5-yl)methyl)-1H-indol-5-yl)-N-methylmethanesulfonamide,C27H37N5O2S,495.7,,In Stock,Sumatriptan,API Impurity Standards,sumatriptan-ep-impurity-h,https://pharmavive.com/products/browse/sumatriptan/sumatriptan-ep-impurity-h,https://res.cloudinary.com/dlkh6unr5/image/upload/v1753715433/products/byf8roubctcimanebiq4.png,2025-07-28 15:03:45,2025-07-28 15:10:34,6887915163998afe53415a4c
908,Sumatriptan Succinate,PV-S008001,103628-48-4,1-(3-(2-(dimethylamino)ethyl)-1H-indol-5-yl)-N-methylmethanesulfonamide succinate,C14H21N3O2S : C4H6O4,295.4 : 118.1,,In Stock,Sumatriptan,API Impurity Standards,sumatriptan-succinate,https://pharmavive.com/products/browse/sumatriptan/sumatriptan-succinate,https://res.cloudinary.com/dlkh6unr5/image/upload/v1753715338/products/xvlgjvfsmscslfhqcjol.png,2025-07-28 15:03:40,2025-07-28 15:08:58,6887914c63998afe53415a2c
909,Tacrolimus,PV-T001000,104987-11-3,"(3S,4R,5S,8R,9E,12S,14S,15R,16S,18R,19R,26aS)-5,19-dihydroxy-3-[(1E)-1-[(1R,3R,4R)-4-hydroxy-3-methoxycyclohexyl]prop-1-en-2-yl]-14,16-dimethoxy-4,10,12,18-tetramethyl-8-(prop-2-en-1-yl)-3,4,5,6,8,11,12,13,14,15,16,17,18,19,24,25,26,26a-octadecahydro-7H-15,19-epoxypyrido[2,1-c][1,4]oxaazacyclotricosine-1,7,20,21(23H)-tetrone (as per EP); (−)-(3S,4R,5S,8R,9E,12S,14S,15R,16S,18R,19R,26aS)-8-Allyl-5,6,8,11,12,13,14,15,16,17,18,19,24,25,26,26a-hexadecahydro-5,19-dihydroxy-3-[(E)-2-[(1R,3R,4R)-4-hydroxy-3-methoxycyclohexyl]-1-methylvinyl]-14,16-dimethoxy-4,10,12,18-tetramethyl-15,19-epoxy-3H-pyrido[2,1-c][1,4]oxaazacyclotricosine-1,7,20,21(4H,23H)-tetrone (as per USP)",C44H69NO12,804,,In Stock,Tacrolimus,API Impurity Standards,tacrolimus,https://pharmavive.com/products/browse/tacrolimus/tacrolimus,https://res.cloudinary.com/dlkh6unr5/image/upload/v1753715557/products/h1fr4ljcghqmdnmehxkt.png,2025-07-28 15:10:54,2025-07-28 15:12:37,688792fe63998afe53415aa6
910,Tacrolimus Dehydro Impurity,PV-T001007,129212-37-9,"15,​19-​Epoxy-​3H-​pyrido[2,​1-​c]​[1,​4]​oxaazacyclotricosine​-​1,​7,​20,​21(4H,​23H)​-​tetrone, 8,​11,​12,​13,​14,​15,​16,​17,​18,​19,​24,​25,​26,​26a-​tetradecahydro-​19-​hydroxy-​3-​[2-​(4-​hydroxy-​3-​methoxycyclohexyl)​-​1-​methylethenyl]​-​14,​16-​dimethoxy-​4,​10,​12,​18-​tetramethyl-​8-​(2-​propenyl)​-​, [3S-​[3R*[E(1S*,​3S*,​4S*)​]​,​4S*,​5E,​8R*,​9E,​12R*,​14R*,​15S*,​16R*,​18S*,​26aR*]​]​- (9CI)",C44H67NO11,786,,In Stock,Tacrolimus,API Impurity Standards,tacrolimus-dehydro-impurity,https://pharmavive.com/products/browse/tacrolimus/tacrolimus-dehydro-impurity,https://res.cloudinary.com/dlkh6unr5/image/upload/v1753715654/products/ixqg3xupb0bippr7r1qr.png,2025-07-28 15:10:58,2025-07-28 15:14:14,6887930263998afe53415ac2
911,Tacrolimus EP Impurity D,PV-T001002,129212-35-7,"(3S,4R,5S,8S,9E,12S,14S,15R,16S,18R,19R,26aS)-5,19-dihydroxy-3-[(1E)-1-[(1R,3R,4R)-4-hydroxy-3-methoxycyclohexyl]prop-1-en-2-yl]-14,16-dimethoxy-4,10,12,18-tetramethyl-8-(prop-2-en-1-yl)-3,4,5,6,8,11,12,13,14,15,16,17,18,19,24,25,26,26a-octadecahydro-7H-15,19-epoxypyrido[2,1-c][1,4]oxaazacyclotricosine-1,7,20,21(23H)-tetrone (as per EP); (3S,4R,5S,8S,9E,12S,14S,15R,16S,18R,19R,26aS)-8-Allyl-5,6,8,11,12,13,14,15,16,17,18,19,24,25,26,26a-hexadecahydro-5,19-dihydroxy-3-{(E)-2-[(1R,3R,4R)-4-hydroxy-3-methoxycyclohexyl]-1-methylvinyl}-14,16-dimethoxy-4,10,12,18-tetramethyl-15,19-epoxy-3H-pyrido[2,1-c][1,4]oxaazacyclotricosine-1,7,20,21(4H,23H)-tetrone (as per USP)",C44H69NO12,804,,In Stock,Tacrolimus,API Impurity Standards,tacrolimus-ep-impurity-d,https://pharmavive.com/products/browse/tacrolimus/tacrolimus-ep-impurity-d,https://res.cloudinary.com/dlkh6unr5/image/upload/v1753715583/products/edommdcxnbrpnvzstvoz.png,2025-07-28 15:10:55,2025-07-28 15:13:03,688792ff63998afe53415aae
912,Tacrolimus EP Impurity H,PV-T001003,143210-33-7,"(1E,3S,4R,5S,8R,9E,12S,14S)-5-hydroxy-1-[(1R,3R,4R)-4-hydroxy-3-methoxycyclohexyl]-14-methoxy-14-[(2R,3S,5R)-3-methoxy-5-methyl-6-oxooxan-2-yl]-2,4,10,12-tetramethyl-7-oxo-8-(prop-2-en-1-yl)tetradeca-1,9-dien-3-yl (2S)-1-formylpiperidine-2- carboxylate (as per EP)",C43H69NO11,776,,In Stock,Tacrolimus,API Impurity Standards,tacrolimus-ep-impurity-h,https://pharmavive.com/products/browse/tacrolimus/tacrolimus-ep-impurity-h,https://res.cloudinary.com/dlkh6unr5/image/upload/v1753715596/products/rdkbiizgm82hs0wmbqxf.png,2025-07-28 15:10:56,2025-07-28 15:13:16,6887930063998afe53415ab2
913,Tacrolimus EP Impurity I,PV-T001004,104987-16-8,"(3S,4R,5E,8R,9E,12S,14S,15R,16S,18R,19R,26aS)-19-hydroxy-3-[(1E)-1-[(1R,3R,4R)-4-hydroxy-3-methoxycyclohexyl]prop-1-en-2-yl]-14,16-dimethoxy-4,10,12,18-tetramethyl-8-(prop-2-en-1-yl)-3,4,8,11,12,13,14,15,16,17,18,19,24,25,26,26a- hexadecahydro-7H-15,19-epoxypyrido[2,1-c][1,4]oxaazacyclotricosine-1,7,20,21(23H)-tetrone (as per EP); (14E,18E)-17-Allyl-1-hydroxy-12-[(E)-2-(4-hydroxy-3-methoxycyclohexyl)-1-methylvinyl]-23,25-dimethoxy-13,19,21,27-tetramethyl-11,28-dioxa-4-azatricyclo[22.3.1.04,9] octacosa-14,18-diene-2,3,10,16-tetrone (as per USP)",C44H67NO11,786,,In Stock,Tacrolimus,API Impurity Standards,tacrolimus-ep-impurity-i,https://pharmavive.com/products/browse/tacrolimus/tacrolimus-ep-impurity-i,https://res.cloudinary.com/dlkh6unr5/image/upload/v1753715617/products/fksq4ay9jwpbzhql4btg.png,2025-07-28 15:10:56,2025-07-28 15:13:37,6887930063998afe53415ab6
914,Tacrolimus Hydrate,PV-T001001,109581-93-3,"(3S,4R,5S,8R,9E,12S,14S,15R,16S,18R,19R,26aS)-5,19-dihydroxy-3-[(1E)-1-[(1R,3R,4R)-4-hydroxy-3-methoxycyclohexyl]prop-1-en-2-yl]-14,16-dimethoxy-4,10,12,18-tetramethyl-8-(prop-2-en-1-yl)-3,4,5,6,8,11,12,13,14,15,16,17,18,19,24,25,26,26a-octadecahydro-7H-15,19-epoxypyrido[2,1-c][1,4]oxaazacyclotricosine-1,7,20,21(23H)-tetrone monohydrate (as per EP);  (−)-(3S,4R,5S,8R,9E,12S,14S,15R,16S,18R,19R,26aS)-8-Allyl-5,6,8,11,12,13,14,15,16,17,18,19,24,25,26,26a-hexadecahydro-5,19-dihydroxy-3-[(E)-2-[(1R,3R,4R)-4-hydroxy-3-methoxycyclohexyl]-1-methylvinyl]-14,16-dimethoxy-4,10,12,18-tetramethyl-15,19-epoxy-3H-pyrido[2,1-c][1,4]oxaazacyclotricosine-1,7,20,21(4H,23H)-tetrone monohydrate (as per USP)",C44H69NO12 : H2O,804.0 : 18.0,,In Stock,Tacrolimus,API Impurity Standards,tacrolimus-hydrate,https://pharmavive.com/products/browse/tacrolimus/tacrolimus-hydrate,https://res.cloudinary.com/dlkh6unr5/image/upload/v1753715570/products/cfojhhweuwzfeentwdmj.png,2025-07-28 15:10:54,2025-07-28 15:12:50,688792fe63998afe53415aaa
915,Tacrolimus Hydroxy Acid Impurity,PV-T001006,1700657-83-5,"(3S,4R,5S,8R,12S,14S,15R,16S,18R,25aS,E)-8-allyl-5,15,19-trihydroxy-3-((E)-1-((1R,3R,4R)-4-hydroxy-3-methoxycyclohexyl)prop-1-en-2-yl)-14,16-dimethoxy-4,10,12,18-tetramethyl-1,7,20-trioxo-1,3,4,5,6,7,8,11,12,13,14,15,16,17,18,19,20,22,23,24,25,25a-docosahydropyrido[2,1-c][1]oxa[4]azacyclodocosine-19-carboxylic acid",C44H71NO13,822,,In Stock,Tacrolimus,API Impurity Standards,tacrolimus-hydroxy-acid-impurity,https://pharmavive.com/products/browse/tacrolimus/tacrolimus-hydroxy-acid-impurity,https://res.cloudinary.com/dlkh6unr5/image/upload/v1753715642/products/xlg5icbaelnjjf1j45bj.png,2025-07-28 15:10:58,2025-07-28 15:14:02,6887930263998afe53415abe
916,Tacrolimus Impurity 1,PV-T001009,123719-19-7,"[3S-[3R*[E(1S*,3S*,4S*)],4S*,5R*,8S*,9E,12R*,14R*,15S*,16R*,18S*,19S*,25aR*]]- 3,4,5,6,8,11,12,13,14,15,16,17,18,19,23,24,25,25a-Octadecahydro-5,19-dihydroxy-3-[2-(4-hydroxy-3-methoxycyclohexyl)-1-methylethenyl]-14,16-dimethoxy-4,10,12,18-tetramethyl-8-(2-propenyl)-15,19-epoxypyrido[2,1-c][1,4]oxaazacyclodocosine-1,7,20(22H)-trione",C43H69NO11,776,,In Stock,Tacrolimus,API Impurity Standards,tacrolimus-impurity-1,https://pharmavive.com/products/browse/tacrolimus/tacrolimus-impurity-1,https://res.cloudinary.com/dlkh6unr5/image/upload/v1753715680/products/ctewrikdduibsehwrkfa.png,2025-07-28 15:11:00,2025-07-28 15:14:41,6887930463998afe53415aca
917,Tacrolimus Methyl Acryl Aldehyde Impurity,PV-T001008,109466-74-2,"(E)-3-((1R,3R,4R)-4-hydroxy-3-methoxycyclohexyl)-2-methylacrylaldehyde (as per USP)",C11H18O3,198.3,,In Stock,Tacrolimus,API Impurity Standards,tacrolimus-methyl-acryl-aldehyde-impurity,https://pharmavive.com/products/browse/tacrolimus/tacrolimus-methyl-acryl-aldehyde-impurity,https://res.cloudinary.com/dlkh6unr5/image/upload/v1753715666/products/wgchria9mjolqln2dg50.png,2025-07-28 15:10:59,2025-07-28 15:14:27,6887930363998afe53415ac6
918,Tacrolimus Regioisomer,PV-T001005,131944-48-4,"[3R-[3R*(1R*,3R*,4R*),4E,6S*,7S*,10R*,11E,14S*,16S*,17R*,18S*,20R*,21R*,28aS*]]-7,8,10,13,14,15,16,17,18,19,20,21,26,27,28,28a-Hexadecahydro-7,21-dihydroxy-3-(4-hydroxy-3-methoxy cyclohexyl) -16,18-dimethoxy -4,6,12,14,20-pentamethyl-10-(2-propenyl) -7,21-epoxy-3H-pyrido[2,1-c][1,4]oxaazacyclopentacosine-1,9,22,23(6H,25H)-tetrone",C44H69NO12,804,,In Stock,Tacrolimus,API Impurity Standards,tacrolimus-regioisomer,https://pharmavive.com/products/browse/tacrolimus/tacrolimus-regioisomer,https://res.cloudinary.com/dlkh6unr5/image/upload/v1753715629/products/oedtie7g2d1sj8swq002.png,2025-07-28 15:10:57,2025-07-28 15:13:49,6887930163998afe53415aba
919,Tapentadol,PV-T010000,175591-23-8,"3-((2R,3R)-1-(dimethylamino)-2-methylpentan-3-yl)phenol",C14H23NO,221.3,,In Stock,Tapentadol,Uncategorized,tapentadol,https://pharmavive.com/products/browse/tapentadol/tapentadol,https://res.cloudinary.com/dlkh6unr5/image/upload/v1753717766/products/nydwf3w6ol2xtjkvynfz.png,2025-07-28 15:48:40,2025-07-28 15:49:26,68879bd863998afe53415de4
920,Tapentadol EP Impurity A,PV-T010002,454221-04-6,"3-[(2S,3S)-1-(dimethylamino)-2-methylpentan-3-yl]phenol",C14H23NO,221.3,,In Stock,Tapentadol,Uncategorized,tapentadol-ep-impurity-a,https://pharmavive.com/products/browse/tapentadol/tapentadol-ep-impurity-a,https://res.cloudinary.com/dlkh6unr5/image/upload/v1753717791/products/sjkypuk81madnuxhestu.png,2025-07-28 15:48:42,2025-07-28 15:49:51,68879bda63998afe53415dec
921,Tapentadol EP Impurity B,PV-T010003,953400-57-2,"3-[(2R,3S)-1-(dimethylamino)-2-methylpentan-3-yl]phenol",C14H23NO,221.3,,In Stock,Tapentadol,Uncategorized,tapentadol-ep-impurity-b,https://pharmavive.com/products/browse/tapentadol/tapentadol-ep-impurity-b,https://res.cloudinary.com/dlkh6unr5/image/upload/v1753717824/products/qgybtmeousqwtm3brhdj.png,2025-07-28 15:48:42,2025-07-28 15:50:25,68879bda63998afe53415df0
922,Tapentadol EP Impurity C,PV-T010004,731764-76-4,"3-[(2Z,4R)-5-(dimethylamino)-4-methylpent-2-en-3-yl]phenol",C14H21NO,219.3,,In Stock,Tapentadol,Uncategorized,tapentadol-ep-impurity-c,https://pharmavive.com/products/browse/tapentadol/tapentadol-ep-impurity-c,https://res.cloudinary.com/dlkh6unr5/image/upload/v1753717842/products/tdhmahcnu3x2ltmvwqsn.png,2025-07-28 15:48:43,2025-07-28 15:50:42,68879bdb63998afe53415df4
923,Tapentadol EP Impurity D,PV-T010005,1422011-96-8,3-[(2Z)-1-(dimethylamino)-2-methylpent-2-en-3-yl]phenol,C14H21NO,219.3,,In Stock,Tapentadol,Uncategorized,tapentadol-ep-impurity-d,https://pharmavive.com/products/browse/tapentadol/tapentadol-ep-impurity-d,https://res.cloudinary.com/dlkh6unr5/image/upload/v1753717855/products/jlytrt6ojjm8mjaxhvdw.png,2025-07-28 15:48:44,2025-07-28 15:50:55,68879bdc63998afe53415df8
924,Tapentadol EP Impurity E,PV-T010006,175591-22-7,"(2R,3R)-3-(3-Methoxyphenyl)-N,N,2-trimethylpentan-1-amine",C15H25NO,235.4,,In Stock,Tapentadol,Uncategorized,tapentadol-ep-impurity-e,https://pharmavive.com/products/browse/tapentadol/tapentadol-ep-impurity-e,https://res.cloudinary.com/dlkh6unr5/image/upload/v1753717865/products/ogu4lgmuzkjrkervnves.png,2025-07-28 15:48:44,2025-07-28 15:51:06,68879bdc63998afe53415dfc
925,Tapentadol Hydrochloride,PV-T010001,175591-09-0,"3-[(2R,3R)-1-(Dimethylamino)-2-methylpentan-3-yl]phenol hydrochloride",C14H23NO : HCl,221.3 : 36.5,,In Stock,Tapentadol,Uncategorized,tapentadol-hydrochloride,https://pharmavive.com/products/browse/tapentadol/tapentadol-hydrochloride,https://res.cloudinary.com/dlkh6unr5/image/upload/v1753717777/products/ibmsg3daouoii58xtme7.png,2025-07-28 15:48:41,2025-07-28 15:49:38,68879bd963998afe53415de8
926,Tazobactam,PV-T002000,89786-04-9,"(2S,3S,5R)-3-Methyl-7-oxo-3-(1H-1,2,3-triazol-1-ylmethyl)-4-thia-1-azabicyclo[3.2.0]heptane-2-carboxylic acid 4,4-dioxide",C10H12N4O5S,300.3,,In Stock,Tazobactam,API Impurity Standards,tazobactam,https://pharmavive.com/products/browse/tazobactam/tazobactam,https://res.cloudinary.com/dlkh6unr5/image/upload/v1753715938/products/uyytksavckhxvkvbpjoq.png,2025-07-28 15:18:31,2025-07-28 15:18:58,688794c763998afe53415b5a
927,Tazobactam Sodium,PV-T002001,89785-84-2,"(2S,3S,5R)-3-((1H-1,2,3-triazol-1-yl)methyl)-3-methyl-7-oxo-4-thia-1-azabicyclo[3.2.0]heptane-2-carboxylic acid 4,4-dioxide",C10H12N4O5S : Na,300.3 : 23.0,,In Stock,Tazobactam,API Impurity Standards,tazobactam-sodium,https://pharmavive.com/products/browse/tazobactam/tazobactam-sodium,https://res.cloudinary.com/dlkh6unr5/image/upload/v1753715948/products/xh7z2l8qpqd0dussdjrg.png,2025-07-28 15:18:32,2025-07-28 15:19:09,688794c863998afe53415b5e
928,Tazobactam USP Related Compound A,PV-T002002,120701-87-3,"(2S,3S)-2-Amino-3-methyl-3-sulfino-4-(1H-1,2,3-triazol-1-yl)butyric acid (as per USP)",C7H12N4O4S,248.3,,In Stock,Tazobactam,API Impurity Standards,tazobactam-usp-related-compound-a,https://pharmavive.com/products/browse/tazobactam/tazobactam-usp-related-compound-a,https://res.cloudinary.com/dlkh6unr5/image/upload/v1753715961/products/ebph8wzvas52aqpsqynh.png,2025-07-28 15:18:33,2025-07-28 15:19:22,688794c963998afe53415b62
929,Tenofovir,PV-T003000,147127-20-6,(R)-9-(2-Phosphonomethoxypropyl)adenine,C9H14N5O4P,287.2,,In Stock,Tenofovir,API Impurity Standards,tenofovir,https://pharmavive.com/products/browse/tenofovir/tenofovir,https://res.cloudinary.com/dlkh6unr5/image/upload/v1753716016/products/foqzbhu79f6w4aitzzdb.png,2025-07-28 15:19:36,2025-07-28 15:20:16,6887950863998afe53415b8b
930,Tenofovir (R)-Propanol Impurity,PV-T003001,14047-28-0,(R)-1-(6-Amino-9H-purin-9-yl)propan-2-ol,C8H11N5O,193.2,,In Stock,Tenofovir,API Impurity Standards,tenofovir-r-propanol-impurity,https://pharmavive.com/products/browse/tenofovir/tenofovir-r-propanol-impurity,https://res.cloudinary.com/dlkh6unr5/image/upload/v1753716027/products/ivekay7kdsta6ld2nnif.png,2025-07-28 15:19:36,2025-07-28 15:20:27,6887950863998afe53415b8f
931,Tenofovir (S)-Isomer,PV-T003002,147127-19-3,(S)-9-(2-Phosphonomethoxypropyl)adenine,C9H14N5O4P,287.2,,In Stock,Tenofovir,API Impurity Standards,tenofovir-s-isomer,https://pharmavive.com/products/browse/tenofovir/tenofovir-s-isomer,https://res.cloudinary.com/dlkh6unr5/image/upload/v1753716039/products/cb8ff2i9mzl8piouwomm.png,2025-07-28 15:19:37,2025-07-28 15:20:39,6887950963998afe53415b93
932,Tenofovir (S)-Propanol Impurity,PV-T003003,14047-27-9,(S)-1-(6-Amino-9H-purin-9-yl)propan-2-ol,C8H11N5O,193.2,,In Stock,Tenofovir,API Impurity Standards,tenofovir-s-propanol-impurity,https://pharmavive.com/products/browse/tenofovir/tenofovir-s-propanol-impurity,https://res.cloudinary.com/dlkh6unr5/image/upload/v1753716049/products/yvg2wqqk2vjhipdwmuim.png,2025-07-28 15:19:38,2025-07-28 15:20:50,6887950a63998afe53415b97
933,Tenofovir Desmethyl Impurity,PV-T003004,106941-25-7,(2-(6-Amino-9H-purin-9-yl)ethoxy)methylphosphonic acid,C8H12N5O4P,273.2,,In Stock,Tenofovir,API Impurity Standards,tenofovir-desmethyl-impurity,https://pharmavive.com/products/browse/tenofovir/tenofovir-desmethyl-impurity,https://res.cloudinary.com/dlkh6unr5/image/upload/v1753716060/products/zuwaopoiczqtbxe0a7jr.png,2025-07-28 15:19:38,2025-07-28 15:21:00,6887950a63998afe53415b9b
934,Tenofovir Diethyl Ester (R)-Isomer,PV-T003005,180587-75-1,(R)-Diethyl (1-(6-amino-9H-purin-9-yl)propan-2-yloxy)methylphosphonate,C13H22N5O4P,343.3,,In Stock,Tenofovir,API Impurity Standards,tenofovir-diethyl-ester-r-isomer,https://pharmavive.com/products/browse/tenofovir/tenofovir-diethyl-ester-r-isomer,https://res.cloudinary.com/dlkh6unr5/image/upload/v1753716071/products/qiqj7yqe7dkaa8thlwxb.png,2025-07-28 15:19:39,2025-07-28 15:21:11,6887950b63998afe53415b9f
935,Tenofovir Diethyl Ester (S)-Isomer,PV-T003006,1217630-57-3,(S)-Diethyl (1-(6-amino-9H-purin-9-yl)propan-2-yloxy)methylphosphonate,C13H22N5O4P,343.3,,In Stock,Tenofovir,API Impurity Standards,tenofovir-diethyl-ester-s-isomer,https://pharmavive.com/products/browse/tenofovir/tenofovir-diethyl-ester-s-isomer,https://res.cloudinary.com/dlkh6unr5/image/upload/v1753716085/products/v6pdsh96rrmjpzygkpej.png,2025-07-28 15:19:40,2025-07-28 15:21:25,6887950c63998afe53415ba3
936,Tenofovir Disoproxil Related Compound F,PV-T003009,1422284-17-0,O-(Ethoxycarbonyloxymethyl)-O-(isopropoxycarbonyloxymethyl){(R)-[1-(6-amino-9H-purin-9-yl)propan-2-yloxy]}methylphosphonate fumarate ; ((((((R)-1-(6-Amino-9H-purin-9-yl)propan-2-yl)oxy)methyl)(((isopropoxycarbonyl)oxy)methoxy)phosphoryl)oxy)methyl Ethyl Carbonate Fumarate,C18H28N5O10P : C4H4O4,505.4 : 116.1,,In Stock,Tenofovir,API Impurity Standards,tenofovir-disoproxil-related-compound-f,https://pharmavive.com/products/browse/tenofovir/tenofovir-disoproxil-related-compound-f,https://res.cloudinary.com/dlkh6unr5/image/upload/v1753716116/products/xuaxibout6yi1jevngcg.png,2025-07-28 15:19:42,2025-07-28 15:21:57,6887950e63998afe53415baf
937,Tenofovir Disoproxil Fumarate IP Impurity D,PV-T003007,211364-69-1,({[(R)-1-(6-Amino-9H-purin-9-yl)propan-2-yloxy]methyl}(hydroxy) phosphoryl oxy)methyl isopropyl carbonate,C14H22N5O7P,403.3,,In Stock,Tenofovir,API Impurity Standards,tenofovir-disoproxil-fumarate-ip-impurity-d,https://pharmavive.com/products/browse/tenofovir/tenofovir-disoproxil-fumarate-ip-impurity-d,https://res.cloudinary.com/dlkh6unr5/image/upload/v1753716095/products/y8ppvf7ogk4o7gc1jnxe.png,2025-07-28 15:19:40,2025-07-28 15:21:36,6887950c63998afe53415ba7
938,Tenofovir Disoproxil Fumarate IP Impurity E,PV-T003008,1244022-56-7,"(8R)-9-(6-Isopropylaminocarbamate-9H-purin-9-yl)-5-hydroxy-8-methyl-2,4,7-trioxa-5-phosphanonanoic Acid 1-Methylethyl Ester 5-Oxide",C18H28N5O9P,489.4,,In Stock,Tenofovir,API Impurity Standards,tenofovir-disoproxil-fumarate-ip-impurity-e,https://pharmavive.com/products/browse/tenofovir/tenofovir-disoproxil-fumarate-ip-impurity-e,https://res.cloudinary.com/dlkh6unr5/image/upload/v1753716106/products/ndrg7peb415x3tiqrnv5.png,2025-07-28 15:19:41,2025-07-28 15:21:46,6887950d63998afe53415bab
939,Theophylline,PV-T008000,58-55-9,"1,3-dimethyl-3,9-dihydro-1H-purine-2,6-dione",C7H8N4O2,180.2,,In Stock,Theophylline,API Impurity Standards,theophylline,https://pharmavive.com/products/browse/theophylline/theophylline,https://res.cloudinary.com/dlkh6unr5/image/upload/v1753717531/products/xinkwctvrfn33jfnttvh.png,2025-07-28 15:44:00,2025-07-28 15:45:31,68879ac063998afe53415d4b
940,Theophylline EP Impurity A,PV-T008001,58-08-2,"1,3,7-trimethyl-3,7-dihydro-1H-purine-2,6-dione",C8H10N4O2,194.2,,In Stock,Theophylline,API Impurity Standards,theophylline-ep-impurity-a,https://pharmavive.com/products/browse/theophylline/theophylline-ep-impurity-a,https://res.cloudinary.com/dlkh6unr5/image/upload/v1753717540/products/sfayjefuv25tcv3usjcf.png,2025-07-28 15:44:01,2025-07-28 15:45:41,68879ac163998afe53415d4f
941,Theophylline EP Impurity B,PV-T008002,1076-22-8,"3-methyl-3,7-dihydor-1H-purine-2,6-dione",C6H6N4O2,166.1,,In Stock,Theophylline,API Impurity Standards,theophylline-ep-impurity-b,https://pharmavive.com/products/browse/theophylline/theophylline-ep-impurity-b,https://res.cloudinary.com/dlkh6unr5/image/upload/v1753717550/products/lriami85jb4stcrblqga.png,2025-07-28 15:44:01,2025-07-28 15:45:50,68879ac163998afe53415d53
942,Theophylline EP Impurity C,PV-T008003,7597-60-6,"N-(6-amino-1,3-dimethyl-2,4-dioxo-1,2,3,4-tetrahydropyrimidin-5-yl)formamide",C7H10N4O3,198.2,,In Stock,Theophylline,API Impurity Standards,theophylline-ep-impurity-c,https://pharmavive.com/products/browse/theophylline/theophylline-ep-impurity-c,https://res.cloudinary.com/dlkh6unr5/image/upload/v1753717561/products/qfhi0n9rk6qxekpuel9o.png,2025-07-28 15:44:02,2025-07-28 15:46:02,68879ac263998afe53415d57
943,Theophylline EP Impurity D,PV-T008004,6736-40-9,N-methyl-5-(methylamino)-1H-imidazole-4-carboxamide,C6H10N4O,154.2,,In Stock,Theophylline,API Impurity Standards,theophylline-ep-impurity-d,https://pharmavive.com/products/browse/theophylline/theophylline-ep-impurity-d,https://res.cloudinary.com/dlkh6unr5/image/upload/v1753717573/products/dlrbvn3sriqaxw42k0gj.png,2025-07-28 15:44:03,2025-07-28 15:46:14,68879ac363998afe53415d5b
944,Theophylline EP Impurity E,PV-T008005,944-73-0,"1,3-dimethyl-7,9-dihydro-1H-purine-2,6,8(3H)-trione",C7H8N4O3,196.2,,In Stock,Theophylline,API Impurity Standards,theophylline-ep-impurity-e,https://pharmavive.com/products/browse/theophylline/theophylline-ep-impurity-e,https://res.cloudinary.com/dlkh6unr5/image/upload/v1753717584/products/ubt8vrvl0zrzpymryc5y.png,2025-07-28 15:44:03,2025-07-28 15:46:24,68879ac363998afe53415d5f
945,Theophylline EP Impurity F,PV-T008006,519-37-9,"7-(2-Hydroxyethyl)theophylline; 3,7-Dihydro-7-(2-hydroxyethyl)-1,3-dimethyl-1H-purine-2,6-dione",C9H12N4O3,224.2,,In Stock,Theophylline,API Impurity Standards,theophylline-ep-impurity-f,https://pharmavive.com/products/browse/theophylline/theophylline-ep-impurity-f,https://res.cloudinary.com/dlkh6unr5/image/upload/v1753717594/products/scbbjdcgwzwiugwgh8sc.png,2025-07-28 15:44:04,2025-07-28 15:46:35,68879ac463998afe53415d63
946,Thiocolchicine,PV-C008007,2730-71-4,"N-[(7S)-5,6,7,9-Tetrahydro-1,2,3-trimethoxy-10-(methylthio)-9-oxobenzo[a]heptalen-7-yl]acetamide; 10-Thio-colchicine; 10-Demethoxy-10-(methylthio)colchicine; NSC 186301;",C22H25NO5S,415.5,,In Stock,Colchicine,API Impurity Standards,thiocolchicine,https://pharmavive.com/products/browse/colchicine/thiocolchicine,https://res.cloudinary.com/dlkh6unr5/image/upload/v1751042003/products/kk3j2elzv9l6wulrpeor.png,2025-06-27 16:29:08,2025-06-27 16:33:24,685ec6d43fbc37d9db1d7c8c
947,Ticagrelor,PV-T004000,274693-27-5,"(1S,2S,3R,5S)-3-(7-(((1R,2S)-2-(3,4-difluorophenyl)cyclopropyl)amino)-5-(propylthio)-3H-[1,2,3]triazolo[4,5-d]pyrimidin-3-yl)-5-(2-hydroxyethoxy)cyclopentane-1,2-diol",C23H28F2N6O4S,522.6,,In Stock,Ticagrelor,API Impurity Standards,ticagrelor,https://pharmavive.com/products/browse/ticagrelor/ticagrelor,https://res.cloudinary.com/dlkh6unr5/image/upload/v1753716164/products/zqokjwnbtgphrx1sr9jo.png,2025-07-28 15:22:07,2025-07-28 15:22:44,6887959f63998afe53415c09
948,Ticagrelor EP Impurity A,PV-T004001,1251765-07-7,"(1S,2S,3R,5S)-3-[7-amino-5-(propylsulfanyl)-3H-[1,2,3]triazolo[4,5-d]pyrimidin-3-yl]-5-(2-hydroxyethoxy)cyclopentane-1,2-diol (as per EP)",C14H22N6O4S,370.4,,In Stock,Ticagrelor,API Impurity Standards,ticagrelor-ep-impurity-a,https://pharmavive.com/products/browse/ticagrelor/ticagrelor-ep-impurity-a,https://res.cloudinary.com/dlkh6unr5/image/upload/v1753716174/products/iwqharmf6dxtaep0j2qr.png,2025-07-28 15:22:08,2025-07-28 15:22:55,688795a063998afe53415c0d
949,Ticagrelor EP Impurity C,PV-T004003,1616703-93-5,"2-[[(1S,2S,3S,4R)-4-[7-[[(1R,2S)-2-(3,4-difluorophenyl)cyclopropyl]amino]-5-(propylsulfanyl)-3H-[1,2,3]triazolo[4,5-d]pyrimidin-3-yl]-2,3-dihydroxycyclopentyl]oxy]ethyl acetate (as per EP)",C25H30F2N6O5S,564.6,,In Stock,Ticagrelor,API Impurity Standards,ticagrelor-ep-impurity-c,https://pharmavive.com/products/browse/ticagrelor/ticagrelor-ep-impurity-c,https://res.cloudinary.com/dlkh6unr5/image/upload/v1753716202/products/gfijvz4okvizj8imkbcm.png,2025-07-28 15:22:09,2025-07-28 15:23:23,688795a163998afe53415c15
950,Ticagrelor EP Impurity D,PV-T004004,274693-26-4,"2-[[(3aR,4S,6R,6aS)-6-[7-[[(1R,2S)-2-(3,4-difluorophenyl)cyclopropyl]amino]-5-(propylsulfanyl)-3H-[1,2,3]triazolo[4,5-d]pyrimidin-3-yl]-2,2-dimethyltetrahydro-2H,3aH-cyclopenta[d][1,3]dioxol-4-yl]oxy]ethan-1-ol (as per EP)",C26H32F2N6O4S,562.6,,In Stock,Ticagrelor,API Impurity Standards,ticagrelor-ep-impurity-d,https://pharmavive.com/products/browse/ticagrelor/ticagrelor-ep-impurity-d,https://res.cloudinary.com/dlkh6unr5/image/upload/v1753716213/products/a9exrkfdehq2qttv7yus.png,2025-07-28 15:22:10,2025-07-28 15:23:33,688795a263998afe53415c19
951,Ticagrelor EP Impurity E,PV-T004009,220352-38-5,"(1R,2S)-2-(3,4-Difluorophenyl)cyclopropanamine",C9H9F2N,169.17,,In Stock,Ticagrelor,API Impurity Standards,ticagrelor-ep-impurity-e,https://pharmavive.com/products/browse/ticagrelor/ticagrelor-ep-impurity-e,https://res.cloudinary.com/dlkh6unr5/image/upload/v1753716274/products/ztv7nfgyipxwiwikcokw.png,2025-07-28 15:22:13,2025-07-28 15:24:35,688795a563998afe53415c2d
952,Ticagrelor EP Impurity E Hydrochloride,PV-T004005,1402222-66-5,"(1R,2S)-2-(3,4-difluorophenyl)cyclopropan-1-amine Hydrochloride (as per EP)",C9H9F2N . HCl,169.2 : 36.5,,In Stock,Ticagrelor,API Impurity Standards,ticagrelor-ep-impurity-e-hydrochloride,https://pharmavive.com/products/browse/ticagrelor/ticagrelor-ep-impurity-e-hydrochloride,https://res.cloudinary.com/dlkh6unr5/image/upload/v1753716222/products/rhzboqjuq4xx9xxrjbyv.png,2025-07-28 15:22:10,2025-07-28 15:23:43,688795a263998afe53415c1d
953,Ticagrelor Enantiomer Impurity,PV-T004007,2096989-55-6,"[(1R,2R,3S,5R)-3-(7-(((1S,2R)-2-(3,4-difluorophenyl)cyclopropyl)amino)-5-(propylthio)-3H-[1,2,3]triazolo[4,5-d]pyrimidin-3-yl)-5-(2-hydroxyethoxy)cyclopentane-1,2-diol]",C23H28F2N6O4S,522.6,,In Stock,Ticagrelor,API Impurity Standards,ticagrelor-enantiomer-impurity,https://pharmavive.com/products/browse/ticagrelor/ticagrelor-enantiomer-impurity,https://res.cloudinary.com/dlkh6unr5/image/upload/v1753716243/products/mtdk19mfszd9aaoo2yog.png,2025-07-28 15:22:12,2025-07-28 15:24:04,688795a463998afe53415c25
954,Ticagrelor Impurity B,PV-T004002,2216753-87-4,"(1R,2R,3S,5R)-3-(7-(((1R,2S)-2-(3,4-difluorophenyl)cyclopropyl)amino)-5-(propylthio)-3H-[1,2,3]triazolo[4,5-d]pyrimidin-3-yl)-5-(2-hydroxyethoxy)cyclopentane-1,2-diol",C23H28F2N6O4S,522.6,,In Stock,Ticagrelor,API Impurity Standards,ticagrelor-impurity-b,https://pharmavive.com/products/browse/ticagrelor/ticagrelor-impurity-b,https://res.cloudinary.com/dlkh6unr5/image/upload/v1753716188/products/s6qvbiiwmools7zz72cq.png,2025-07-28 15:22:08,2025-07-28 15:23:09,688795a063998afe53415c11
955,Tobramycin,PV-T005000,32986-56-4,"4-O-(3-Amino-3-deoxy-a-d-glucopyranosyl)-2-deoxy-6-O-(2,6-diamino-2,3,6-trideoxy-α-d-ribo-hexopyranosyl)-l-streptamine",C18H37N5O9,467.5,,In Stock,Tobramycin,API Impurity Standards,tobramycin,https://pharmavive.com/products/browse/tobramycin/tobramycin,https://res.cloudinary.com/dlkh6unr5/image/upload/v1753716328/products/ieibedcts979x8qgqa6g.png,2025-07-28 15:24:47,2025-07-28 15:25:28,6887963f63998afe53415c87
956,Tobramycin EP Impurity A,PV-T005001,4696-76-8,"4-O-(3-amino-3-deoxy-α-d-glucopyranosyl)-2-deoxy-6-O-(2,6-diamino-2,6-dideoxy-α-d-glucopyranosyl)-l-streptamine  ; (2R,3S,4R,5R,6R)-5-amino-2-(aminomethyl)-6-[(1R,2S,3S,4R,6S)-4,6-diamino-3-[(2S,3R,4S,5S,6R)-4-amino-3,5-dihydroxy-6-(hydroxymethyl)oxan-2-yl]oxy-2-hydroxycyclohexyl]oxyoxane-3,4-diol",C18H37N5O10,483.5,,In Stock,Tobramycin,API Impurity Standards,tobramycin-ep-impurity-a,https://pharmavive.com/products/browse/tobramycin/tobramycin-ep-impurity-a,https://res.cloudinary.com/dlkh6unr5/image/upload/v1753716786/products/e5unmfk97jicbke32enn.png,2025-07-28 15:24:48,2025-07-28 15:33:07,6887964063998afe53415c8b
957,Tobramycin EP Impurity B,PV-T005002,N/A,"2-deoxy-4-O-(2,6-diamino-2,3,6-trideoxy-α-d-ribo-hexopyranosyl)-d-streptamine",C12H26N4O5,306.4,,In Stock,Tobramycin,API Impurity Standards,tobramycin-ep-impurity-b,https://pharmavive.com/products/browse/tobramycin/tobramycin-ep-impurity-b,https://res.cloudinary.com/dlkh6unr5/image/upload/v1753716804/products/nkj2ts6ppaun4dukk5qe.png,2025-07-28 15:24:49,2025-07-28 15:33:24,6887964163998afe53415c8f
958,Tobramycin EP Impurity C,PV-T005003,3947-65-7,"2-deoxy-4-O-(2,6-diamino-2,6-dideoxy-a-d-glucopyranosyl)-d-streptamine",C12H26N4O6,322.4,,In Stock,Tobramycin,API Impurity Standards,tobramycin-ep-impurity-c,https://pharmavive.com/products/browse/tobramycin/tobramycin-ep-impurity-c,https://res.cloudinary.com/dlkh6unr5/image/upload/v1753716818/products/gminmocfkr92eqgvb4b4.png,2025-07-28 15:24:49,2025-07-28 15:33:39,6887964163998afe53415c93
959,Tobramycin Impurity 1,PV-T005006,N/A,"(2R,3S,4R,5R,6S)-4-amino-2-(((1S,2S,3R,4S,6R)-4,6-diamino-3-(((2S,3R)-3-amino-6-(aminomethyl)-3,4-dihydro-2H-pyran-2-yl)oxy)-2-hydroxycyclohexyl)oxy)-6-(hydroxymethyl)tetrahydro-2H-pyran-3,5-diol",C18H35N5O8,449.5,,In Stock,Tobramycin,API Impurity Standards,tobramycin-impurity-1,https://pharmavive.com/products/browse/tobramycin/tobramycin-impurity-1,https://res.cloudinary.com/dlkh6unr5/image/upload/v1753716868/products/hwha0zahpt37sjo5emze.png,2025-07-28 15:24:51,2025-07-28 15:34:29,6887964363998afe53415c9f
960,Tobramycin Impurity 2,PV-T005007,N/A,"(3R,5S,6R)-3-amino-6-(aminomethyl)tetrahydro-2H-pyran-2,5-diol dihydrochloride",C6H14N2O3 : 2HCl,162.2 : 2(36.5),,In Stock,Tobramycin,API Impurity Standards,tobramycin-impurity-2,https://pharmavive.com/products/browse/tobramycin/tobramycin-impurity-2,https://res.cloudinary.com/dlkh6unr5/image/upload/v1753716880/products/nwpx8qzrv5tlhtnfxwz0.png,2025-07-28 15:24:52,2025-07-28 15:34:41,6887964463998afe53415ca3
961,Tobramycin Impurity 3,PV-T005008,64332-33-8,"1-(6-(Aminomethyl)-2-((4,6-diamino-3-((4-amino-3,5-dihydroxy-6-(hydroxymethyl)tetrahydro-2H-pyran-2-yl)oxy)-2-hydroxycyclohexyl)oxy)-5-hydroxytetrahydro-2H-pyran-3-yl)urea",C19H38N6O10,510.5,,In Stock,Tobramycin,API Impurity Standards,tobramycin-impurity-3,https://pharmavive.com/products/browse/tobramycin/tobramycin-impurity-3,https://res.cloudinary.com/dlkh6unr5/image/upload/v1753716894/products/qur1yndwc7lcbezfj4xi.png,2025-07-28 15:24:53,2025-07-28 15:34:54,6887964563998afe53415ca7
962,Tobramycin Impurity 4,PV-T005009,74501-86-3,"4-Amino-2-((4,6-diamino-3-((3-amino-6-(aminomethyl)-3,4-dihydro-2H-pyran-2-yl)oxy)-2-hydroxycyclohexyl)oxy)-6-(hydroxymethyl)tetrahydro-2H-pyran-3,5-diol",C18H35N5O8,449.5,,In Stock,Tobramycin,API Impurity Standards,tobramycin-impurity-4,https://pharmavive.com/products/browse/tobramycin/tobramycin-impurity-4,https://res.cloudinary.com/dlkh6unr5/image/upload/v1753716914/products/zjr19wqqhokak98bfzye.png,2025-07-28 15:24:54,2025-07-28 15:35:15,6887964663998afe53415cab
963,Tobramycin Impurity 5,PV-T005010,N/A,"(1S,2S,3R,5S,6R)-3,5-diamino-2-(((2S,3R,4S,5S,6R)-4-amino-3,5-dihydroxy-6-(hydroxymethyl)tetrahydro-2H-pyran-2-yl)oxy)-6-(((2R,3R,5S,6R)-3-amino-6-(aminomethyl)-5-hydroxytetrahydro-2H-pyran-2-yl)oxy)cyclohexyl carbamate",C19H38N6O10,510.5,,In Stock,Tobramycin,API Impurity Standards,tobramycin-impurity-5,https://pharmavive.com/products/browse/tobramycin/tobramycin-impurity-5,https://res.cloudinary.com/dlkh6unr5/image/upload/v1753716928/products/e0lnc2coist9eyqquxk6.png,2025-07-28 15:24:54,2025-07-28 15:35:28,6887964663998afe53415caf
964,Tobramycin Impurity F,PV-T005004,N/A,"1-((1S,2R,3R,4S,5R)-5-amino-4-(((2S,3R,4S,5S,6R)-4-amino-3,5-dihydroxy-6-(hydroxymethyl)tetrahydro-2H-pyran-2-yl)oxy)-2-(((2R,3R,5S,6R)-3-amino-6-(aminomethyl)-5-hydroxytetrahydro-2H-pyran-2-yl)oxy)-3-hydroxycyclohexyl)urea",C19H38N6O10,510.5,,In Stock,Tobramycin,API Impurity Standards,tobramycin-impurity-f,https://pharmavive.com/products/browse/tobramycin/tobramycin-impurity-f,https://res.cloudinary.com/dlkh6unr5/image/upload/v1753716830/products/kp4xdlj2lun5vnb9eisq.png,2025-07-28 15:24:50,2025-07-28 15:33:51,6887964263998afe53415c97
965,Trametinib,PV-T009000,871700-17-3,"N-(3-(3-cyclopropyl-5-((2-fluoro-4-iodophenyl)amino)-6,8-dimethyl-2,4,7-trioxo-3,4,6,7-tetrahydropyrido[4,3-d]pyrimidin-1(2H)-yl)phenyl)acetamide",C26H23FIN5O4,615.4,,In Stock,Trametinib,API Impurity Standards,trametinib,https://pharmavive.com/products/browse/trametinib/trametinib,https://res.cloudinary.com/dlkh6unr5/image/upload/v1753717665/products/tajfr1gfcfcnzybol0u8.png,2025-07-28 15:47:12,2025-07-28 15:47:45,68879b8063998afe53415da8
966,Trametinib Acetate,PV-T009001,871702-07-7,"N-(3-(3-Cyclopropyl-5-((2-fluoro-4-iodophenyl)amino)-6,8-dimethyl-2,4,7-trioxo-3,4,6,7-tetrahydropyrido[4,3-d]pyrimidin-1(2H)-yl)phenyl)acetamide acetate",C26H23FIN5O4 : C2H4O2,615.4 : 60.1,,In Stock,Trametinib,API Impurity Standards,trametinib-acetate,https://pharmavive.com/products/browse/trametinib/trametinib-acetate,https://res.cloudinary.com/dlkh6unr5/image/upload/v1753717675/products/rlchbxypi6nxaavbdgyt.png,2025-07-28 15:47:12,2025-07-28 15:47:55,68879b8063998afe53415dac
967,Trametinib Impurity 1,PV-T009002,871700-30-0,"N'-(1-Cyclopropyl-3-(2-fluoro-4-iodophenyl)-2,6-dioxo-1,2,3,6-tetrahydropyrimidin-4-yl)-N,N-dimethylformimidamide",C16H16FIN4O2,442.2,,In Stock,Trametinib,API Impurity Standards,trametinib-impurity-1,https://pharmavive.com/products/browse/trametinib/trametinib-impurity-1,https://res.cloudinary.com/dlkh6unr5/image/upload/v1753717685/products/ilc4n0lyetexzolb6mfs.png,2025-07-28 15:47:13,2025-07-28 15:48:06,68879b8163998afe53415db0
968,Trametinib Impurity 2,PV-T009003,871700-22-0,"3-Cyclopropyl-1-(2-fluoro-4-iodophenyl)-6-(methylamino)pyrimidine-2,4(1H,3H)-dione",C14H13FIN3O2,401.2,,In Stock,Trametinib,API Impurity Standards,trametinib-impurity-2,https://pharmavive.com/products/browse/trametinib/trametinib-impurity-2,https://res.cloudinary.com/dlkh6unr5/image/upload/v1753717698/products/unuzhkemcx4sqb5hoe0x.png,2025-07-28 15:47:14,2025-07-28 15:48:19,68879b8263998afe53415db4
969,Trifluoro acetyl amino Linagliptin,PV-L004004,1673546-62-7,"N-[(3R)-1-[7-(but-2-yn-1-yl)-3-methyl-1-[(4-methylquinazolin -2-yl)methyl]-2,6-dioxo-2,3,6,7- tetrahydro-1H-purin-8-yl] piperidin-3-yl]-2,2,2- trifluoroacetamide",C27H27F3N8O3,568.6,,In Stock,Linagliptin,API Impurity Standards,trifluoro-acetyl-amino-linagliptin,https://pharmavive.com/products/browse/linagliptin/trifluoro-acetyl-amino-linagliptin,https://res.cloudinary.com/dlkh6unr5/image/upload/v1753451851/products/mmgudfo0r2ylqiveyasw.png,2025-07-25 13:55:52,2025-07-25 13:57:31,68838ce863998afe534144d2
970,Tylosin,PV-T006000,1401-69-0,"(10E,12E)-(3R,4S,5S,6R,8R,14S,15R)-14-[(6-deoxy-2,3-di-O-methyl-β-d-allopyranosyl)oxymethyl]-5-[[3,6-dideoxy-4-O-(2,6-dideoxy-3-C-methyl-α-l-ribo-hexopyranosyl)-3-dimethylamino-β-d-glucopyranosyl]oxy]-6-formylmethyl-3-hydroxy-4,8,12-trimethyl-9-oxoheptadeca-10,12-dien-15-olide.(as per USP)",C46H77NO17,916.1,,In Stock,Tylosin,API Impurity Standards,tylosin,https://pharmavive.com/products/browse/tylosin/tylosin,https://res.cloudinary.com/dlkh6unr5/image/upload/v1753717333/products/cg2dzqdvixvijpxbbpvs.png,2025-07-28 15:35:45,2025-07-28 15:42:14,688798d163998afe53415d13
971,Tyrothricin,PV-T007000,1404-88-2,"3-((3S,6R,8S,11S,13R,16S,19S,22S,25R,30aS)-8-(2-amino-2-oxoethyl)-19-(3-aminopropyl)-3,6,25-tribenzyl-13-(4-hydroxybenzyl)-22-isobutyl-16-isopropyl-1,4,7,10,14,17,20,23,26-nonaoxotriacontahydropyrrolo[2,1-f][1,4,7,10,13,16,19,22,25]nonaazacyclooctacosin-11-yl)propanoic acid",C65H85N11O13,1228.5,,In Stock,Tyrothricin,API Impurity Standards,tyrothricin,https://pharmavive.com/products/browse/tyrothricin/tyrothricin,https://res.cloudinary.com/dlkh6unr5/image/upload/v1753717410/products/ikjoezgzkueobk1rdww8.png,2025-07-28 15:42:32,2025-07-28 15:43:30,68879a6863998afe53415d2e
972,Ubidecarenone,PV-U001000,303-98-0,"2-[(all-E)-3,7,11,15,19,23,27,31,35,39-Decamethyltetraconta-2,6,10,14,18,22,26,30,34,38-decaenyl]-5,6-dimethoxy-3-methylbenzene-1,4-dione (as per EP) ; 2,5-Cyclohexadiene-1,4-dione, 2-[(2E,6E,10E,14E,18E,22E,26E,30E,34E)-3,7,11,15,19,23,27,31,35,39-decamethyl-2,6,10,14,18,22,26,30,34,38-tetracontadecaenyl]-5,6-dimethoxy-3-methyl (as per USP)",C59H90O4,863.4,,In Stock,Ubidecarenone,API Impurity Standards,ubidecarenone,https://pharmavive.com/products/browse/ubidecarenone/ubidecarenone,https://res.cloudinary.com/dlkh6unr5/image/upload/v1753717964/products/xhmbsjp2ehyltribnx4q.png,2025-07-28 15:51:51,2025-07-28 15:52:44,68879c9763998afe53415e49
973,Ubidecarenone EP Impurity A,PV-U001001,3066-90-8,"2,3-Dimethoxy-5-methylbenzene-1,4-diol (as per EP)",C9H12O4,184.2,,In Stock,Ubidecarenone,API Impurity Standards,ubidecarenone-ep-impurity-a,https://pharmavive.com/products/browse/ubidecarenone/ubidecarenone-ep-impurity-a,https://res.cloudinary.com/dlkh6unr5/image/upload/v1753717975/products/f6xkgcsgnz2zv94hhuye.png,2025-07-28 15:51:51,2025-07-28 15:52:56,68879c9763998afe53415e4d
974,Ubidecarenone EP Impurity B,PV-U001002,303-95-7,"2-[(all-E)-3,7,11,15,19,23,27-heptamethyloctadocosa-2,6,10,14,18,22,26-heptaenyl]-5,6-dimethoxy-3-methylbenzene-1,4-dione  (as per EP)",C44H66O4,659,,In Stock,Ubidecarenone,API Impurity Standards,ubidecarenone-ep-impurity-b,https://pharmavive.com/products/browse/ubidecarenone/ubidecarenone-ep-impurity-b,https://res.cloudinary.com/dlkh6unr5/image/upload/v1753717985/products/nbhbvnxzjhdzpyn26xxx.png,2025-07-28 15:51:52,2025-07-28 15:53:06,68879c9863998afe53415e51
975,Ubidecarenone EP Impurity C,PV-U001003,2394-68-5,"5,6-Dimethoxy-3-methyl-2-[(all-E)-3,7,11,15,19,23,27,31-octamethyldotriaconta-2,6,10,14,18,22,26,30-octaenyl]benzene-1,4-dione (as per EP)",C49H74O4,727.1,,In Stock,Ubidecarenone,API Impurity Standards,ubidecarenone-ep-impurity-c,https://pharmavive.com/products/browse/ubidecarenone/ubidecarenone-ep-impurity-c,https://res.cloudinary.com/dlkh6unr5/image/upload/v1753717997/products/nznaeoyifeimok2m5m8c.png,2025-07-28 15:51:53,2025-07-28 15:53:17,68879c9963998afe53415e55
976,Ubidecarenone EP Impurity D,PV-U001004,303-97-9,"5,6-Dimethoxy-3-methyl-2-[(all-E)-3,7,11,15,19,23,27,31,35-nonamethylhexatriaconta-2,6,10,14,18,22,26,30,34-nonaenyl]benzene-1,4-dione (as per EP)",C54H82O4,795.2,,In Stock,Ubidecarenone,API Impurity Standards,ubidecarenone-ep-impurity-d,https://pharmavive.com/products/browse/ubidecarenone/ubidecarenone-ep-impurity-d,https://res.cloudinary.com/dlkh6unr5/image/upload/v1753718009/products/naavjumwdzyjcewq2reb.png,2025-07-28 15:51:53,2025-07-28 15:53:29,68879c9963998afe53415e59
977,Ubidecarenone EP Impurity E,PV-U001005,2382-48-1,"(2RS)-7,8-Dimethoxy-2,5-dimethyl-2-[(all-E)-4,8,12,16,20,24,28,32,36-nonamethylheptatriaconta-3,7,11,15,19,23,27,31,35-nonaenyl]-2H-1-benzopyran-6-ol (as per EP)",C59H90O4,863.4,,In Stock,Ubidecarenone,API Impurity Standards,ubidecarenone-ep-impurity-e,https://pharmavive.com/products/browse/ubidecarenone/ubidecarenone-ep-impurity-e,https://res.cloudinary.com/dlkh6unr5/image/upload/v1753718023/products/zyytfefnlcietm1uvrtp.png,2025-07-28 15:51:54,2025-07-28 15:53:44,68879c9a63998afe53415e5d
978,Ubidecarenone EP Impurity F,PV-U001006,65085-29-2,"2-[(2Z,6E,10E,14E,18E,22E,26E,30E,34E)-3,7,11,15,19,23,27,31,35,39-decamethyltetraconta-2,6,10,14,18,22,26,30,34,38-decaenyl]-5,6-dimethoxy-3-methylbenzene-1,4-dione (as per EP)",C59H90O4,863.4,,In Stock,Ubidecarenone,API Impurity Standards,ubidecarenone-ep-impurity-f,https://pharmavive.com/products/browse/ubidecarenone/ubidecarenone-ep-impurity-f,https://res.cloudinary.com/dlkh6unr5/image/upload/v1753718038/products/jy0m9rqynzgytcge28j0.png,2025-07-28 15:51:55,2025-07-28 15:53:58,68879c9b63998afe53415e61
979,Ulipristal,PV-U002000,159811-51-5,"(11β)-11-[4-(Dimethylamino)phenyl]-17-hydroxy-19-norpregna-4,9-diene-3,20-dione",C28H35NO3,433.6,,In Stock,Ulipristal,API Impurity Standards,ulipristal,https://pharmavive.com/products/browse/ulipristal/ulipristal,https://res.cloudinary.com/dlkh6unr5/image/upload/v1753718185/products/zecpmu4cgthks8c6wtvi.png,2025-07-28 15:54:47,2025-07-28 15:56:26,68879d4763998afe53415eaa
980,Ulipristal Acetate,PV-U002001,126784-99-4,"17α-Acetoxy-11β-(4-dimethylaminophenyl)-19-norpregna-4,9-dien-3,20-dione ; EllaOne ; Esmya ; RU 44675 ; RTI 3021-012",C30H37NO4,475.6,,In Stock,Ulipristal,API Impurity Standards,ulipristal-acetate,https://pharmavive.com/products/browse/ulipristal/ulipristal-acetate,https://res.cloudinary.com/dlkh6unr5/image/upload/v1753718195/products/xjmyxdgdeoeil4izdkek.png,2025-07-28 15:54:47,2025-07-28 15:56:36,68879d4763998afe53415eae
981,Ulipristal N-Desmethyl Impurity,PV-U002003,159681-67-1,"(11β)-17-Hydroxy-11-[4-(methylamino)phenyl]-19-norpregna-4,9-diene-3,20-dione",C27H33NO3,419.6,,In Stock,Ulipristal,API Impurity Standards,ulipristal-n-desmethyl-impurity,https://pharmavive.com/products/browse/ulipristal/ulipristal-n-desmethyl-impurity,https://res.cloudinary.com/dlkh6unr5/image/upload/v1753718217/products/vwlm55tyzagbkta05n03.png,2025-07-28 15:54:49,2025-07-28 15:56:57,68879d4963998afe53415eb6
982,Urapidil,PV-U003000,34661-75-1,"6-[[3-[4-(2-Methoxyphenyl)-1-piperazinyl]propyl]amino]-1,3-dimethyluracil",C20H29N5O3,387.5,,In Stock,Urapidil,API Impurity Standards,urapidil,https://pharmavive.com/products/browse/urapidil/urapidil,https://res.cloudinary.com/dlkh6unr5/image/upload/v1753718298/products/f3lj9hnm6eis6n2zu16v.png,2025-07-28 15:57:46,2025-07-28 15:58:19,68879dfa63998afe53415ef1
983,Urapidil Impurity 1,PV-U003003,34654-81-4,"6-[(3-Chloropropyl)amino]-1,3-dimethyluracil",C9H14ClN3O2,231.7,,In Stock,Urapidil,API Impurity Standards,urapidil-impurity-1,https://pharmavive.com/products/browse/urapidil/urapidil-impurity-1,https://res.cloudinary.com/dlkh6unr5/image/upload/v1753718331/products/xymdfixuipef8lcdfvc2.png,2025-07-28 15:57:48,2025-07-28 15:58:51,68879dfc63998afe53415efd
984,Urapidil Impurity 2,PV-U003004,34661-79-5,"6-[[3-[4-(4-Methoxyphenyl)-1-piperazinyl]propyl]amino]-1,3-dimethyl-2,4(1H,3H)-pyrimidinedione",C20H29N5O3,387.4,,In Stock,Urapidil,API Impurity Standards,urapidil-impurity-2,https://pharmavive.com/products/browse/urapidil/urapidil-impurity-2,https://res.cloudinary.com/dlkh6unr5/image/upload/v1753718349/products/c8ws79ncq7jxhzhoyey4.png,2025-07-28 15:57:49,2025-07-28 15:59:10,68879dfd63998afe53415f01
985,Uridine,PV-U004000,58-96-8,1-β-D-Ribofuranosyluracil,C9H12N2O6,244.2,,In Stock,Uridine,API Impurity Standards,uridine,https://pharmavive.com/products/browse/uridine/uridine,https://res.cloudinary.com/dlkh6unr5/image/upload/v1753718408/products/fvidc8bn1ql8khbtqlsb.png,2025-07-28 15:59:37,2025-07-28 16:00:08,68879e6963998afe53415f38
986,Valaciclovir,PV-V001000,124832-26-4,"2-((2-Amino-6-oxo-3,6-dihydro-9H-purin-9-yl)methoxy)ethyl L-valinate",C13H20N6O4,324.3,,In Stock,Valaciclovir,API Impurity Standards,valaciclovir,https://pharmavive.com/products/browse/valaciclovir/valaciclovir,https://res.cloudinary.com/dlkh6unr5/image/upload/v1753718875/products/dzkvjsffs3pztzbsoi0v.png,2025-07-28 16:01:19,2025-07-28 16:07:56,68879ecf63998afe53415f7b
987,Valaciclovir EP Impurity E,PV-V001001,124832-31-1,"2-[(2-Amino-6-oxo-1,6-dihydro-9H-purin-9-yl)methoxy]ethyl N-(benzyloxy carbonyl)-L-valinate ;",C21H26N6O6,458.5,,In Stock,Valaciclovir,API Impurity Standards,valaciclovir-ep-impurity-e,https://pharmavive.com/products/browse/valaciclovir/valaciclovir-ep-impurity-e,https://res.cloudinary.com/dlkh6unr5/image/upload/v1753718885/products/cnoplexbnh6y0ezvonww.png,2025-07-28 16:01:20,2025-07-28 16:08:06,68879ed063998afe53415f7f
988,Valaciclovir EP Impurity H,PV-V001004,84499-64-9,"2-[(2-Amino-6-oxo-1,6-dihydro-9H-purin-9-yl)methoxy]ethyl L-Alaninate",C11H16N6O4,296.29,,In Stock,Valaciclovir,API Impurity Standards,valaciclovir-ep-impurity-h,https://pharmavive.com/products/browse/valaciclovir/valaciclovir-ep-impurity-h,https://res.cloudinary.com/dlkh6unr5/image/upload/v1753718940/products/l7uxzoxi6dkkkvolxq8o.png,2025-07-28 16:01:22,2025-07-28 16:09:01,68879ed263998afe53415f8b
989,Valaciclovir EP Impurity N,PV-V001002,2519847-26-6,"2-[[6-Oxo-2-[[[(6-oxo-6,9-dihydro-1H-purin-2-yl)amino]methyl]amino]-1,6-dihydro-9H-purin-9-yl]methoxy]ethyl L-valinate ;",C19H25N11O5,487.5,,In Stock,Valaciclovir,API Impurity Standards,valaciclovir-ep-impurity-n,https://pharmavive.com/products/browse/valaciclovir/valaciclovir-ep-impurity-n,https://res.cloudinary.com/dlkh6unr5/image/upload/v1753718903/products/e8dr9neborg07k2cwghu.png,2025-07-28 16:01:20,2025-07-28 16:08:24,68879ed063998afe53415f83
990,Valaciclovir EP Impurity P,PV-V001003,1356019-51-6,"2,2′-[Methylenebis[imino(6-oxo-1,6-dihydro-9H-purine-9,2-diyl)methylene oxy]] diethyl di(L-valinate) ;",C27H40N12O8,660.7,,In Stock,Valaciclovir,API Impurity Standards,valaciclovir-ep-impurity-p,https://pharmavive.com/products/browse/valaciclovir/valaciclovir-ep-impurity-p,https://res.cloudinary.com/dlkh6unr5/image/upload/v1753718924/products/cdh57uf8gy5xgfxc3gck.png,2025-07-28 16:01:21,2025-07-28 16:08:45,68879ed163998afe53415f87
991,Valery 4-Hydroxy Valsartan,PV-V003012,188259-69-0,"N-((2'-(1H-tetrazol-5-yl)-[1,1'-biphenyl]-4-yl)methyl)-N-(4-hydroxypentanoyl)-L-valine",C24H29N5O4,451.5,,In Stock,Valsartan,API Impurity Standards,valery-4-hydroxy-valsartan,https://pharmavive.com/products/browse/valsartan/valery-4-hydroxy-valsartan,https://res.cloudinary.com/dlkh6unr5/image/upload/v1753719611/products/hxc1secd61vpbhx6ffqq.png,2025-07-28 16:15:36,2025-07-28 16:20:11,6887a22863998afe534160ca
992,Valganciclovir,PV-V002000,175865-60-8,"2-[(2-Amino-1,6-dihydro-6-oxo-9H-purin-9-yl)methoxy]-3-hydroxypropyl Ester L-Valine (S)-Valganciclovir",C14H22N6O5,354.37,,In Stock,Valganciclovir,API Impurity Standards,valganciclovir,https://pharmavive.com/products/browse/valganciclovir/valganciclovir,https://res.cloudinary.com/dlkh6unr5/image/upload/v1753719118/products/zygs1hzpxzy7tlwgbdtz.png,2025-07-28 16:10:48,2025-07-28 16:11:58,6887a10863998afe53415fee
993,Valganciclovir EP Impurity D (TFA salt),PV-V002001,N/A,"(2RS)-3-[(2-Amino-6-oxo-1,6-dihydro-9H-purin-9-yl)methoxy]-2-hydroxypropyl L-valinate 2,2,2-trifluoroacetate (as per EP) ; 2-{[(2-Amino-6-oxo-1,6-dihydro-9H-purin-9-yl)methoxy]methoxy}-3-hydroxypropyl l-valinate 2,2,2-trifluoroacetate (as per USP)",C14H22N6O5 : C2HF3O2,354.4 : 114.0,,In Stock,Valganciclovir,API Impurity Standards,valganciclovir-ep-impurity-d-tfa-salt,https://pharmavive.com/products/browse/valganciclovir/valganciclovir-ep-impurity-d-tfa-salt,https://res.cloudinary.com/dlkh6unr5/image/upload/v1753719133/products/rbutt5wlrr0ovuwjqvik.png,2025-07-28 16:10:49,2025-07-28 16:12:14,6887a10963998afe53415ff2
994,Valganciclovir EP Impurity F,PV-V002002,130914-71-5,"(2RS)-3-[[(3S)-3-amino-4-methyl-2-oxopentyl]oxy]-2-[(2-amino-6-oxo-1,6-dihydro-9H-purin-9-yl)methoxy]propylL-valinate (as per EP) ; 2-[(2-Amino-6-oxo-1,6-dihydro-9H-purin-9-yl)methoxy]propane-1,3-diyl (2S,2'S)-bis(2-amino-3-methylbutanoate) (as per USP)",C19H31N7O6,453.5,,In Stock,Valganciclovir,API Impurity Standards,valganciclovir-ep-impurity-f,https://pharmavive.com/products/browse/valganciclovir/valganciclovir-ep-impurity-f,https://res.cloudinary.com/dlkh6unr5/image/upload/v1753719148/products/xgwndasmmmhy3yzdljlr.png,2025-07-28 16:10:49,2025-07-28 16:12:29,6887a10963998afe53415ff6
995,Valganciclovir EP Impurity I,PV-V002004,108436-36-8,"2-Amino-9-[[[(2RS)-1-chloro-3-hydroxypropan-2-yl]oxy]methyl]-1,9-dihydro-6H-purin-6-one (as per EP) ; 2-Amino-9-{[(1-chloro-3- hydroxypropan-2-yl)oxy]methyl}-1,9-dihydro-6H-purin-6-one (as per USP)",C9H12ClN5O3,273.7,,In Stock,Valganciclovir,API Impurity Standards,valganciclovir-ep-impurity-i,https://pharmavive.com/products/browse/valganciclovir/valganciclovir-ep-impurity-i,https://res.cloudinary.com/dlkh6unr5/image/upload/v1753719186/products/rrf1cka8yj4zmty1pkb4.png,2025-07-28 16:10:51,2025-07-28 16:13:06,6887a10b63998afe53415ffe
996,Valganciclovir EP Impurity J,PV-V002005,194159-18-7,"(2RS)-2-[(2-amino-6-oxo-1,6-dihydro-9H-purin-9-yl)methoxy]-3-hydroxypropyl propanoate (as per EP) ; 2-[(2-Amino-6-oxo-1,6-dihydro-9H-purin-9-yl)methoxy]-3-hydroxypropyl propionate (as per USP)",C12H17N5O5,311.3,,In Stock,Valganciclovir,API Impurity Standards,valganciclovir-ep-impurity-j,https://pharmavive.com/products/browse/valganciclovir/valganciclovir-ep-impurity-j,https://res.cloudinary.com/dlkh6unr5/image/upload/v1753719206/products/av20zpqvdisd2uvaxkxz.png,2025-07-28 16:10:51,2025-07-28 16:13:26,6887a10b63998afe53416002
997,Valganciclovir EP Impurity K,PV-V002006,NA,"[Methylenebis[azanediyl(6-oxo-1,6-dihydro-9H-purine-2,9-diyl)methyleneoxy[(2R)-3-hydroxypropane-2,1-diyl]]] di-L-valinate (as per EP)",C29H44N12O10,720.7,,In Stock,Valganciclovir,API Impurity Standards,valganciclovir-ep-impurity-k,https://pharmavive.com/products/browse/valganciclovir/valganciclovir-ep-impurity-k,https://res.cloudinary.com/dlkh6unr5/image/upload/v1753719220/products/dbbmgmmafm0ijeubkbge.png,2025-07-28 16:10:52,2025-07-28 16:13:41,6887a10c63998afe53416006
998,Valganciclovir EP Impurity L,PV-V002007,NA,"(2R)-3-hydroxy-2-[[2-[[[[9-[[[(2S)-1-hydroxy-3-(L-valyloxy)propan-2-yl]oxy]methyl]-6-oxo-1,6-dihydro-9H-purin-2-yl]amino]methyl]amino]-6-oxo-1,6-dihydro-9H-purin-9-yl]methoxy]propyl L-valinate (as per EP)",C29H44N12O10,720.7,,In Stock,Valganciclovir,API Impurity Standards,valganciclovir-ep-impurity-l,https://pharmavive.com/products/browse/valganciclovir/valganciclovir-ep-impurity-l,https://res.cloudinary.com/dlkh6unr5/image/upload/v1753719234/products/qzugnxyy0kjk61dhril6.png,2025-07-28 16:10:53,2025-07-28 16:13:55,6887a10d63998afe5341600a
999,Valganciclovir EP Impurity M,PV-V002008,NA,"[Methylenebis[azanediyl(6-oxo-1,6-dihydro-9H-purine-2,9-diyl)methyleneoxy[(2S)-3-hydroxypropane-2,1-diyl]]] di-L-valinate (as per EP)",C29H44N12O10,720.7,,In Stock,Valganciclovir,API Impurity Standards,valganciclovir-ep-impurity-m,https://pharmavive.com/products/browse/valganciclovir/valganciclovir-ep-impurity-m,https://res.cloudinary.com/dlkh6unr5/image/upload/v1753719248/products/eqwspva6axft71c4i1lu.png,2025-07-28 16:10:53,2025-07-28 16:14:08,6887a10d63998afe5341600e
1000,Valganciclovir EP Impurity N,PV-V002009,1401661-95-7,"(2RS)-2-[(2-amino-6-oxo-1,6-dihydro-9H-purin-9-yl)methoxy]-3-hydroxypropyl N-methyl-L-valinate (as per EP) ; 2-(RS)-[(Guanin-9-yl)methoxy]-3-hydroxypropyl N-methyl-l-valinate. (as per USP)",C15H24N6O5,368.4,,In Stock,Valganciclovir,API Impurity Standards,valganciclovir-ep-impurity-n,https://pharmavive.com/products/browse/valganciclovir/valganciclovir-ep-impurity-n,https://res.cloudinary.com/dlkh6unr5/image/upload/v1753719258/products/rh7kvywxfrbjh7lvm8vj.png,2025-07-28 16:10:54,2025-07-28 16:14:18,6887a10e63998afe53416012
1001,Valganciclovir EP Impurity P,PV-V002010,897937-73-4,"L-Valyl-L-valine 2-[(2-amino-1,6-dihydro-6-oxo-9H-purin-9-yl)methoxy]-3- hydroxypropyl ester",C19H31N7O6,453.5,,In Stock,Valganciclovir,API Impurity Standards,valganciclovir-ep-impurity-p,https://pharmavive.com/products/browse/valganciclovir/valganciclovir-ep-impurity-p,https://res.cloudinary.com/dlkh6unr5/image/upload/v1753719268/products/pmwczpaekpv2rps9izbm.png,2025-07-28 16:10:55,2025-07-28 16:14:29,6887a10f63998afe53416016
1002,Valganciclovir EP Impurity Q,PV-V002012,NA,"(2RS)-2-[(2-amino-6-oxo-1,6-dihydro-9H-purin-9-yl)methoxy]-3-hydroxypropyl D-valyl-D-valinate (as per EP)",C19H31N7O6,453.5,,In Stock,Valganciclovir,API Impurity Standards,valganciclovir-ep-impurity-q,https://pharmavive.com/products/browse/valganciclovir/valganciclovir-ep-impurity-q,https://res.cloudinary.com/dlkh6unr5/image/upload/v1753719296/products/bosmqjfqlgk3rlclzxne.png,2025-07-28 16:10:56,2025-07-28 16:14:56,6887a11063998afe5341601e
1003,Valganciclovir EP Impurity R,PV-V002011,1654737-32-2,"(2RS)-2-[(2-Amino-6-oxo-1,6-dihydro-9H-purin-9-yl)methoxy]-3-chloropropyl L-valinate (as per EP)",C14H21ClN6O4,372.8,,In Stock,Valganciclovir,API Impurity Standards,valganciclovir-ep-impurity-r,https://pharmavive.com/products/browse/valganciclovir/valganciclovir-ep-impurity-r,https://res.cloudinary.com/dlkh6unr5/image/upload/v1753719281/products/arnig7eqkjb9xyep2o5l.png,2025-07-28 16:10:55,2025-07-28 16:14:41,6887a10f63998afe5341601a
1004,"Valganciclovir N3,N3'-Methylene Dimer",PV-V002013,1401661-96-8,"((((methylenebis(azanediyl))bis(6-oxo-3,6-dihydro-9H-purine-2,9-diyl))bis(methylene))bis(oxy))bis(3-hydroxypropane-2,1-diyl) (2S,2'S)-bis(2-amino-3-methylbutanoate)",C29H44N12O10,720.8,,In Stock,Valganciclovir,API Impurity Standards,valganciclovir-n3n3-methylene-dimer,https://pharmavive.com/products/browse/valganciclovir/valganciclovir-n3n3-methylene-dimer,https://res.cloudinary.com/dlkh6unr5/image/upload/v1753719307/products/rom6rqd2dg3uwufe5fda.png,2025-07-28 16:10:57,2025-07-28 16:15:08,6887a11163998afe53416022
1005,Valganciclovir EP Impurity H,PV-V002003,NA,"2-Amino-9-[[(2RS)-2-chloro-3-hydroxypropoxy]methyl]-1,9-dihydro-6H-purin-6-one (as per EP) ; 2-Amino-9-[(2-chloro-3-hydroxypropoxy)methyl]-1,9-dihydro-6H-purin-6-one (as per USP)",C9H12ClN5O3,273.7,,In Stock,Valganciclovir,API Impurity Standards,valganciclovir-ep-impurity-h,https://pharmavive.com/products/browse/valganciclovir/valganciclovir-ep-impurity-h,https://res.cloudinary.com/dlkh6unr5/image/upload/v1753719169/products/zvfhx0vt7zf38lewoae2.png,2025-07-28 16:10:50,2025-07-28 16:12:49,6887a10a63998afe53415ffa
1006,Valsartan,PV-V003000,137862-53-4,(S)-N-[p-(o-1H-Tetrazol-5-ylphenyl)benzyl]-N-valeryl-L-valine,C24H29N5O3,435.5,,In Stock,Valsartan,API Impurity Standards,valsartan,https://pharmavive.com/products/browse/valsartan/valsartan,https://res.cloudinary.com/dlkh6unr5/image/upload/v1753719409/products/dvljr7auji5mdhfhljv9.png,2025-07-28 16:15:28,2025-07-28 16:16:49,6887a22063998afe53416098
1007,Valsartan Cyano Desvaleryl Methyl Ester,PV-V003005,482577-59-3,"(S)-Methyl 2-(((2’-cyano-[1,1’-biphenyl]-4-yl)methyl)amino)-3-methylbutanoate Hydrochloride Salt",C20H22N2O2 : HCl,322.4 : 36.5,,In Stock,Valsartan,API Impurity Standards,valsartan-cyano-desvaleryl-methyl-ester,https://pharmavive.com/products/browse/valsartan/valsartan-cyano-desvaleryl-methyl-ester,https://res.cloudinary.com/dlkh6unr5/image/upload/v1753719520/products/cw2ricxmreoh9mejuhkk.png,2025-07-28 16:15:31,2025-07-28 16:18:40,6887a22363998afe534160ac
1008,Valsartan Decarboxylic Acid,PV-V003013,1314799-74-0,"N-((2'-(1H-tetrazol-5-yl)-[1,1'-biphenyl]-4-yl)methyl)-N-isobutylpentanamide",C23H29N5O,391.5,,In Stock,Valsartan,API Impurity Standards,valsartan-decarboxylic-acid,https://pharmavive.com/products/browse/valsartan/valsartan-decarboxylic-acid,https://res.cloudinary.com/dlkh6unr5/image/upload/v1753719622/products/c4c4lprietufwyldiwzk.png,2025-07-28 16:15:36,2025-07-28 16:20:22,6887a22863998afe534160d2
1009,Valsartan Desvaleryl Benzyl Impurity,PV-V003009,676129-93-4,(S)-N-(1-Benzyloxycarbonyl-2-methylprop-1-yl)-N-[2′-(1H-tetrazol-5-yl)-biphenyl-4-ylmethyl]amine,C26H27N5O2,441.5,,In Stock,Valsartan,API Impurity Standards,valsartan-desvaleryl-benzyl-impurity,https://pharmavive.com/products/browse/valsartan/valsartan-desvaleryl-benzyl-impurity,https://res.cloudinary.com/dlkh6unr5/image/upload/v1753719573/products/skfy9gafpimd7bxti26v.png,2025-07-28 16:15:34,2025-07-28 16:19:33,6887a22663998afe534160be
1010,Valsartan Desvaleryl Impurity,PV-V003010,676129-92-3,(S)-N-(1-Carboxy-2-methylprop-1-yl)-N-[2′-(1H-tetrazol-5-yl)-biphenyl-4-ylmethyl]amine,C19H21N5O2,351.4,,In Stock,Valsartan,API Impurity Standards,valsartan-desvaleryl-impurity,https://pharmavive.com/products/browse/valsartan/valsartan-desvaleryl-impurity,https://res.cloudinary.com/dlkh6unr5/image/upload/v1753719585/products/vbvnkjxjh5atyvpt6d7z.png,2025-07-28 16:15:34,2025-07-28 16:19:46,6887a22663998afe534160c2
1011,Valsartan Desvaleryl Methyl Ester,PV-V003011,1111177-24-2,(S)-N-(1-Methoxycarbonyl-2-methylprop-1-yl)-N-[2′-(1H-tetrazol-5-yl)-biphenyl-4-ylmethyl]amine,C20H23N5O2,365.4,,In Stock,Valsartan,API Impurity Standards,valsartan-desvaleryl-methyl-ester,https://pharmavive.com/products/browse/valsartan/valsartan-desvaleryl-methyl-ester,https://res.cloudinary.com/dlkh6unr5/image/upload/v1753719597/products/nyb1gqe6h5xo5kaedbsq.png,2025-07-28 16:15:35,2025-07-28 16:19:57,6887a22763998afe534160c6
1012,Valsartan Dimer Impurity,PV-V003014,1353844-77-5,"Methyl bis((2'-cyano-[1,1'-biphenyl]-4-yl)methyl)-L-valinate",C34H31N3O2,513.6,,In Stock,Valsartan,API Impurity Standards,valsartan-dimer-impurity,https://pharmavive.com/products/browse/valsartan/valsartan-dimer-impurity,https://res.cloudinary.com/dlkh6unr5/image/upload/v1753719634/products/cyi1mgtmgjevzem1s2y6.png,2025-07-28 16:15:37,2025-07-28 16:20:34,6887a22963998afe534160d9
1013,Valsartan EP Impurity A,PV-V003001,137862-87-4,(R-N-valeryl-N-([2'-(1H-tetrazole-5-yl)biphen-4-yl]methyl)valine,C24H29N5O3,435.5,,In Stock,Valsartan,API Impurity Standards,valsartan-ep-impurity-a,https://pharmavive.com/products/browse/valsartan/valsartan-ep-impurity-a,https://res.cloudinary.com/dlkh6unr5/image/upload/v1753719439/products/dmj8qabbo3xx6zsvksqk.png,2025-07-28 16:15:28,2025-07-28 16:17:19,6887a22063998afe5341609c
1014,Valsartan EP Impurity B,PV-V003002,137863-20-8,"[(S-N-Valeryl-N-([2'-(1H-tetrazole-5-yl)biphen-4-yl]methyl)-valine benzyl ester ; benzyl (2S)-3-methyl-2-[pentanoyl[[2′-(1H-tetrazol-5-yl)biphenyl-4-yl]methyl]amino]butanoate, ;  (S)-benzyl 2-(N-((2'-(1H-tetrazol-5-yl)-[1,1-biphenyl]-4-yl)methylpentanamido-3-methylbutanoate",C31H35N5O3,525.6,,In Stock,Valsartan,API Impurity Standards,valsartan-ep-impurity-b,https://pharmavive.com/products/browse/valsartan/valsartan-ep-impurity-b,https://res.cloudinary.com/dlkh6unr5/image/upload/v1753719454/products/ifjrwew33f1cgxw8xgrj.png,2025-07-28 16:15:29,2025-07-28 16:17:34,6887a22163998afe534160a0
1015,Valsartan EP Impurity C,PV-V003003,952652-79-8,"[(S-N-Butyryl-N-([2'-(1H-tetrazole-5-yl)biphen-4-yl]methyl)-valine ; (S)-2-(N-((-2-(1H-tetrazol-5-yl)-[1,1'-biphenyl-4-yl) methyl)butyramido)-3-methyl butanoic acid",C23H27N5O3,421.5,,In Stock,Valsartan,API Impurity Standards,valsartan-ep-impurity-c,https://pharmavive.com/products/browse/valsartan/valsartan-ep-impurity-c,https://res.cloudinary.com/dlkh6unr5/image/upload/v1753719471/products/xpf4dspbstnwdio1fuyr.png,2025-07-28 16:15:30,2025-07-28 16:17:52,6887a22263998afe534160a4
1016,Valsartan Ethyl Ester,PV-V003007,1111177-30-0,(S)-N-Valeryl-N-([2'-(1H-tetrazole-5-yl)biphen-6-yl]methyl)-valine ethyl ester,C26H33N5O3,463.6,,In Stock,Valsartan,API Impurity Standards,valsartan-ethyl-ester,https://pharmavive.com/products/browse/valsartan/valsartan-ethyl-ester,https://res.cloudinary.com/dlkh6unr5/image/upload/v1753719545/products/welxtbitucqgncioimxs.png,2025-07-28 16:15:32,2025-07-28 16:19:05,6887a22463998afe534160b4
1017,Valsartan Isopropyl Ester,PV-V003008,1245820-09-0,(S)-N-Valeryl-N-([2'-(1H-tetrazole-5-yl)biphen-7-yl]methyl)-valine isopropyl ester,C27H35N5O3,477.6,,In Stock,Valsartan,API Impurity Standards,valsartan-isopropyl-ester,https://pharmavive.com/products/browse/valsartan/valsartan-isopropyl-ester,https://res.cloudinary.com/dlkh6unr5/image/upload/v1753719563/products/nnhvmrlzkobu2yvk4ged.png,2025-07-28 16:15:33,2025-07-28 16:19:24,6887a22563998afe534160ba
1018,Valsartan Sacubitril,PV-S001009,936623-90-4,"N-((2'-(1H-tetrazol-5-yl)-[1,1'-biphenyl]-4-yl)methyl)-N-pentanoyl-L-valinate compound with 4-(((2S,4R)-1-([1,1'-biphenyl]-4-yl)-5-ethoxy-4-methyl-5-oxopentan-2-yl)amino)-4-oxobutanoate (1:1) trisodium Hemipentahydrate",C24H29NO5 : C24H29N5O3 : 3Na : 5/2(H20),411.5 : 435.5 : 3(23.0) : 5/2(18.0),,In Stock,Sacubitril,API Impurity Standards,valsartan-sacubitril,https://pharmavive.com/products/browse/sacubitril/valsartan-sacubitril,https://res.cloudinary.com/dlkh6unr5/image/upload/v1753712906/products/s7ys4n1pjg29lehyi79h.png,2025-07-28 14:25:21,2025-07-28 14:28:26,6887885163998afe534155a8
1019,Valsartan USP Related Compound E,PV-V003004,137863-17-3,(S)-N-Valeryl-N-([2'-(1H-tetrazole-5-yl)biphen-5-yl]methyl)-valine methyl ester,C25H31N5O3,449.6,,In Stock,Valsartan,API Impurity Standards,valsartan-usp-related-compound-e,https://pharmavive.com/products/browse/valsartan/valsartan-usp-related-compound-e,https://res.cloudinary.com/dlkh6unr5/image/upload/v1753719499/products/yivlcrxcunyfuknrjfrk.png,2025-07-28 16:15:30,2025-07-28 16:18:20,6887a22263998afe534160a8
1020,Vancomycin EP Impurity A,PV-V004001,91700-98-0,Vancomycin N-Desmethyl Metabolite ; Norvancomycin HCl,C65H73Cl2N9O24,1433.4,,In Stock,Vancomycin,API Impurity Standards,vancomycin-ep-impurity-a,https://pharmavive.com/products/browse/vancomycin/vancomycin-ep-impurity-a,https://res.cloudinary.com/dlkh6unr5/image/upload/v1753721541/products/buvvxrhiudtttof5p62k.png,2025-07-28 16:47:16,2025-07-28 16:52:21,6887a99463998afe5341616e
1021,Vancomycin EP Impurity B,PV-V004002,NA,(1.2M)-[L-β-Asp3]vancomycin B (3.2-syn-chloro[L-β-Asp3]vancomycin B) (as per EP),C66H74Cl2N8O25,1450.2,,In Stock,Vancomycin,API Impurity Standards,vancomycin-ep-impurity-b,https://pharmavive.com/products/browse/vancomycin/vancomycin-ep-impurity-b,https://res.cloudinary.com/dlkh6unr5/image/upload/v1753721556/products/idmq0fpw8qs9hwga8j8l.png,2025-07-28 16:47:17,2025-07-28 16:52:37,6887a99563998afe53416172
1022,Vancomycin EP Impurity C,PV-V004003,82198-76-3,Agluco Vancomycin B ;Vancomycin B Aglycone ; Aglucovancomycin B ;,C53H52Cl2N8O17,1142.3,,In Stock,Vancomycin,API Impurity Standards,vancomycin-ep-impurity-c,https://pharmavive.com/products/browse/vancomycin/vancomycin-ep-impurity-c,https://res.cloudinary.com/dlkh6unr5/image/upload/v1753721574/products/jjezjeyjtyy3op5raqbt.png,2025-07-28 16:47:18,2025-07-28 16:52:55,6887a99663998afe53416176
1023,Vancomycin EP Impurity D,PV-V004004,101485-50-1,Desvancosaminyl Vancomycin B ;,C59H62Cl2N8O22,1304.3,,In Stock,Vancomycin,API Impurity Standards,vancomycin-ep-impurity-d,https://pharmavive.com/products/browse/vancomycin/vancomycin-ep-impurity-d,https://res.cloudinary.com/dlkh6unr5/image/upload/v1753721594/products/uuzu51w2ebqbbyka4zif.png,2025-07-28 16:47:18,2025-07-28 16:53:15,6887a99663998afe5341617a
1024,Vancomycin EP Impurity E,PV-V004005,N/A,[L-Beta-ASP3]vancomycin B (CDP-1 minor),C66H74Cl2N8O25,1450.2,,In Stock,Vancomycin,API Impurity Standards,vancomycin-ep-impurity-e,https://pharmavive.com/products/browse/vancomycin/vancomycin-ep-impurity-e,https://res.cloudinary.com/dlkh6unr5/image/upload/v1753721605/products/hoi3szxgfwozsfxsfsik.png,2025-07-28 16:47:19,2025-07-28 16:53:26,6887a99763998afe5341617e
1025,Vancomycin EP Impurity F,PV-V004006,2415254-43-0,[L-Alpha-Gln3] vancomycin B,C67H77Cl2N9O24,1463.3,,In Stock,Vancomycin,API Impurity Standards,vancomycin-ep-impurity-f,https://pharmavive.com/products/browse/vancomycin/vancomycin-ep-impurity-f,https://res.cloudinary.com/dlkh6unr5/image/upload/v1753721618/products/obywy5hisrljpmqyn4ud.png,2025-07-28 16:47:20,2025-07-28 16:53:39,6887a99863998afe53416182
1026,Vancomycin EP Impurity G,PV-V004007,N/A,"4.3,Nalpha,4-anhydro-[L-alpha-Asp3]vancomycin B",C66H72Cl2N8O24,1432.2,,In Stock,Vancomycin,API Impurity Standards,vancomycin-ep-impurity-g,https://pharmavive.com/products/browse/vancomycin/vancomycin-ep-impurity-g,https://res.cloudinary.com/dlkh6unr5/image/upload/v1753721632/products/fxhahwwiqli4ymqcswz6.png,2025-07-28 16:47:20,2025-07-28 16:53:52,6887a99863998afe53416186
1027,Vancomycin EP Impurity H,PV-V004008,357396-41-9,3.6-Dechlorovancomycin B (mono-dechloro-6-vancomycin B),C66H76ClN9O24,1414.8,,In Stock,Vancomycin,API Impurity Standards,vancomycin-ep-impurity-h,https://pharmavive.com/products/browse/vancomycin/vancomycin-ep-impurity-h,https://res.cloudinary.com/dlkh6unr5/image/upload/v1753721646/products/tpkpynrowte5xjcnhcgp.png,2025-07-28 16:47:21,2025-07-28 16:54:06,6887a99963998afe5341618a
1028,Vancomycin EP Impurity I,PV-V004009,N/A,(1.2M)-Vancomycin B (3.2-syn-chloro-vancomycin B),C66H75Cl2N9O24,1449.3,,In Stock,Vancomycin,API Impurity Standards,vancomycin-ep-impurity-i,https://pharmavive.com/products/browse/vancomycin/vancomycin-ep-impurity-i,https://res.cloudinary.com/dlkh6unr5/image/upload/v1753721662/products/irc1hqywqcjuevdxaqpr.png,2025-07-28 16:47:22,2025-07-28 16:54:22,6887a99a63998afe5341618e
1029,Vancomycin EP Impurity J,PV-V004010,2416251-24-4,"4.3,Nalpha,4-anhydro-[L-alpha-Asp3] vancomycin B",C66H75Cl2N9O24,1449.3,,In Stock,Vancomycin,API Impurity Standards,vancomycin-ep-impurity-j,https://pharmavive.com/products/browse/vancomycin/vancomycin-ep-impurity-j,https://res.cloudinary.com/dlkh6unr5/image/upload/v1753721678/products/azp46oqaom2d2bn0sqnz.png,2025-07-28 16:47:22,2025-07-28 16:54:39,6887a99a63998afe53416192
1030,Vancomycin EP Impurity K,PV-V004011,99759-13-4,"[N,N-Dimethyl-D-Leu1] vancomycin B",C67H77Cl2N9O24,1463.3,,In Stock,Vancomycin,API Impurity Standards,vancomycin-ep-impurity-k,https://pharmavive.com/products/browse/vancomycin/vancomycin-ep-impurity-k,https://res.cloudinary.com/dlkh6unr5/image/upload/v1753721698/products/t9j2wn7xgtofcmc4n2cr.png,2025-07-28 16:47:23,2025-07-28 16:54:59,6887a99b63998afe53416196
1031,Vancomycin EP Impurity L,PV-V004012,N/A,[L-Alpha-Asp3]vancomycin B,C66H74Cl2N8O25,1450.2,,In Stock,Vancomycin,API Impurity Standards,vancomycin-ep-impurity-l,https://pharmavive.com/products/browse/vancomycin/vancomycin-ep-impurity-l,https://res.cloudinary.com/dlkh6unr5/image/upload/v1753721716/products/scitxjuxzopnq2phztnl.png,2025-07-28 16:47:24,2025-07-28 16:55:17,6887a99c63998afe5341619a
1032,Vancomycin Hydrochloride,PV-V004000,1404-93-9,"(3S,6R,7R,22R,23S,26S,30aSa,36R,38aR)-3-(2-amino-2-oxoethyl)-44-[[2-O-(3-amino-2,3,6-trideoxy-3-C-methyl-α-L-lyxo-hexopyranosyl)-β-D-glucopyranosyl]oxy]-10,19-dichloro-7,22,28,30,32-pentahydroxy-6-[[(2R)-4-methyl-2-(methylamino)pentanoyl]amino]-2,5,24,38,39-pentaoxo2,3,4,5,6,7,23,24,25,26,36,37,38,38a-tetradecahydro-22H-8,11:18,21-dietheno-23,36-(iminomethano)-13,16:31,35-dimetheno-1H,13H-[1,6,9]oxadiazacyclohexadecino[4,5-m][10,2,16]benzoxadiazacyclotetracosine-26-carboxylic acid (vancomycin B)",C66H75Cl2N9O24  : HCl,1449.3 : 36.5,,In Stock,Vancomycin,API Impurity Standards,vancomycin-hydrochloride,https://pharmavive.com/products/browse/vancomycin/vancomycin-hydrochloride,https://res.cloudinary.com/dlkh6unr5/image/upload/v1753721523/products/tfdgvjof0tw5vzs9nojc.png,2025-07-28 16:47:16,2025-07-28 16:52:05,6887a99463998afe5341616a
1033,Vildagliptin,PV-V005000,274901-16-5,"(S)-1-(((1r,3R,5R,7S)-3-Hydroxyadamantan-1-yl)glycyl)pyrrolidine-2-carbonitrile",C17H25N3O2,303.4,,In Stock,Vildagliptin,API Impurity Standards,vildagliptin,https://pharmavive.com/products/browse/vildagliptin/vildagliptin,https://res.cloudinary.com/dlkh6unr5/image/upload/v1753721791/products/fswaphaiucrd7cxmaouu.png,2025-07-28 16:55:29,2025-07-28 16:56:31,6887ab8163998afe53416231
1034,Vildagliptin Amino Alcohol Impurity,PV-V005003,702-82-9,1-Amino-3-adamantanol,C10H17NO,167.3,,In Stock,Vildagliptin,API Impurity Standards,vildagliptin-amino-alcohol-impurity,https://pharmavive.com/products/browse/vildagliptin/vildagliptin-amino-alcohol-impurity,https://res.cloudinary.com/dlkh6unr5/image/upload/v1753721835/products/e6x1r3hcfdn6bymrvgr5.png,2025-07-28 16:55:31,2025-07-28 16:57:15,6887ab8363998afe5341623d
1035,Vildagliptin Carboxamide  Impurity,PV-V005004,565453-39-6,"(2S)-1-[2-[(3-Hydroxytricyclo[3.3.1.13,7]dec-1-yl)amino]acetyl]-2-pyrrolidine carboxamide ; Vildagliptin Impurity 16",C17H27N3O3,321.4,,In Stock,Vildagliptin,API Impurity Standards,vildagliptin-carboxamide-impurity,https://pharmavive.com/products/browse/vildagliptin/vildagliptin-carboxamide-impurity,https://res.cloudinary.com/dlkh6unr5/image/upload/v1753721849/products/jxvznsbfoq9ooxlwhc6o.png,2025-07-28 16:55:32,2025-07-28 16:57:30,6887ab8463998afe53416241
1036,Vildagliptin Chloroacetyl Amide (R)-Isomer,PV-V005014,1211679-98-9,(R)-1-(2-Chloroacetyl)pyrrolidine-2-carboxamide,C7H11ClN2O,190.6,,In Stock,Vildagliptin,API Impurity Standards,vildagliptin-chloroacetyl-amide-r-isomer,https://pharmavive.com/products/browse/vildagliptin/vildagliptin-chloroacetyl-amide-r-isomer,https://res.cloudinary.com/dlkh6unr5/image/upload/v1753721989/products/shbsaeq19knpugp3rwrz.png,2025-07-28 16:55:39,2025-07-28 16:59:49,6887ab8b63998afe53416269
1037,Vildagliptin Chloroacetyl Nitrile (S)-Isomer,PV-V005002,207557-35-5,(2S)-1-(Chloroacetyl)-2-Pyrrolidinecarbonitrile,C7H9ClN2O,172.6,,In Stock,Vildagliptin,API Impurity Standards,vildagliptin-chloroacetyl-nitrile-s-isomer,https://pharmavive.com/products/browse/vildagliptin/vildagliptin-chloroacetyl-nitrile-s-isomer,https://res.cloudinary.com/dlkh6unr5/image/upload/v1753721823/products/xsipr8liixpvef1nsunb.png,2025-07-28 16:55:31,2025-07-28 16:57:03,6887ab8363998afe53416239
1038,Vildagliptin Cyclic Amidine Impurity,PV-V005007,1789703-37-2,"2-(3-Hydroxy-Admanthan-1-yl)-1-imno-Hexahydro-Pyrrolo  [1,2-a] Pyrazine-4-One",C17H25N3O2,303.4,,In Stock,Vildagliptin,API Impurity Standards,vildagliptin-cyclic-amidine-impurity,https://pharmavive.com/products/browse/vildagliptin/vildagliptin-cyclic-amidine-impurity,https://res.cloudinary.com/dlkh6unr5/image/upload/v1753721897/products/st24otobsu6xguztaqlf.png,2025-07-28 16:55:34,2025-07-28 16:58:17,6887ab8663998afe5341624d
1039,Vildagliptin Dihydroxy Impurity,PV-V005009,N/A,"(S)-1-(((1r,3R,5S,7S)-3,5-Dihydroxyadamantan-1-yl)glycyl)pyrrolidine-2-carbonitrile",C17H25N3O3,319.4,,In Stock,Vildagliptin,API Impurity Standards,vildagliptin-dihydroxy-impurity,https://pharmavive.com/products/browse/vildagliptin/vildagliptin-dihydroxy-impurity,https://res.cloudinary.com/dlkh6unr5/image/upload/v1753721924/products/fsw7l77iz3zlmpo8svrb.png,2025-07-28 16:55:35,2025-07-28 16:58:45,6887ab8763998afe53416255
1040,Vildagliptin Diketo Impurity,PV-V005008,1789703-36-1,"2-(3-Hydroxy adamant-1-yl) Hexahydro-Pyrrolo [1,2-a] Pyrazine-1,4-Dione",C17H24N2O3,304.4,,In Stock,Vildagliptin,API Impurity Standards,vildagliptin-diketo-impurity,https://pharmavive.com/products/browse/vildagliptin/vildagliptin-diketo-impurity,https://res.cloudinary.com/dlkh6unr5/image/upload/v1753721911/products/ds6lya1fvnrqgulqtrob.png,2025-07-28 16:55:35,2025-07-28 16:58:31,6887ab8763998afe53416251
1041,Vildagliptin Dimer Impurity,PV-V005005,1036959-23-5,"(2S,2'S)-1,1'-(2,2'-(((1r,3R,5R,7S)-3-Hydroxyadamantan-1-yl)azanediyl)bis(acetyl))bis(pyrrolidine-2-carbonitrile)",C24H33N5O3,439.5,,In Stock,Vildagliptin,API Impurity Standards,vildagliptin-dimer-impurity,https://pharmavive.com/products/browse/vildagliptin/vildagliptin-dimer-impurity,https://res.cloudinary.com/dlkh6unr5/image/upload/v1753721866/products/ted1p0pk0yuxaqwyweix.png,2025-07-28 16:55:33,2025-07-28 16:57:47,6887ab8563998afe53416245
1042,Vildagliptin Hydroxy Impurity,PV-V005010,N/A,"(2S)-1-(2-Hydroxy-2-(((1r,3R,5R,7S)-3-hydroxyadamantan-1-yl)amino)acetyl)pyrrolidine-2-carbonitrile",C17H25N3O3,319.4,,In Stock,Vildagliptin,API Impurity Standards,vildagliptin-hydroxy-impurity,https://pharmavive.com/products/browse/vildagliptin/vildagliptin-hydroxy-impurity,https://res.cloudinary.com/dlkh6unr5/image/upload/v1753721936/products/ohy0iz5ass5mmetiryno.png,2025-07-28 16:55:36,2025-07-28 16:58:57,6887ab8863998afe53416259
1043,Vildagliptin Imino Impurity,PV-V005012,1846606-31-2,"(S)-1-((E)-2-(((1r,3R,5R,7S)-3-hydroxyadamantan-1-yl)imino)acetyl)pyrrolidine-2-carbonitrile",C17H23N3O2,301.4,,In Stock,Vildagliptin,API Impurity Standards,vildagliptin-imino-impurity,https://pharmavive.com/products/browse/vildagliptin/vildagliptin-imino-impurity,https://res.cloudinary.com/dlkh6unr5/image/upload/v1753721963/products/xvcpgterwe8po6s9yw47.png,2025-07-28 16:55:37,2025-07-28 16:59:23,6887ab8963998afe53416261
1044,Vildagliptin N-Oxide,PV-V005011,N/A,"(2-((S)-2-Cyanopyrrolidin-1-yl)-2-oxoethyl)((1r,3R,5R,7S)-3-hydroxyadamantan-1-yl)oxidoazane",C17H25N3O3,319.4,,In Stock,Vildagliptin,API Impurity Standards,vildagliptin-n-oxide,https://pharmavive.com/products/browse/vildagliptin/vildagliptin-n-oxide,https://res.cloudinary.com/dlkh6unr5/image/upload/v1753721951/products/xwo19cpqqdyk9go7zlr4.png,2025-07-28 16:55:37,2025-07-28 16:59:12,6887ab8963998afe5341625d
1045,Vildagliptin Racemic,PV-V005016,1360862-63-0,"1-(((1r,3s,5R,7S)-3-hydroxyadamantan-1-yl)glycyl)pyrrolidine-2-carbonitrile",C17H25N3O2,303.4,,In Stock,Vildagliptin,API Impurity Standards,vildagliptin-racemic,https://pharmavive.com/products/browse/vildagliptin/vildagliptin-racemic,https://res.cloudinary.com/dlkh6unr5/image/upload/v1753722019/products/bfr9hyzlqdqvri7wbn3i.png,2025-07-28 16:55:40,2025-07-28 17:00:20,6887ab8c63998afe53416271
1046,Vildagliptin Chloroacetyl Amide (S)-Isomer,PV-V005013,214398-99-9,(S)-1-(2-Chloroacetyl)pyrrolidine-2-carboxamide,C7H11ClN2O2,190.6,,In Stock,Vildagliptin,API Impurity Standards,vildagliptin-chloroacetyl-amide-s-isomer,https://pharmavive.com/products/browse/vildagliptin/vildagliptin-chloroacetyl-amide-s-isomer,https://res.cloudinary.com/dlkh6unr5/image/upload/v1753721976/products/einvc1fobphds89bnkvw.png,2025-07-28 16:55:38,2025-07-28 16:59:37,6887ab8a63998afe53416265
1047,Vildagliptin Chloroacetyl Nitrile (R)-Isomer,PV-V005001,565452-98-4,(1S)-2-(2-Chloroacetyl)cyclopentane-1-carbonitrile ; Vildagliptin Impurity 12,C7H9ClN2O,172.6,,In Stock,Vildagliptin,API Impurity Standards,vildagliptin-chloroacetyl-nitrile-r-isomer,https://pharmavive.com/products/browse/vildagliptin/vildagliptin-chloroacetyl-nitrile-r-isomer,https://res.cloudinary.com/dlkh6unr5/image/upload/v1753721804/products/rprjk16rf3h72aapl7ce.png,2025-07-28 16:55:30,2025-07-28 16:56:44,6887ab8263998afe53416235
1048,Warburganal,PV-W001000,62994-47-2,"(1S,4aS,8aS)-1-hydroxy-5,5,8a-trimethyl-1,4,4a,5,6,7,8,8a-octahydronaphthalene-1,2-dicarbaldehyde",C15H22O3,250.3,,In Stock,Warburganal,API Impurity Standards,warburganal,https://pharmavive.com/products/browse/warburganal/warburganal,https://res.cloudinary.com/dlkh6unr5/image/upload/v1753722078/products/inczsxej3fmkfnf7pxet.png,2025-07-28 17:00:41,2025-07-28 17:01:18,6887acb963998afe534162fc
1049,Warfarin,PV-W002000,81-81-2,2-Oxo-3-[(1RS)-3-oxo-1-phenylbutyl]-2H-1-benzopyran-4-ol,C19H16O4,308.3,,In Stock,Warfarin,API Impurity Standards,warfarin,https://pharmavive.com/products/browse/warfarin/warfarin,https://res.cloudinary.com/dlkh6unr5/image/upload/v1753722129/products/fkdiqkdlpn7cdainsdy6.png,2025-07-28 17:01:29,2025-07-28 17:02:10,6887ace963998afe53416319
1050,Warfarin Alcohol Impurity,PV-W002001,28392-96-3,2-Oxo-3-[3-hydroxy-1-phenylbutyl]-2H-1-benzopyran-4-ol,C19H18O4,310.3,,In Stock,Warfarin,API Impurity Standards,warfarin-alcohol-impurity,https://pharmavive.com/products/browse/warfarin/warfarin-alcohol-impurity,https://res.cloudinary.com/dlkh6unr5/image/upload/v1753722140/products/hfyvbeewzyc6u1crob0s.png,2025-07-28 17:01:29,2025-07-28 17:02:20,6887ace963998afe5341631d
1051,Warfarin EP Impurity A,PV-W002002,15156-56-6,(5RS)-3-(2-hydroxyphenyl)-5-phenylcyclohex-2-enone (as per EP) ; 3-(o-Hydroxyphenyl)-5-phenyl-2-cyclohexen-1-one (as per USP),C18H16O2,264.3,,In Stock,Warfarin,API Impurity Standards,warfarin-ep-impurity-a,https://pharmavive.com/products/browse/warfarin/warfarin-ep-impurity-a,https://res.cloudinary.com/dlkh6unr5/image/upload/v1753722159/products/ralbqhbtqt63umv6xwsj.png,2025-07-28 17:01:30,2025-07-28 17:02:40,6887acea63998afe53416321
1052,Warfarin EP Impurity B,PV-W002004,1076-38-6,4-Hydroxycoumarin ; 4-Hydroxy-2H-1-benzopyran-2-one,C9H6O3,162.1,,In Stock,Warfarin,API Impurity Standards,warfarin-ep-impurity-b,https://pharmavive.com/products/browse/warfarin/warfarin-ep-impurity-b,https://res.cloudinary.com/dlkh6unr5/image/upload/v1753722181/products/yhtxfdeh6jqwbtqwb3tk.png,2025-07-28 17:01:31,2025-07-28 17:03:02,6887aceb63998afe53416329
1053,Warfarin EP Impurity C,PV-W002005,122-57-6,Benzalacetone ; Benzylideneacetone ; (3E)-4-Phenylbut-3-en-2-one,C10H10O,146.2,,In Stock,Warfarin,API Impurity Standards,warfarin-ep-impurity-c,https://pharmavive.com/products/browse/warfarin/warfarin-ep-impurity-c,https://res.cloudinary.com/dlkh6unr5/image/upload/v1753722191/products/hrjgb9bjxkbdjfiqyzah.png,2025-07-28 17:01:32,2025-07-28 17:03:11,6887acec63998afe5341632d
1054,Warfarin R-Isomer,PV-W002006,5543-58-8,2-Oxo-3-[(R)-3-oxo-1-phenylbutyl]-2H-1-benzopyran-4-ol,C19H16O4,308.3,,In Stock,Warfarin,API Impurity Standards,warfarin-r-isomer,https://pharmavive.com/products/browse/warfarin/warfarin-r-isomer,https://res.cloudinary.com/dlkh6unr5/image/upload/v1753722201/products/alpmj7bb1avaruwrhgzl.png,2025-07-28 17:01:33,2025-07-28 17:03:22,6887aced63998afe53416331
1055,Warfarin Related Compound A,PV-W002003,37209-23-7,"2''-hydroxy-1',6'-dihydro-[1,1':3',1''-terphenyl]-5'(2'H)-one",C18H16O2,264.3,,In Stock,Warfarin,API Impurity Standards,warfarin-related-compound-a,https://pharmavive.com/products/browse/warfarin/warfarin-related-compound-a,https://res.cloudinary.com/dlkh6unr5/image/upload/v1753722171/products/qrukwl16vo0ptuoip6fm.png,2025-07-28 17:01:31,2025-07-28 17:02:51,6887aceb63998afe53416325
1056,Warfarin S-Isomer,PV-W002007,5543-57-7,2-Oxo-3-[(S)-3-oxo-1-phenylbutyl]-2H-1-benzopyran-4-ol,C19H16O4,308.3,,In Stock,Warfarin,API Impurity Standards,warfarin-s-isomer,https://pharmavive.com/products/browse/warfarin/warfarin-s-isomer,https://res.cloudinary.com/dlkh6unr5/image/upload/v1753722213/products/rdiwiprodlxfvgstq3nl.png,2025-07-28 17:01:33,2025-07-28 17:03:33,6887aced63998afe53416335
1057,Xanomeline,PV-X003000,131986-45-3,"3-(Hexyloxy)-4-(1-methyl-1,2,5,6-tetrahydropyridin-3-yl)-1,2,5-thiadiazole",C14H23N3OS,281.42,,In Stock,Xanomeline,API Impurity Standards,xanomeline,https://pharmavive.com/products/browse/xanomeline/xanomeline,https://res.cloudinary.com/dlkh6unr5/image/upload/v1753722431/products/hfpnahwupy3unjta85ir.png,2025-07-28 17:06:44,2025-07-28 17:07:11,6887ae2463998afe53416402
1058,Xanomeline Impurity 1,PV-X003002,NA,"3-(Hexyloxy)-4-(1-methylpiperidin-3-yl)-1,2,5-thiadiazole",C14H25N3OS,283.4,,In Stock,Xanomeline,API Impurity Standards,xanomeline-impurity-1,https://pharmavive.com/products/browse/xanomeline/xanomeline-impurity-1,https://res.cloudinary.com/dlkh6unr5/image/upload/v1753722451/products/ltxabufd7agoec7jmyug.png,2025-07-28 17:06:46,2025-07-28 17:07:32,6887ae2663998afe5341640a
1059,Xanthanoic Acid (USP),PV-X005001,82-07-5,9H-Xanthene-9-carboxylic acid,C14H10O3,226.2,,In Stock,Xanthone,API Impurity Standards,xanthanoic-acid-usp,https://pharmavive.com/products/browse/xanthone/xanthanoic-acid-usp,https://res.cloudinary.com/dlkh6unr5/image/upload/v1753722563/products/i0daues5hvvkwklvud85.png,2025-07-28 17:08:31,2025-07-28 17:09:24,6887ae8f63998afe53416452
1060,Xanthine,PV-X004000,69-89-6,"3,7-Dihydro-1H-purine-2,6-dione",C5H4N4O2,152.1,,In Stock,Xanthine,API Impurity Standards,xanthine,https://pharmavive.com/products/browse/xanthine/xanthine,https://res.cloudinary.com/dlkh6unr5/image/upload/v1753722492/products/nyh60zslypywkwtbcsg0.png,2025-07-28 17:07:43,2025-07-28 17:08:13,6887ae5f63998afe53416433
1061,Xanthinol,PV-X001000,2530-97-4,"7-[2-hydroxy-3-[2-hydroxyethyl(methyl)amino]propyl]-1,3-dimethylpurine-2,6-dione",C13H21N5O4,311.34,,In Stock,Xanthinol,API Impurity Standards,xanthinol,https://pharmavive.com/products/browse/xanthinol/xanthinol,https://res.cloudinary.com/dlkh6unr5/image/upload/v1753722285/products/vlrcixjeygzdnvdy55qw.png,2025-07-28 17:04:09,2025-07-28 17:04:45,6887ad8963998afe5341639e
1062,Xanthinol Nicotinate,PV-X001001,437-74-1,"7-(2-Hydroxy-3-((2-hydroxyethyl)(methyl)amino)propyl)-1,3-dimethyl-3,7-dihydro-1H-purine-2,6-dione nicotinate",C13H21N5O4 : C6H5NO2,311.3 : 123.1,,In Stock,Xanthinol,API Impurity Standards,xanthinol-nicotinate,https://pharmavive.com/products/browse/xanthinol/xanthinol-nicotinate,https://res.cloudinary.com/dlkh6unr5/image/upload/v1753722297/products/lfac1zb83xvgknt1hcb6.png,2025-07-28 17:04:10,2025-07-28 17:04:57,6887ad8a63998afe534163a2
1063,Xanthone,PV-X005000,90-47-1,9H-Xanthen-9-one,C13H8O2,196.2,,In Stock,Xanthone,API Impurity Standards,xanthone,https://pharmavive.com/products/browse/xanthone/xanthone,https://res.cloudinary.com/dlkh6unr5/image/upload/v1753722550/products/zgcpel9n8w2lfziutvdc.png,2025-07-28 17:08:30,2025-07-28 17:09:11,6887ae8e63998afe5341644e
1064,Xipamide,PV-X002000,14293-44-8,"4-Chloro-N-(2,6-dimethylphenyl)-2-hydroxy-5-sulfamoylbenzamide",C15H15ClN2O4S,354.8,,In Stock,Xipamide,API Impurity Standards,xipamide,https://pharmavive.com/products/browse/xipamide/xipamide,https://res.cloudinary.com/dlkh6unr5/image/upload/v1753722360/products/tkjdevvndjyuyrhqrxxg.png,2025-07-28 17:05:21,2025-07-28 17:06:00,6887add163998afe534163c6
1065,Xipamide Impurity A,PV-X002001,14665-31-7,4-Chloro-5-(chlorosulfonyl)-2-hydroxybenzoic acid,C7H4Cl2O5S,271.1,,In Stock,Xipamide,API Impurity Standards,xipamide-impurity-a,https://pharmavive.com/products/browse/xipamide/xipamide-impurity-a,https://res.cloudinary.com/dlkh6unr5/image/upload/v1753722371/products/bsxuf9jeoidjmyninw85.png,2025-07-28 17:05:22,2025-07-28 17:06:11,6887add263998afe534163ca
1066,Xipamide Impurity B,PV-X002002,14556-98-0,4-Chloro-2-hydroxy-5-sulfamoylbenzoic acid,C7H6ClNO5S,251.6,,In Stock,Xipamide,API Impurity Standards,xipamide-impurity-b,https://pharmavive.com/products/browse/xipamide/xipamide-impurity-b,https://res.cloudinary.com/dlkh6unr5/image/upload/v1753722384/products/aeafil9bx7rrlknpaaea.png,2025-07-28 17:05:23,2025-07-28 17:06:25,6887add363998afe534163ce
1067,Xipamide Impurity C,PV-X002003,5106-98-9,4-Chloro-2-hydroxybenzoic acid,C7H5ClO3,172.6,,In Stock,Xipamide,API Impurity Standards,xipamide-impurity-c,https://pharmavive.com/products/browse/xipamide/xipamide-impurity-c,https://res.cloudinary.com/dlkh6unr5/image/upload/v1753722395/products/aggnjgtraupjickkaduj.png,2025-07-28 17:05:23,2025-07-28 17:06:35,6887add363998afe534163d2
1068,Yohimbine EP Impurity A,PV-Y001001,549-84-8,methyl 17β-hydroxyyohimban-16α-carboxylate (as per EP),C21H26N2O3,354.5,,In Stock,Yohimbine,API Impurity Standards,yohimbine-ep-impurity-a,https://pharmavive.com/products/browse/yohimbine/yohimbine-ep-impurity-a,https://res.cloudinary.com/dlkh6unr5/image/upload/v1753722627/products/ar0mhq7q7iznrncji8qf.png,2025-07-28 17:09:37,2025-07-28 17:10:27,6887aed163998afe53416478
1069,Yohimbine EP Impurity B,PV-Y001002,131-03-3,Methyl 17α-hydroxy-20α-yohimban-16β-carboxylate (as per EP),C21H26N2O3,354.5,,In Stock,Yohimbine,API Impurity Standards,yohimbine-ep-impurity-b,https://pharmavive.com/products/browse/yohimbine/yohimbine-ep-impurity-b,https://res.cloudinary.com/dlkh6unr5/image/upload/v1753722637/products/og3dmylp6cfvmtecgmdo.png,2025-07-28 17:09:38,2025-07-28 17:10:38,6887aed263998afe5341647c
1070,Yohimbine EP Impurity C,PV-Y001003,483-10-3,Methyl 17α-hydroxyyohimban-16β-carboxylate (as per EP),C21H26N2O3,354.5,,In Stock,Yohimbine,API Impurity Standards,yohimbine-ep-impurity-c,https://pharmavive.com/products/browse/yohimbine/yohimbine-ep-impurity-c,https://res.cloudinary.com/dlkh6unr5/image/upload/v1753722648/products/yfhjwdzpzdpr9d4yqtgu.png,2025-07-28 17:09:39,2025-07-28 17:10:48,6887aed363998afe53416480
1071,Yohimbine EP Impurity D,PV-Y001004,84-37-7,Methyl 17α-hydroxy-3β-yohimban-16α-carboxylate  (as per EP),C21H26N2O3,354.5,,In Stock,Yohimbine,API Impurity Standards,yohimbine-ep-impurity-d,https://pharmavive.com/products/browse/yohimbine/yohimbine-ep-impurity-d,https://res.cloudinary.com/dlkh6unr5/image/upload/v1753722659/products/nten5mxs7e6vz7jx0vsr.png,2025-07-28 17:09:39,2025-07-28 17:11:00,6887aed363998afe53416484
1072,Yohimbine EP Impurity E,PV-Y001005,50439-68-4,"Methyl (2Z)-2-[(2S,3R,12bS)-3-ethyl-1,2,3,4,6,7,12,12b-octahydroindolo[2,3-a]quinolizin-2-yl]-3-methoxyprop-2-enoate (as per EP)",C22H28N2O3,368.5,,In Stock,Yohimbine,API Impurity Standards,yohimbine-ep-impurity-e,https://pharmavive.com/products/browse/yohimbine/yohimbine-ep-impurity-e,https://res.cloudinary.com/dlkh6unr5/image/upload/v1753722669/products/bqxtwpberucaqsqkbaoz.png,2025-07-28 17:09:40,2025-07-28 17:11:10,6887aed463998afe53416488
1073,Yohimbine Hydrochloride,PV-Y001000,65-19-0,"Methyl 17α-hydroxyyohimban-16α-carboxylate hydrochloride (as per EP) ; 17α-Hydroxy-20-α-yohimban-16-β-carboxylic acid, methyl ester, hydrochloride (as per USP)",C21H26N2O3 : HCl,354.5 : 36.5,,In Stock,Yohimbine,API Impurity Standards,yohimbine-hydrochloride,https://pharmavive.com/products/browse/yohimbine/yohimbine-hydrochloride,https://res.cloudinary.com/dlkh6unr5/image/upload/v1753722616/products/bykoqfvasbtegh7diq8k.png,2025-07-28 17:09:37,2025-07-28 17:10:17,6887aed163998afe53416474
1074,Zafirlukast,PV-Z001000,107753-78-6,[3-[[2-Methoxy-4-[[[(2-methylphenyl)sulfonyl]amino]carbonyl]phenyl]methyl]-1-methyl-1H-indol-5-yl]carbamic acid cyclopentyl ester,C31H33N3O6S,575.7,,In Stock,Zafirlukast,API Impurity Standards,zafirlukast,https://pharmavive.com/products/browse/zafirlukast/zafirlukast,https://res.cloudinary.com/dlkh6unr5/image/upload/v1753722733/products/xkqnir3zabrj0fzhb8mj.png,2025-07-28 17:11:24,2025-07-28 17:12:14,6887af3c63998afe534164ca
1075,Zafirlukast Impurity 1,PV-Z001008,1160235-24-4,"Dicyclopentyl (3,3'-((2-methoxy-4-((o-tolylsulfonyl)carbamoyl)phenyl)methylene)bis(1-methyl-1H-indole-5,3-diyl))dicarbamate",C46H49N5O8S,832,,In Stock,Zafirlukast,API Impurity Standards,zafirlukast-impurity-1,https://pharmavive.com/products/browse/zafirlukast/zafirlukast-impurity-1,https://res.cloudinary.com/dlkh6unr5/image/upload/v1753722847/products/qabonrvitt7v93hbt462.png,2025-07-28 17:11:30,2025-07-28 17:14:08,6887af4263998afe534164ea
1076,Zafirlukast Impurity 10,PV-Z001017,N/A,4-[Bis-(5-cyclopentyloxy carbonyl amino-1-methyl indol-3-yl)-methyl]-3-methoxy-benzoic acid,C39H42N4O7,678.79,,In Stock,Zafirlukast,API Impurity Standards,zafirlukast-impurity-10,https://pharmavive.com/products/browse/zafirlukast/zafirlukast-impurity-10,https://res.cloudinary.com/dlkh6unr5/image/upload/v1753722960/products/vnmwxgwdaea2ysoeu3ew.png,2025-07-28 17:11:36,2025-07-28 17:16:01,6887af4863998afe5341650e
1077,Zafirlukast Impurity 11,PV-Z001018,N/A,4-[[5-Cyclopentyloxycarbonylamino-2-[(3-methoxy benzoic acid-4-yl)-methyl]-1-methyl indol-3-yl]-methyl]-3- methoxy benzoic acid,C33H34N2O8,586.64,,In Stock,Zafirlukast,API Impurity Standards,zafirlukast-impurity-11,https://pharmavive.com/products/browse/zafirlukast/zafirlukast-impurity-11,https://res.cloudinary.com/dlkh6unr5/image/upload/v1753722972/products/wpxycamo6feznqejuebi.png,2025-07-28 17:11:36,2025-07-28 17:16:12,6887af4863998afe53416512
1078,Zafirlukast Impurity 12,PV-Z001019,N/A,"dimethyl 4,4'-((5-(((cyclopentyloxy)carbonyl)amino)-1-methyl-1H-indole-2,3-diyl)bis(methylene))bis(3-methoxybenzoate)",C35H38N2O8,614.7,,In Stock,Zafirlukast,API Impurity Standards,zafirlukast-impurity-12,https://pharmavive.com/products/browse/zafirlukast/zafirlukast-impurity-12,https://res.cloudinary.com/dlkh6unr5/image/upload/v1753722989/products/usfectbuk1tsjgrkqdsq.png,2025-07-28 17:11:37,2025-07-28 17:16:29,6887af4963998afe53416516
1079,Zafirlukast Impurity 2,PV-Z001009,1160235-26-6,"Cyclopentyl (2,3-bis(2-Methoxy-4-((o-tolylsulfonyl)carbamoyl)benzyl)-1-methyl-1H-indol-5-yl)carbamate",C47H48N4O10S2,893,,In Stock,Zafirlukast,API Impurity Standards,zafirlukast-impurity-2,https://pharmavive.com/products/browse/zafirlukast/zafirlukast-impurity-2,https://res.cloudinary.com/dlkh6unr5/image/upload/v1753722861/products/rlybfoaw4tuzros8kgwg.png,2025-07-28 17:11:30,2025-07-28 17:14:21,6887af4263998afe534164ee
1080,Zafirlukast Impurity 3,PV-Z001010,107754-14-3,Methyl 4-[(5-Amino-1-methylindol-3-yl)methyl]-3-methoxybenzoate,C19H20N2O3,324.4,,In Stock,Zafirlukast,API Impurity Standards,zafirlukast-impurity-3,https://pharmavive.com/products/browse/zafirlukast/zafirlukast-impurity-3,https://res.cloudinary.com/dlkh6unr5/image/upload/v1753722874/products/t5ybs6give3gyfmxynqj.png,2025-07-28 17:11:31,2025-07-28 17:14:34,6887af4363998afe534164f2
1081,Zafirlukast Impurity 4,PV-Z001011,107754-19-8,4-[[5-[[(Cyclopentyloxy)carbonyl]amino]-1-methyl-1H-indol-3-yl]methyl]-3-methoxy-benzoic Acid Methyl Ester,C25H28N2O5,436.5,,In Stock,Zafirlukast,API Impurity Standards,zafirlukast-impurity-4,https://pharmavive.com/products/browse/zafirlukast/zafirlukast-impurity-4,https://res.cloudinary.com/dlkh6unr5/image/upload/v1753722886/products/wmhei3ggcbas7qtuaifh.png,2025-07-28 17:11:32,2025-07-28 17:14:46,6887af4463998afe534164f6
1082,Zafirlukast Impurity 5,PV-Z001012,107754-20-1,4-[[5-[[(Cyclopentyloxy)carbonyl]amino]-1-methyl-1H-indol-3-yl]methyl]-3-methoxybenzoic Acid,C24H26N2O5,422.5,,In Stock,Zafirlukast,API Impurity Standards,zafirlukast-impurity-5,https://pharmavive.com/products/browse/zafirlukast/zafirlukast-impurity-5,https://res.cloudinary.com/dlkh6unr5/image/upload/v1753722898/products/xiso7sfilxzrh2z9j8kd.png,2025-07-28 17:11:32,2025-07-28 17:14:58,6887af4463998afe534164fa
1083,Zafirlukast Impurity 6,PV-Z001013,116-37-0,"1,1'-((propane-2,2-diylbis(4,1-phenylene))bis(oxy))bis(propan-2-ol)",C21H28O4,344.5,,In Stock,Zafirlukast,API Impurity Standards,zafirlukast-impurity-6,https://pharmavive.com/products/browse/zafirlukast/zafirlukast-impurity-6,https://res.cloudinary.com/dlkh6unr5/image/upload/v1753722908/products/aazkxd7wmrelauumij8x.png,2025-07-28 17:11:33,2025-07-28 17:15:09,6887af4563998afe534164fe
1084,Zafirlukast Impurity 7,PV-Z001014,1795185-03-3,Methyl (1-methyl-1H-indol-5-yl)carbamate,C11H12N2O2,204.23,,In Stock,Zafirlukast,API Impurity Standards,zafirlukast-impurity-7,https://pharmavive.com/products/browse/zafirlukast/zafirlukast-impurity-7,https://res.cloudinary.com/dlkh6unr5/image/upload/v1753722921/products/unsaiyxyvl43yffxztf9.png,2025-07-28 17:11:34,2025-07-28 17:15:21,6887af4663998afe53416502
1085,Zafirlukast Impurity 8,PV-Z001015,N/A,4-[Bis-(5-amino-1-methyl indol-3-yl)methyl]-3- methoxy benzoic acid methyl ester,C28H28N4O3,468.56,,In Stock,Zafirlukast,API Impurity Standards,zafirlukast-impurity-8,https://pharmavive.com/products/browse/zafirlukast/zafirlukast-impurity-8,https://res.cloudinary.com/dlkh6unr5/image/upload/v1753722937/products/wpg9ynhszjzm7gjlmz7v.png,2025-07-28 17:11:34,2025-07-28 17:15:37,6887af4663998afe53416506
1086,Zafirlukast Impurity 9,PV-Z001016,N/A,methyl 4-(bis(5-(((cyclopentyloxy)carbonyl)amino)-1-methyl-1H-indol-3-yl)methyl)-3-methoxybenzoate,C40H44N4O7,692.81,,In Stock,Zafirlukast,API Impurity Standards,zafirlukast-impurity-9,https://pharmavive.com/products/browse/zafirlukast/zafirlukast-impurity-9,https://res.cloudinary.com/dlkh6unr5/image/upload/v1753722949/products/pza2bqtkorqd3c60ipyt.png,2025-07-28 17:11:35,2025-07-28 17:15:50,6887af4763998afe5341650a
1087,Zafirlukast Impurity F,PV-Z001006,1160235-28-8,N-[3-[[2-Methoxy-4-[[[3-[[2-methoxy-4-[[[(2-methylphenyl)sulfonyl]amino]carbonyl] phenyl]methyl]-1-methyl-1H-indol-5-yl]amino]carbonyl]phenyl]methyl]-1-methyl-1H-indol-5-yl]carbamic acid cyclopentyl ester,C49H49N5O8S,868,,In Stock,Zafirlukast,API Impurity Standards,zafirlukast-impurity-f,https://pharmavive.com/products/browse/zafirlukast/zafirlukast-impurity-f,https://res.cloudinary.com/dlkh6unr5/image/upload/v1753722820/products/pt75a74rubv7ojmd3z82.png,2025-07-28 17:11:28,2025-07-28 17:13:40,6887af4063998afe534164e2
1088,Zafirlukast Impurity G,PV-Z001007,1391990-94-5,N-[3-[[4-[[Cyclohexyl[(cyclohexylamino)carbonyl]amino]carbonyl]-2-methoxyphenyl] methyl]-1-methyl-1H-indol-5-yl]carbamic acid cyclopentyl ester,C37H48N4O5,628.8,,In Stock,Zafirlukast,API Impurity Standards,zafirlukast-impurity-g,https://pharmavive.com/products/browse/zafirlukast/zafirlukast-impurity-g,https://res.cloudinary.com/dlkh6unr5/image/upload/v1753722833/products/kaofxdnycwnrflbpbsop.png,2025-07-28 17:11:29,2025-07-28 17:13:53,6887af4163998afe534164e6
1089,Zafirlukast Oxidative Dimer,PV-Z001005,N/A,Cyclopentyl (2-((5-(((cyclopentyloxy)carbonyl)amino)-1-methyl-1H-indol-3-yl)(2-methoxy-4-((o-tolylsulfonyl)carbamoyl)phenyl)methyl)-3-(2-methoxy-4-((o-tolylsulfonyl)carbamoyl)benzyl)-1-methyl-1H-indol-5-yl)carbamate,C62H64N6O12S2,1149.3,,In Stock,Zafirlukast,API Impurity Standards,zafirlukast-oxidative-dimer,https://pharmavive.com/products/browse/zafirlukast/zafirlukast-oxidative-dimer,https://res.cloudinary.com/dlkh6unr5/image/upload/v1753722805/products/uu5yzkcqwz4ypd9mwpjp.png,2025-07-28 17:11:28,2025-07-28 17:13:26,6887af4063998afe534164de
1090,Zafirlukast m-Tolyl Isomer,PV-Z001002,1159195-69-3,N-[3-[[2-Methoxy-4-[[[(3-methylphenyl)sulfonyl]amino]carbonyl]phenyl]methyl]-1-methyl-1H-indol-5-yl]carbamic acid cyclopentyl ester,C31H33N3O6S,575.7,,In Stock,Zafirlukast,API Impurity Standards,zafirlukast-m-tolyl-isomer,https://pharmavive.com/products/browse/zafirlukast/zafirlukast-m-tolyl-isomer,https://res.cloudinary.com/dlkh6unr5/image/upload/v1753722760/products/vgt1lq95xuerr3ilc4xj.png,2025-07-28 17:11:26,2025-07-28 17:12:40,6887af3e63998afe534164d2
1091,Zafirlukast p-Tolyl Isomer,PV-Z001003,1159195-70-6,N-[3-[[2-Methoxy-4-[[[(4-methylphenyl)sulfonyl]amino]carbonyl]phenyl]methyl]-1-methyl-1H-indol-5-yl]carbamic acid cyclopentyl este,C31H33N3O6S,575.7,,In Stock,Zafirlukast,API Impurity Standards,zafirlukast-p-tolyl-isomer,https://pharmavive.com/products/browse/zafirlukast/zafirlukast-p-tolyl-isomer,https://res.cloudinary.com/dlkh6unr5/image/upload/v1753722776/products/b9gamptn5l7gxgcuijkn.png,2025-07-28 17:11:26,2025-07-28 17:12:57,6887af3e63998afe534164d6
1092,Zidebactam,PV-Z002000,1436861-97-0,"(1R,2S,5R)-7-oxo-2-(2-((R)-piperidine-3-carbonyl)hydrazine-1-carbonyl)-1,6-diazabicyclo[3.2.1]octan-6-yl hydrogen sulfate",C13H21N5O7S,391.4,,In Stock,Zidebactam,API Impurity Standards,zidebactam,https://pharmavive.com/products/browse/zidebactam/zidebactam,https://res.cloudinary.com/dlkh6unr5/image/upload/v1753723025/products/ops0yfswkkbv3nuzamxt.png,2025-07-28 17:16:41,2025-07-28 17:17:06,6887b07963998afe534165dc
1093,Zofenopril,PV-Z003000,81872-10-8,"(2S,4S)-1-((S)-3-(benzoylthio)-2-methylpropanoyl)-4-(phenylthio)pyrrolidine-2-carboxylic acid",C22H23NO4S2,429.5,,In Stock,Zofenopril,API Impurity Standards,zofenopril,https://pharmavive.com/products/browse/zofenopril/zofenopril,https://res.cloudinary.com/dlkh6unr5/image/upload/v1753723075/products/dhgecgjcvssjmxrgke0u.png,2025-07-28 17:17:15,2025-07-28 17:17:55,6887b09b63998afe53416603
1094,Zofenopril Impurity 1,PV-Z003002,72679-02-8,(S)-3-(benzoylthio)-2-methylpropanoic acid,C11H12O3S,224.3,,In Stock,Zofenopril,API Impurity Standards,zofenopril-impurity-1,https://pharmavive.com/products/browse/zofenopril/zofenopril-impurity-1,https://res.cloudinary.com/dlkh6unr5/image/upload/v1753723096/products/gttbvhkxnr6er9lhsfam.png,2025-07-28 17:17:17,2025-07-28 17:18:17,6887b09d63998afe53416611
1095,Zofenopril Impurity 2,PV-Z003003,105107-84-4,"(2S,4S)-4-(phenylthio)pyrrolidine-2-carboxylic acid hydrochloride",C11H13NO2S : HCl,223.3 : 36.5,,In Stock,Zofenopril,API Impurity Standards,zofenopril-impurity-2,https://pharmavive.com/products/browse/zofenopril/zofenopril-impurity-2,https://res.cloudinary.com/dlkh6unr5/image/upload/v1753723106/products/zykxbgol1lo5mprwrmgo.png,2025-07-28 17:17:17,2025-07-28 17:18:26,6887b09d63998afe53416617
1096,Zofenopril Impurity 3,PV-Z003004,75176-34-0,"1-Benzyl 2-methyl (2S,4S)-4-(phenylthio)pyrrolidine-1,2-dicarboxylate",C20H21NO4S,371.5,,In Stock,Zofenopril,API Impurity Standards,zofenopril-impurity-3,https://pharmavive.com/products/browse/zofenopril/zofenopril-impurity-3,https://res.cloudinary.com/dlkh6unr5/image/upload/v1753723116/products/phwzmuv3r2xni1fdhahp.png,2025-07-28 17:17:18,2025-07-28 17:18:37,6887b09e63998afe5341661e
1097,Zofenopril Impurity 4,PV-Z003005,57653-38-0,"1-Benzyl 2-methyl (2S,4R)-4-(tosyloxy)pyrrolidine-1,2-dicarboxylate",C21H23NO7S,433.5,,In Stock,Zofenopril,API Impurity Standards,zofenopril-impurity-4,https://pharmavive.com/products/browse/zofenopril/zofenopril-impurity-4,https://res.cloudinary.com/dlkh6unr5/image/upload/v1753723126/products/jdtv1wtlfabr409fcvyl.png,2025-07-28 17:17:19,2025-07-28 17:18:47,6887b09f63998afe53416623
1098,Zofenopril Impurity 5,PV-Z003006,88043-21-4,"1-(Tert-butyl) 2-methyl (2S,4R)-4-(tosyloxy)pyrrolidine-1,2-dicarboxylate",C18H25NO7S,399.5,,In Stock,Zofenopril,API Impurity Standards,zofenopril-impurity-5,https://pharmavive.com/products/browse/zofenopril/zofenopril-impurity-5,https://res.cloudinary.com/dlkh6unr5/image/upload/v1753723136/products/jozcto56dmjyrug8k1rr.png,2025-07-28 17:17:19,2025-07-28 17:18:56,6887b09f63998afe53416627
1099,Zofenopril Potassium,PV-Z003001,81938-42-3,"Potassium (2S,4S)-1-((S)-3-(benzoylthio)-2-methylpropanoyl)-4-(phenylthio)pyrrolidine-2-carboxylate",C22H22NO4S2 : K,428.5 : 39.1,,In Stock,Zofenopril,API Impurity Standards,zofenopril-potassium,https://pharmavive.com/products/browse/zofenopril/zofenopril-potassium,https://res.cloudinary.com/dlkh6unr5/image/upload/v1753723086/products/awbjgc1iypsi9z0cg1ms.png,2025-07-28 17:17:16,2025-07-28 17:18:07,6887b09c63998afe53416609
1100,Zofenopril R-Isomer,PV-Z003008,NA,"(2R,4S)-1-((S)-3-(benzoylthio)-2-methylpropanoyl)-4-(phenylthio)pyrrolidine-2-carboxylic acid",C22H23NO4S2,429.5,,In Stock,Zofenopril,API Impurity Standards,zofenopril-r-isomer,https://pharmavive.com/products/browse/zofenopril/zofenopril-r-isomer,https://res.cloudinary.com/dlkh6unr5/image/upload/v1753723157/products/egbll9uustg45nfjcfdg.png,2025-07-28 17:17:21,2025-07-28 17:19:18,6887b0a163998afe5341662f
1101,Zofenopril Recemix mixture,PV-Z003009,NA,(4S)-(2S)-3-Benzoylthio-2-methylpropionyl- 4 (phenylthio)-L-proline Potassium salt,C22H22KNO4S2,467.64,,In Stock,Zofenopril,API Impurity Standards,zofenopril-recemix-mixture,https://pharmavive.com/products/browse/zofenopril/zofenopril-recemix-mixture,https://res.cloudinary.com/dlkh6unr5/image/upload/v1753723167/products/sw7w1cd1labk8illh3a4.png,2025-07-28 17:17:21,2025-07-28 17:19:27,6887b0a163998afe53416633
1102,Zofenopril-D5,PV-Z003007,NA,"(2S,4S)-1-((S)-3-(Benzoylthio)-2-methylpropanoyl)-4-((phenyl-d5)thio)pyrrolidine-2-carboxylic acid",C22H18D5NO4S2,434.6,,In Stock,Zofenopril,API Impurity Standards,zofenopril-d5,https://pharmavive.com/products/browse/zofenopril/zofenopril-d5,https://res.cloudinary.com/dlkh6unr5/image/upload/v1753723146/products/dvehfo6lfwvcwkxtkz5m.png,2025-07-28 17:17:20,2025-07-28 17:19:06,6887b0a063998afe5341662b
1103,Zoxamide,PV-Z004000,156052-68-5,"3,5-Dichloro-N-(1-chloro-3-methyl-2-oxopentan-3-yl)-4-methylbenzamide",C14H16Cl3NO2,336.6,,In Stock,Zoxamide,API Impurity Standards,zoxamide,https://pharmavive.com/products/browse/zoxamide/zoxamide,https://res.cloudinary.com/dlkh6unr5/image/upload/v1753723210/products/hmqclqqbzlrfsrz6cbvk.png,2025-07-28 17:19:39,2025-07-28 17:20:11,6887b12b63998afe5341668d
1104,Zuclopenthixol Decanoate Dihydrochloride,PV-Z005000,1448876-93-4,2-[4-[3-[(9Z)-2-Chloro-9H-thioxanthen-9-ylidene]propyl]piperazin-1-yl]ethyl decanoate dihydrochloride (as per EP),C32H43ClN2O2S : 2(HCl),555.2 : 2(36.5),,In Stock,Zuclopenthixol Decanoate,API Impurity Standards,zuclopenthixol-decanoate-dihydrochloride,https://pharmavive.com/products/browse/zuclopenthixol-decanoate/zuclopenthixol-decanoate-dihydrochloride,https://res.cloudinary.com/dlkh6unr5/image/upload/v1753723251/products/g4psqqnj0pqdqf9bp1du.png,2025-07-28 17:20:21,2025-07-28 17:20:52,6887b15563998afe534166a8
1105,Zuclopenthixol Decanoate EP Impurity A,PV-Z005001,55501-05-8,2-[4-[3-[(9E)-2-chloro-9H-thioxanthen-9-ylidene]propyl]piperazin-1-yl]ethyl decanoate (as per EP),C32H43ClN2O2S,555.2,,In Stock,Zuclopenthixol Decanoate,API Impurity Standards,zuclopenthixol-decanoate-ep-impurity-a,https://pharmavive.com/products/browse/zuclopenthixol-decanoate/zuclopenthixol-decanoate-ep-impurity-a,https://res.cloudinary.com/dlkh6unr5/image/upload/v1753723261/products/dgypwhr66h8otqignix4.png,2025-07-28 17:20:22,2025-07-28 17:21:01,6887b15663998afe534166ac
1106,Zuclopenthixol Decanoate EP Impurity B,PV-Z005002,86-39-5,2-Chloro-9H-thioxanthen-9-one (as per EP),C13H7ClOS,246.7,,In Stock,Zuclopenthixol Decanoate,API Impurity Standards,zuclopenthixol-decanoate-ep-impurity-b,https://pharmavive.com/products/browse/zuclopenthixol-decanoate/zuclopenthixol-decanoate-ep-impurity-b,https://res.cloudinary.com/dlkh6unr5/image/upload/v1753723277/products/zv4kvyc66wce6pnsjgdh.png,2025-07-28 17:20:23,2025-07-28 17:21:17,6887b15763998afe534166b0
1107,Zuclopenthixol Decanoate EP Impurity C,PV-Z005003,53772-83-1,2-[4-[3-[(9Z)-2-chloro-9H-thioxanthen-9-ylidene]propyl]piperazin-1-yl]ethanol (as per EP),C22H25ClN2OS,401,,In Stock,Zuclopenthixol Decanoate,API Impurity Standards,zuclopenthixol-decanoate-ep-impurity-c,https://pharmavive.com/products/browse/zuclopenthixol-decanoate/zuclopenthixol-decanoate-ep-impurity-c,https://res.cloudinary.com/dlkh6unr5/image/upload/v1753723287/products/sk8fxwdpnjnsffk6gnbm.png,2025-07-28 17:20:24,2025-07-28 17:21:28,6887b15863998afe534166b4
1108,p-Hydroxy Urapidil,PV-U003002,88733-12-4,"6-[[3-[4-(4-Hydroxy-2-methoxyphenyl)-1-piperazinyl]propyl]amino]-1,3-dimethyl-2,4(1H,3H)-pyrimidinedione",C20H29N5O4,403.5,,In Stock,Urapidil,API Impurity Standards,p-hydroxy-urapidil,https://pharmavive.com/products/browse/urapidil/p-hydroxy-urapidil,https://res.cloudinary.com/dlkh6unr5/image/upload/v1753718321/products/tk94yzwgf7dpjuqavdkg.png,2025-07-28 15:57:48,2025-07-28 15:58:41,68879dfc63998afe53415ef9
1109,"rac 4,5-Dehydro Pregabalin",PV-P006015,216576-74-8,3-(aminomethyl)-5-methylhex-4-enoic acid,C8H15NO2,157.2,,In Stock,Pregabalin,API Impurity Standards,rac-45-dehydro-pregabalin,https://pharmavive.com/products/browse/pregabalin/rac-45-dehydro-pregabalin,https://res.cloudinary.com/dlkh6unr5/image/upload/v1753458423/products/qlodabx5kuvtceec7mov.png,2025-07-25 15:41:46,2025-07-25 15:47:03,6883a5ba63998afe5341512e
1110,rac-3-Des Hydroxy Atorvastatin,PV-A005010,NA,(RS)-7-(2-(4-Fluorophenyl)-5-isopropyl-3-phenyl-4-(phenylcarbamoyl)-1H-pyrrol-1-yl)-5-hydroxyheptanoic Acid,C33H35FN2O4,542.64,,In Stock,Atorvastatin,API Impurity Standards,rac-3-des-hydroxy-atorvastatin,https://pharmavive.com/products/browse/atorvastatin/rac-3-des-hydroxy-atorvastatin,https://res.cloudinary.com/dlkh6unr5/image/upload/v1750865672/products/zw0wskfeh7wjlf2hgcmy.png,2025-06-25 14:56:01,2025-06-25 15:34:33,685c0e01dcb914594fdd1237
1111,"rac-5,6-Dehydropregabalin",PV-P006014,1136478-30-2,3-(aminomethyl)-5-methylhex-5-enoic acid,C8H15NO2,157.2,,In Stock,Pregabalin,API Impurity Standards,rac-56-dehydropregabalin,https://pharmavive.com/products/browse/pregabalin/rac-56-dehydropregabalin,https://res.cloudinary.com/dlkh6unr5/image/upload/v1753458409/products/iahqp3pizq47nrbizhwa.png,2025-07-25 15:41:45,2025-07-25 15:46:50,6883a5b963998afe5341512a
1112,rac-Pregabalin,PV-P006003,128013-69-4,3-(aminomethyl)-5-methylhexanoic acid,C8H17NO2,159.2,,In Stock,Pregabalin,API Impurity Standards,rac-pregabalin,https://pharmavive.com/products/browse/pregabalin/rac-pregabalin,https://res.cloudinary.com/dlkh6unr5/image/upload/v1753458229/products/vvxgkdih7ekxexangyzl.png,2025-07-25 15:41:38,2025-07-25 15:43:49,6883a5b263998afe534150fe
1113,rac-Silodosin,PV-S005004,160970-64-9,"1-(3-hydroxypropyl)-5-(2-((2-(2-(2,2,2-trifluoroethoxy)phenoxy)ethyl)amino)propyl)indoline-7-carboxamide",C25H32F3N3O4,495.5,,In Stock,Silodosin,API Impurity Standards,rac-silodosin,https://pharmavive.com/products/browse/silodosin/rac-silodosin,https://res.cloudinary.com/dlkh6unr5/image/upload/v1753714099/products/bcrh2ev5xazt3h7wfshy.png,2025-07-28 14:45:42,2025-07-28 14:48:19,68878d1663998afe534157c7
1114,"α,2,4-Trichloroacetophenone",PV-I006004,4252-78-2,"2,2',4'-Trichloroacetophenone",C8H5Cl3O,223.5,,In Stock,Isoconazole,API Impurity Standards,a24-trichloroacetophenone,https://pharmavive.com/products/browse/isoconazole/a24-trichloroacetophenone,https://res.cloudinary.com/dlkh6unr5/image/upload/v1753371835/products/zr9udiafiqd3grcn7qlu.png,2025-07-24 15:41:47,2025-07-24 15:43:56,6882543b63998afe5341421b